/*M!999999\- enable the sandbox mode */ 
-- MariaDB dump 10.19  Distrib 10.11.10-MariaDB, for debian-linux-gnu (x86_64)
--
-- Host: localhost    Database: keycloak
-- ------------------------------------------------------
-- Server version	10.11.10-MariaDB-ubu2204

/*!40101 SET @OLD_CHARACTER_SET_CLIENT=@@CHARACTER_SET_CLIENT */;
/*!40101 SET @OLD_CHARACTER_SET_RESULTS=@@CHARACTER_SET_RESULTS */;
/*!40101 SET @OLD_COLLATION_CONNECTION=@@COLLATION_CONNECTION */;
/*!40101 SET NAMES utf8mb4 */;
/*!40103 SET @OLD_TIME_ZONE=@@TIME_ZONE */;
/*!40103 SET TIME_ZONE='+00:00' */;
/*!40014 SET @OLD_UNIQUE_CHECKS=@@UNIQUE_CHECKS, UNIQUE_CHECKS=0 */;
/*!40014 SET @OLD_FOREIGN_KEY_CHECKS=@@FOREIGN_KEY_CHECKS, FOREIGN_KEY_CHECKS=0 */;
/*!40101 SET @OLD_SQL_MODE=@@SQL_MODE, SQL_MODE='NO_AUTO_VALUE_ON_ZERO' */;
/*!40111 SET @OLD_SQL_NOTES=@@SQL_NOTES, SQL_NOTES=0 */;

--
-- Table structure for table `ADMIN_EVENT_ENTITY`
--

DROP TABLE IF EXISTS `ADMIN_EVENT_ENTITY`;
/*!40101 SET @saved_cs_client     = @@character_set_client */;
/*!40101 SET character_set_client = utf8 */;
CREATE TABLE `ADMIN_EVENT_ENTITY` (
  `ID` varchar(36) NOT NULL,
  `ADMIN_EVENT_TIME` bigint(20) DEFAULT NULL,
  `REALM_ID` varchar(255) DEFAULT NULL,
  `OPERATION_TYPE` varchar(255) DEFAULT NULL,
  `AUTH_REALM_ID` varchar(255) DEFAULT NULL,
  `AUTH_CLIENT_ID` varchar(255) DEFAULT NULL,
  `AUTH_USER_ID` varchar(255) DEFAULT NULL,
  `IP_ADDRESS` varchar(255) DEFAULT NULL,
  `RESOURCE_PATH` text DEFAULT NULL,
  `REPRESENTATION` text DEFAULT NULL,
  `ERROR` varchar(255) DEFAULT NULL,
  `RESOURCE_TYPE` varchar(64) DEFAULT NULL,
  `DETAILS_JSON` longtext CHARACTER SET utf8mb3 COLLATE utf8mb3_general_ci DEFAULT NULL,
  PRIMARY KEY (`ID`),
  KEY `IDX_ADMIN_EVENT_TIME` (`REALM_ID`,`ADMIN_EVENT_TIME`)
) ENGINE=InnoDB DEFAULT CHARSET=utf8mb3 COLLATE=utf8mb3_unicode_ci;
/*!40101 SET character_set_client = @saved_cs_client */;

--
-- Dumping data for table `ADMIN_EVENT_ENTITY`
--

LOCK TABLES `ADMIN_EVENT_ENTITY` WRITE;
/*!40000 ALTER TABLE `ADMIN_EVENT_ENTITY` DISABLE KEYS */;
/*!40000 ALTER TABLE `ADMIN_EVENT_ENTITY` ENABLE KEYS */;
UNLOCK TABLES;

--
-- Table structure for table `ASSOCIATED_POLICY`
--

DROP TABLE IF EXISTS `ASSOCIATED_POLICY`;
/*!40101 SET @saved_cs_client     = @@character_set_client */;
/*!40101 SET character_set_client = utf8 */;
CREATE TABLE `ASSOCIATED_POLICY` (
  `POLICY_ID` varchar(36) NOT NULL,
  `ASSOCIATED_POLICY_ID` varchar(36) NOT NULL,
  PRIMARY KEY (`POLICY_ID`,`ASSOCIATED_POLICY_ID`),
  KEY `IDX_ASSOC_POL_ASSOC_POL_ID` (`ASSOCIATED_POLICY_ID`),
  CONSTRAINT `FK_FRSR5S213XCX4WNKOG82SSRFY` FOREIGN KEY (`ASSOCIATED_POLICY_ID`) REFERENCES `RESOURCE_SERVER_POLICY` (`ID`),
  CONSTRAINT `FK_FRSRPAS14XCX4WNKOG82SSRFY` FOREIGN KEY (`POLICY_ID`) REFERENCES `RESOURCE_SERVER_POLICY` (`ID`)
) ENGINE=InnoDB DEFAULT CHARSET=utf8mb3 COLLATE=utf8mb3_unicode_ci;
/*!40101 SET character_set_client = @saved_cs_client */;

--
-- Dumping data for table `ASSOCIATED_POLICY`
--

LOCK TABLES `ASSOCIATED_POLICY` WRITE;
/*!40000 ALTER TABLE `ASSOCIATED_POLICY` DISABLE KEYS */;
/*!40000 ALTER TABLE `ASSOCIATED_POLICY` ENABLE KEYS */;
UNLOCK TABLES;

--
-- Table structure for table `AUTHENTICATION_EXECUTION`
--

DROP TABLE IF EXISTS `AUTHENTICATION_EXECUTION`;
/*!40101 SET @saved_cs_client     = @@character_set_client */;
/*!40101 SET character_set_client = utf8 */;
CREATE TABLE `AUTHENTICATION_EXECUTION` (
  `ID` varchar(36) NOT NULL,
  `ALIAS` varchar(255) DEFAULT NULL,
  `AUTHENTICATOR` varchar(36) DEFAULT NULL,
  `REALM_ID` varchar(36) DEFAULT NULL,
  `FLOW_ID` varchar(36) DEFAULT NULL,
  `REQUIREMENT` int(11) DEFAULT NULL,
  `PRIORITY` int(11) DEFAULT NULL,
  `AUTHENTICATOR_FLOW` tinyint(1) NOT NULL DEFAULT 0,
  `AUTH_FLOW_ID` varchar(36) DEFAULT NULL,
  `AUTH_CONFIG` varchar(36) DEFAULT NULL,
  PRIMARY KEY (`ID`),
  KEY `IDX_AUTH_EXEC_REALM_FLOW` (`REALM_ID`,`FLOW_ID`),
  KEY `IDX_AUTH_EXEC_FLOW` (`FLOW_ID`),
  CONSTRAINT `FK_AUTH_EXEC_FLOW` FOREIGN KEY (`FLOW_ID`) REFERENCES `AUTHENTICATION_FLOW` (`ID`),
  CONSTRAINT `FK_AUTH_EXEC_REALM` FOREIGN KEY (`REALM_ID`) REFERENCES `REALM` (`ID`)
) ENGINE=InnoDB DEFAULT CHARSET=utf8mb3 COLLATE=utf8mb3_unicode_ci;
/*!40101 SET character_set_client = @saved_cs_client */;

--
-- Dumping data for table `AUTHENTICATION_EXECUTION`
--

LOCK TABLES `AUTHENTICATION_EXECUTION` WRITE;
/*!40000 ALTER TABLE `AUTHENTICATION_EXECUTION` DISABLE KEYS */;
INSERT INTO `AUTHENTICATION_EXECUTION` VALUES
('01f98ac8-3c2d-4073-a92b-5ea99a2cfac6',NULL,'reset-credentials-choose-user','4b357d97-725f-455d-a69c-4ec10fc47ccd','7a233d75-223f-48cc-9184-6683e2835e0d',0,10,0,NULL,NULL),
('0741eaaf-1351-4b66-a757-ba6d246ad37e',NULL,'idp-add-organization-member','ef7f0780-7b02-40a8-adc9-27a5d400be72','de21fb2c-f7dc-4863-9e51-dae34c318efb',0,20,0,NULL,NULL),
('082ca52a-6ba2-47b1-90f9-912fc57f475b',NULL,NULL,'4b357d97-725f-455d-a69c-4ec10fc47ccd','7a233d75-223f-48cc-9184-6683e2835e0d',1,40,1,'2a1795f4-324d-4b71-911c-26ece1824ee8',NULL),
('0bb4812c-e7a9-4677-b838-1082aa3e03ac',NULL,'auth-spnego','4b357d97-725f-455d-a69c-4ec10fc47ccd','a8bd44de-2940-4472-baca-5911afcdd894',3,20,0,NULL,NULL),
('0e74db1c-9922-4274-9a48-9f0d74d09795',NULL,'reset-password','4b357d97-725f-455d-a69c-4ec10fc47ccd','7a233d75-223f-48cc-9184-6683e2835e0d',0,30,0,NULL,NULL),
('1001295b-155f-4d05-a320-56703b12c6c0',NULL,NULL,'4b357d97-725f-455d-a69c-4ec10fc47ccd','a8bd44de-2940-4472-baca-5911afcdd894',2,30,1,'cbe3a821-9114-405d-9c13-b690e008ee9c',NULL),
('11f060c7-3201-490a-899b-38a834551355',NULL,'registration-password-action','ef7f0780-7b02-40a8-adc9-27a5d400be72','32c0a4b4-d6e3-4b63-a6e5-5e224744229d',0,50,0,NULL,NULL),
('12496d14-5ce8-4dce-b3a9-404acbd797ce',NULL,NULL,'4b357d97-725f-455d-a69c-4ec10fc47ccd','3f27ad4d-df11-4277-b34c-509d2489d1af',1,20,1,'45e5113c-9774-4a68-880e-9bce088acad7',NULL),
('13bb10e6-e3b4-4c12-9749-19d3c3818597',NULL,'conditional-user-configured','ef7f0780-7b02-40a8-adc9-27a5d400be72','062010de-7a50-4a1d-80e1-2706b12a2d9b',0,10,0,NULL,NULL),
('13dacdf5-36d0-4234-9c59-214bc767095e',NULL,'idp-email-verification','ef7f0780-7b02-40a8-adc9-27a5d400be72','455277e0-e594-4bfc-8c17-d2e80cb75e22',2,10,0,NULL,NULL),
('147c84fe-9a38-4c41-b21f-7648cb15c4bd',NULL,'direct-grant-validate-password','4b357d97-725f-455d-a69c-4ec10fc47ccd','ba815172-df2c-4269-9561-7e50d101f612',0,20,0,NULL,NULL),
('1cd4829e-4cc5-4f80-ba03-0e979bb15717',NULL,NULL,'ef7f0780-7b02-40a8-adc9-27a5d400be72','6ce2e766-59db-469b-84b0-f0c2858f7424',1,30,1,'438c09e3-5176-46ed-8ba2-4d8309329013',NULL),
('20b4f94b-f000-47fa-829a-5af28b02cdcf',NULL,'conditional-user-configured','4b357d97-725f-455d-a69c-4ec10fc47ccd','2a1795f4-324d-4b71-911c-26ece1824ee8',0,10,0,NULL,NULL),
('21707045-548a-4728-8841-8ea294880dca',NULL,'idp-create-user-if-unique','4b357d97-725f-455d-a69c-4ec10fc47ccd','d667fafe-661f-4959-802b-9f74561bf08c',2,10,0,NULL,'c5642f5d-ea0e-4694-8294-63e376d77822'),
('2183fffc-663a-497e-a748-d366866f53bf',NULL,'client-secret-jwt','ef7f0780-7b02-40a8-adc9-27a5d400be72','b815ab4d-21e3-49e9-aacb-61a965f47860',2,30,0,NULL,NULL),
('2e52a040-10e9-41c9-9099-074b2ee64245',NULL,'idp-create-user-if-unique','ef7f0780-7b02-40a8-adc9-27a5d400be72','6850e750-ed08-4a88-b6ba-f3b1ac015011',2,10,0,NULL,'325f162f-4638-41f3-99cc-e8cdd5ae62ea'),
('30372e83-ff59-4fd8-ba5a-b6e3e490b223',NULL,NULL,'ef7f0780-7b02-40a8-adc9-27a5d400be72','17da5472-2432-45f9-b715-5c5ec02f4612',1,50,1,'de21fb2c-f7dc-4863-9e51-dae34c318efb',NULL),
('32d22475-55c2-4369-8c63-16c4a14154b1',NULL,'registration-user-creation','ef7f0780-7b02-40a8-adc9-27a5d400be72','32c0a4b4-d6e3-4b63-a6e5-5e224744229d',0,20,0,NULL,NULL),
('37a96718-b4f2-4222-ad39-d757651fc2c2',NULL,'client-secret','4b357d97-725f-455d-a69c-4ec10fc47ccd','a8eb6ee9-ffd6-4293-a804-f3220dc78a2f',2,10,0,NULL,NULL),
('3ae8792d-a6e9-49d8-890c-5ddfc809e78b',NULL,'http-basic-authenticator','4b357d97-725f-455d-a69c-4ec10fc47ccd','4bccf749-6bbc-4e51-94a4-c888f0e68c36',0,10,0,NULL,NULL),
('3eb15843-a15e-4597-8e8e-17c2ff08c052',NULL,'reset-otp','ef7f0780-7b02-40a8-adc9-27a5d400be72','b93dcc0c-4e07-43b8-97cb-45fe878f26ed',0,20,0,NULL,NULL),
('3f51ff8f-d67a-4eff-a6ef-d5172875c8ec',NULL,'auth-username-password-form','4b357d97-725f-455d-a69c-4ec10fc47ccd','cbe3a821-9114-405d-9c13-b690e008ee9c',0,10,0,NULL,NULL),
('4145a365-fdf5-445f-afde-33596767df64',NULL,'conditional-user-configured','4b357d97-725f-455d-a69c-4ec10fc47ccd','68dc2036-7bc2-4c8d-83a2-fd9cacb7ded2',0,10,0,NULL,NULL),
('41e148a7-1ab5-4444-a3eb-ecdc4413aaba',NULL,'http-basic-authenticator','ef7f0780-7b02-40a8-adc9-27a5d400be72','a5f08af6-d596-4828-9d1c-92238bea11fe',0,10,0,NULL,NULL),
('4517dfd2-e2ad-4c5f-897f-2ebcb23ca72f',NULL,'direct-grant-validate-username','4b357d97-725f-455d-a69c-4ec10fc47ccd','ba815172-df2c-4269-9561-7e50d101f612',0,10,0,NULL,NULL),
('49d77a0b-8fde-464c-a571-c892171bdd43',NULL,'reset-password','ef7f0780-7b02-40a8-adc9-27a5d400be72','2f923d38-ed7b-414b-8ebb-1040e058f041',0,30,0,NULL,NULL),
('4b8273c5-6952-4691-a578-f86f3e104c5f',NULL,'docker-http-basic-authenticator','ef7f0780-7b02-40a8-adc9-27a5d400be72','61ad2429-18c8-42bb-9ed3-f72794d5a34f',0,10,0,NULL,NULL),
('53764704-0d21-4a3f-9e77-3383c16ace0b',NULL,'conditional-user-configured','ef7f0780-7b02-40a8-adc9-27a5d400be72','de21fb2c-f7dc-4863-9e51-dae34c318efb',0,10,0,NULL,NULL),
('5a72bac9-77ee-4518-9fe0-1d3d3e583e01',NULL,NULL,'ef7f0780-7b02-40a8-adc9-27a5d400be72','2f923d38-ed7b-414b-8ebb-1040e058f041',1,40,1,'b93dcc0c-4e07-43b8-97cb-45fe878f26ed',NULL),
('656af77d-aa47-476b-ac6d-88b01b0d41e7',NULL,'client-jwt','4b357d97-725f-455d-a69c-4ec10fc47ccd','a8eb6ee9-ffd6-4293-a804-f3220dc78a2f',2,20,0,NULL,NULL),
('67d78da9-d41a-45b2-9379-0292f1cb125f',NULL,'idp-confirm-link','4b357d97-725f-455d-a69c-4ec10fc47ccd','1acb13a4-a95e-4cde-96b0-e43727e03a0e',0,10,0,NULL,NULL),
('691c3313-99bf-473c-85ab-825df302321c',NULL,'direct-grant-validate-otp','ef7f0780-7b02-40a8-adc9-27a5d400be72','438c09e3-5176-46ed-8ba2-4d8309329013',0,20,0,NULL,NULL),
('6b70b6bb-afab-45f9-abf2-68a4aaf63faf',NULL,'direct-grant-validate-otp','4b357d97-725f-455d-a69c-4ec10fc47ccd','5c7d292f-8129-484d-b7f9-5d57e23d96bd',0,20,0,NULL,NULL),
('6b9e5da8-64ac-41bc-8af8-24b55d3592ea',NULL,'registration-terms-and-conditions','ef7f0780-7b02-40a8-adc9-27a5d400be72','32c0a4b4-d6e3-4b63-a6e5-5e224744229d',3,70,0,NULL,NULL),
('6dec4aea-e43a-423f-903f-56e32a104b00',NULL,NULL,'4b357d97-725f-455d-a69c-4ec10fc47ccd','cbe3a821-9114-405d-9c13-b690e008ee9c',1,20,1,'68dc2036-7bc2-4c8d-83a2-fd9cacb7ded2',NULL),
('712cbfe5-3f72-4392-be44-0f72952de987',NULL,'auth-cookie','ef7f0780-7b02-40a8-adc9-27a5d400be72','8a4cddbd-4f2d-4416-8be6-1917cbfb6db4',2,10,0,NULL,NULL),
('72a3efed-6e2f-4c6c-9a32-d398a8cdc32e',NULL,'docker-http-basic-authenticator','4b357d97-725f-455d-a69c-4ec10fc47ccd','08db61ba-4cdf-40af-ba71-cecf59670174',0,10,0,NULL,NULL),
('72bffe67-314a-47d4-af60-596e35a5e197',NULL,NULL,'4b357d97-725f-455d-a69c-4ec10fc47ccd','01c04adf-1c8c-42c4-8616-eafd55810537',0,20,1,'d667fafe-661f-4959-802b-9f74561bf08c',NULL),
('734e2243-c92e-4596-a4af-cc3b2b5d134a',NULL,NULL,'ef7f0780-7b02-40a8-adc9-27a5d400be72','56758590-82a4-44a0-82f8-2372391132fc',1,10,1,'5371aee1-af04-4e58-9319-1682b19dfd13',NULL),
('76487779-feb3-479d-b1c1-b8b54ac20b8b',NULL,'identity-provider-redirector','4b357d97-725f-455d-a69c-4ec10fc47ccd','a8bd44de-2940-4472-baca-5911afcdd894',2,25,0,NULL,NULL),
('7ca15f8e-313f-4d56-8935-c2537975f7b7',NULL,'client-jwt','ef7f0780-7b02-40a8-adc9-27a5d400be72','b815ab4d-21e3-49e9-aacb-61a965f47860',2,20,0,NULL,NULL),
('7ce22f25-e287-48b0-b952-ecc8b7dfb953',NULL,NULL,'4b357d97-725f-455d-a69c-4ec10fc47ccd','1acb13a4-a95e-4cde-96b0-e43727e03a0e',0,20,1,'b25777a8-4122-4ac3-9916-27f9c058ca60',NULL),
('7e3f755e-721e-45e2-ae21-73acb61016c7',NULL,'idp-username-password-form','4b357d97-725f-455d-a69c-4ec10fc47ccd','3f27ad4d-df11-4277-b34c-509d2489d1af',0,10,0,NULL,NULL),
('80952cd4-49ea-4c99-b802-f0f3baf5b8db',NULL,'auth-username-password-form','ef7f0780-7b02-40a8-adc9-27a5d400be72','06391ae6-6d5c-4be5-be9c-fea18ec6d4ae',0,10,0,NULL,NULL),
('837a49f9-9163-4745-8af3-96a9ecd1bb65',NULL,'direct-grant-validate-password','ef7f0780-7b02-40a8-adc9-27a5d400be72','6ce2e766-59db-469b-84b0-f0c2858f7424',0,20,0,NULL,NULL),
('89943e2e-a9a9-4afb-a5c0-1d477b79c187',NULL,'conditional-user-configured','ef7f0780-7b02-40a8-adc9-27a5d400be72','5371aee1-af04-4e58-9319-1682b19dfd13',0,10,0,NULL,NULL),
('89b72c04-a55d-4df6-ac5a-8954f0245c7d',NULL,'registration-page-form','ef7f0780-7b02-40a8-adc9-27a5d400be72','c9e13a99-0bef-493d-b589-796b3ac8b4a8',0,10,1,'32c0a4b4-d6e3-4b63-a6e5-5e224744229d',NULL),
('8a8d077b-45bc-4965-859e-4fe7bb7d90b2',NULL,'registration-user-creation','4b357d97-725f-455d-a69c-4ec10fc47ccd','12ec8bc1-1ef4-4219-9b46-2ff921fc11db',0,20,0,NULL,NULL),
('8d2adb42-1c56-4bab-b03f-298622b01aae',NULL,'registration-recaptcha-action','4b357d97-725f-455d-a69c-4ec10fc47ccd','12ec8bc1-1ef4-4219-9b46-2ff921fc11db',3,60,0,NULL,NULL),
('8e316685-786f-4c7a-9b3d-b708ba029af6',NULL,NULL,'ef7f0780-7b02-40a8-adc9-27a5d400be72','06391ae6-6d5c-4be5-be9c-fea18ec6d4ae',1,20,1,'71d76360-3531-4a7e-9a5a-7ac28b63142b',NULL),
('935b79a9-146c-400d-8ed4-e0a75bb0905b',NULL,'auth-spnego','ef7f0780-7b02-40a8-adc9-27a5d400be72','8a4cddbd-4f2d-4416-8be6-1917cbfb6db4',3,20,0,NULL,NULL),
('93ae748d-78ac-48d3-8b1b-655acad8bc4a',NULL,'reset-credential-email','4b357d97-725f-455d-a69c-4ec10fc47ccd','7a233d75-223f-48cc-9184-6683e2835e0d',0,20,0,NULL,NULL),
('961bc7ac-bb2b-423c-8409-ea41217bb936',NULL,'registration-password-action','4b357d97-725f-455d-a69c-4ec10fc47ccd','12ec8bc1-1ef4-4219-9b46-2ff921fc11db',0,50,0,NULL,NULL),
('9cf112f3-5a0c-4f93-88eb-613137048e02',NULL,'idp-review-profile','ef7f0780-7b02-40a8-adc9-27a5d400be72','17da5472-2432-45f9-b715-5c5ec02f4612',0,10,0,NULL,'d525fa35-6176-4de6-b199-9ee1c6711215'),
('a068ad71-8618-41c7-bfd4-61ee6afaafd2',NULL,NULL,'ef7f0780-7b02-40a8-adc9-27a5d400be72','8a4cddbd-4f2d-4416-8be6-1917cbfb6db4',2,30,1,'06391ae6-6d5c-4be5-be9c-fea18ec6d4ae',NULL),
('a08eab74-cdc3-4486-bfbb-75321ac2e9d0',NULL,'idp-review-profile','4b357d97-725f-455d-a69c-4ec10fc47ccd','01c04adf-1c8c-42c4-8616-eafd55810537',0,10,0,NULL,'afdfa933-0513-4aae-be67-6a65e8997267'),
('a0db3591-eb24-4a36-bab4-e8955df528d1',NULL,'conditional-user-configured','4b357d97-725f-455d-a69c-4ec10fc47ccd','45e5113c-9774-4a68-880e-9bce088acad7',0,10,0,NULL,NULL),
('a26ee582-3e3e-4fa7-ba51-265564ada34e',NULL,NULL,'4b357d97-725f-455d-a69c-4ec10fc47ccd','b25777a8-4122-4ac3-9916-27f9c058ca60',2,20,1,'3f27ad4d-df11-4277-b34c-509d2489d1af',NULL),
('a3c6113e-13c3-49d6-bdb1-6ccf3aaa87ba',NULL,'conditional-user-configured','4b357d97-725f-455d-a69c-4ec10fc47ccd','5c7d292f-8129-484d-b7f9-5d57e23d96bd',0,10,0,NULL,NULL),
('a506da37-1f43-4077-bf92-8d17fce5d707',NULL,'organization','ef7f0780-7b02-40a8-adc9-27a5d400be72','5371aee1-af04-4e58-9319-1682b19dfd13',2,20,0,NULL,NULL),
('a53ccc2c-05bd-428f-a63b-0f8eb1339f75',NULL,'conditional-user-configured','ef7f0780-7b02-40a8-adc9-27a5d400be72','b93dcc0c-4e07-43b8-97cb-45fe878f26ed',0,10,0,NULL,NULL),
('aa3c311d-818e-4605-addf-b3390645a647',NULL,NULL,'ef7f0780-7b02-40a8-adc9-27a5d400be72','6850e750-ed08-4a88-b6ba-f3b1ac015011',2,20,1,'16352a53-b358-441d-9b62-6ba9805e55da',NULL),
('aecca01d-b661-40c5-96b2-cb71919f3c23',NULL,'auth-otp-form','ef7f0780-7b02-40a8-adc9-27a5d400be72','71d76360-3531-4a7e-9a5a-7ac28b63142b',0,20,0,NULL,NULL),
('b36c62b8-ad9d-43d9-98e0-17e3a3c1c7aa',NULL,NULL,'ef7f0780-7b02-40a8-adc9-27a5d400be72','8a4cddbd-4f2d-4416-8be6-1917cbfb6db4',2,26,1,'56758590-82a4-44a0-82f8-2372391132fc',NULL),
('b6e73954-c062-4526-82df-e07267d56e86',NULL,'identity-provider-redirector','ef7f0780-7b02-40a8-adc9-27a5d400be72','8a4cddbd-4f2d-4416-8be6-1917cbfb6db4',2,25,0,NULL,NULL),
('bbda323f-d655-481a-a62e-d117c79920d0',NULL,'conditional-user-configured','ef7f0780-7b02-40a8-adc9-27a5d400be72','438c09e3-5176-46ed-8ba2-4d8309329013',0,10,0,NULL,NULL),
('be4afd2a-0226-4dfe-b0a5-081af624f369',NULL,'registration-page-form','4b357d97-725f-455d-a69c-4ec10fc47ccd','7efe1b0b-e1a1-4a5f-8b9a-326235fe2cba',0,10,1,'12ec8bc1-1ef4-4219-9b46-2ff921fc11db',NULL),
('c327ab9f-79ed-47a4-b212-aca8b7f75330',NULL,'auth-otp-form','4b357d97-725f-455d-a69c-4ec10fc47ccd','68dc2036-7bc2-4c8d-83a2-fd9cacb7ded2',0,20,0,NULL,NULL),
('ccd3a592-ee34-4381-950d-40bccac99810',NULL,NULL,'ef7f0780-7b02-40a8-adc9-27a5d400be72','9ac40f99-8636-401d-83e2-e763b16cbcfb',1,20,1,'062010de-7a50-4a1d-80e1-2706b12a2d9b',NULL),
('ce4ea7a8-dcec-47bc-bb5f-4c1d0dad9478',NULL,'auth-otp-form','4b357d97-725f-455d-a69c-4ec10fc47ccd','45e5113c-9774-4a68-880e-9bce088acad7',0,20,0,NULL,NULL),
('cf0158f1-1889-4474-b83e-217399c5ef92',NULL,'registration-terms-and-conditions','4b357d97-725f-455d-a69c-4ec10fc47ccd','12ec8bc1-1ef4-4219-9b46-2ff921fc11db',3,70,0,NULL,NULL),
('d152dbc1-c116-424d-89c5-0f3857dea487',NULL,NULL,'4b357d97-725f-455d-a69c-4ec10fc47ccd','ba815172-df2c-4269-9561-7e50d101f612',1,30,1,'5c7d292f-8129-484d-b7f9-5d57e23d96bd',NULL),
('d18d1bb4-efc4-4701-b90e-401755da73d1',NULL,'idp-confirm-link','ef7f0780-7b02-40a8-adc9-27a5d400be72','16352a53-b358-441d-9b62-6ba9805e55da',0,10,0,NULL,NULL),
('d2caa726-bb3f-424a-a2e4-9e0000d39b0a',NULL,'client-x509','4b357d97-725f-455d-a69c-4ec10fc47ccd','a8eb6ee9-ffd6-4293-a804-f3220dc78a2f',2,40,0,NULL,NULL),
('d3853a24-3dd0-419c-b9b1-6160af1491be',NULL,NULL,'ef7f0780-7b02-40a8-adc9-27a5d400be72','455277e0-e594-4bfc-8c17-d2e80cb75e22',2,20,1,'9ac40f99-8636-401d-83e2-e763b16cbcfb',NULL),
('d3e1f57a-eb0f-424c-a679-a99151a0a4be',NULL,'idp-username-password-form','ef7f0780-7b02-40a8-adc9-27a5d400be72','9ac40f99-8636-401d-83e2-e763b16cbcfb',0,10,0,NULL,NULL),
('d452ba25-9e9a-4142-a143-31c1f0feb5db',NULL,'registration-recaptcha-action','ef7f0780-7b02-40a8-adc9-27a5d400be72','32c0a4b4-d6e3-4b63-a6e5-5e224744229d',3,60,0,NULL,NULL),
('e0ca931c-fe06-4607-9cc3-58ce27ee2bec',NULL,'client-secret','ef7f0780-7b02-40a8-adc9-27a5d400be72','b815ab4d-21e3-49e9-aacb-61a965f47860',2,10,0,NULL,NULL),
('e36a751d-2df9-4a9c-9b27-fc44dc0e9e1f',NULL,'reset-credential-email','ef7f0780-7b02-40a8-adc9-27a5d400be72','2f923d38-ed7b-414b-8ebb-1040e058f041',0,20,0,NULL,NULL),
('e5bac2f0-b660-41b5-9641-572ccd9ec4de',NULL,'reset-otp','4b357d97-725f-455d-a69c-4ec10fc47ccd','2a1795f4-324d-4b71-911c-26ece1824ee8',0,20,0,NULL,NULL),
('e6dca322-026d-4f1e-b525-b61cbb6a13f2',NULL,'reset-credentials-choose-user','ef7f0780-7b02-40a8-adc9-27a5d400be72','2f923d38-ed7b-414b-8ebb-1040e058f041',0,10,0,NULL,NULL),
('e7936380-598f-4845-a61a-3395ba29867e',NULL,'client-x509','ef7f0780-7b02-40a8-adc9-27a5d400be72','b815ab4d-21e3-49e9-aacb-61a965f47860',2,40,0,NULL,NULL),
('e823b8d4-c75f-497e-8d85-941fc2121095',NULL,NULL,'ef7f0780-7b02-40a8-adc9-27a5d400be72','17da5472-2432-45f9-b715-5c5ec02f4612',0,20,1,'6850e750-ed08-4a88-b6ba-f3b1ac015011',NULL),
('ed02c1ff-970e-4a2c-8dd3-dc6112b1eebc',NULL,'client-secret-jwt','4b357d97-725f-455d-a69c-4ec10fc47ccd','a8eb6ee9-ffd6-4293-a804-f3220dc78a2f',2,30,0,NULL,NULL),
('ed29888b-fb0c-429f-a7d9-a44d1194bc26',NULL,'auth-otp-form','ef7f0780-7b02-40a8-adc9-27a5d400be72','062010de-7a50-4a1d-80e1-2706b12a2d9b',0,20,0,NULL,NULL),
('fb3c94d5-808f-4954-a07b-ba33acec7fea',NULL,'auth-cookie','4b357d97-725f-455d-a69c-4ec10fc47ccd','a8bd44de-2940-4472-baca-5911afcdd894',2,10,0,NULL,NULL),
('fd486c1e-ddc9-454d-8afb-07b6b98849c1',NULL,'conditional-user-configured','ef7f0780-7b02-40a8-adc9-27a5d400be72','71d76360-3531-4a7e-9a5a-7ac28b63142b',0,10,0,NULL,NULL),
('fd71e26a-b0eb-4a8c-83f2-7858bfd0d191',NULL,NULL,'4b357d97-725f-455d-a69c-4ec10fc47ccd','d667fafe-661f-4959-802b-9f74561bf08c',2,20,1,'1acb13a4-a95e-4cde-96b0-e43727e03a0e',NULL),
('fd71f6fb-2599-4014-844e-440371aeda7f',NULL,'direct-grant-validate-username','ef7f0780-7b02-40a8-adc9-27a5d400be72','6ce2e766-59db-469b-84b0-f0c2858f7424',0,10,0,NULL,NULL),
('fe64afc3-aeb7-4181-890d-9712c56f3d28',NULL,NULL,'ef7f0780-7b02-40a8-adc9-27a5d400be72','16352a53-b358-441d-9b62-6ba9805e55da',0,20,1,'455277e0-e594-4bfc-8c17-d2e80cb75e22',NULL),
('ffbf51f7-e9ad-4fd1-adf5-6b8fe98ac741',NULL,'idp-email-verification','4b357d97-725f-455d-a69c-4ec10fc47ccd','b25777a8-4122-4ac3-9916-27f9c058ca60',2,10,0,NULL,NULL);
/*!40000 ALTER TABLE `AUTHENTICATION_EXECUTION` ENABLE KEYS */;
UNLOCK TABLES;

--
-- Table structure for table `AUTHENTICATION_FLOW`
--

DROP TABLE IF EXISTS `AUTHENTICATION_FLOW`;
/*!40101 SET @saved_cs_client     = @@character_set_client */;
/*!40101 SET character_set_client = utf8 */;
CREATE TABLE `AUTHENTICATION_FLOW` (
  `ID` varchar(36) NOT NULL,
  `ALIAS` varchar(255) DEFAULT NULL,
  `DESCRIPTION` varchar(255) CHARACTER SET utf8mb3 COLLATE utf8mb3_general_ci DEFAULT NULL,
  `REALM_ID` varchar(36) DEFAULT NULL,
  `PROVIDER_ID` varchar(36) NOT NULL DEFAULT 'basic-flow',
  `TOP_LEVEL` tinyint(1) NOT NULL DEFAULT 0,
  `BUILT_IN` tinyint(1) NOT NULL DEFAULT 0,
  PRIMARY KEY (`ID`),
  KEY `IDX_AUTH_FLOW_REALM` (`REALM_ID`),
  CONSTRAINT `FK_AUTH_FLOW_REALM` FOREIGN KEY (`REALM_ID`) REFERENCES `REALM` (`ID`)
) ENGINE=InnoDB DEFAULT CHARSET=utf8mb3 COLLATE=utf8mb3_unicode_ci;
/*!40101 SET character_set_client = @saved_cs_client */;

--
-- Dumping data for table `AUTHENTICATION_FLOW`
--

LOCK TABLES `AUTHENTICATION_FLOW` WRITE;
/*!40000 ALTER TABLE `AUTHENTICATION_FLOW` DISABLE KEYS */;
INSERT INTO `AUTHENTICATION_FLOW` VALUES
('01c04adf-1c8c-42c4-8616-eafd55810537','first broker login','Actions taken after first broker login with identity provider account, which is not yet linked to any Keycloak account','4b357d97-725f-455d-a69c-4ec10fc47ccd','basic-flow',1,1),
('062010de-7a50-4a1d-80e1-2706b12a2d9b','First broker login - Conditional OTP','Flow to determine if the OTP is required for the authentication','ef7f0780-7b02-40a8-adc9-27a5d400be72','basic-flow',0,1),
('06391ae6-6d5c-4be5-be9c-fea18ec6d4ae','forms','Username, password, otp and other auth forms.','ef7f0780-7b02-40a8-adc9-27a5d400be72','basic-flow',0,1),
('08db61ba-4cdf-40af-ba71-cecf59670174','docker auth','Used by Docker clients to authenticate against the IDP','4b357d97-725f-455d-a69c-4ec10fc47ccd','basic-flow',1,1),
('12ec8bc1-1ef4-4219-9b46-2ff921fc11db','registration form','Registration form','4b357d97-725f-455d-a69c-4ec10fc47ccd','form-flow',0,1),
('16352a53-b358-441d-9b62-6ba9805e55da','Handle Existing Account','Handle what to do if there is existing account with same email/username like authenticated identity provider','ef7f0780-7b02-40a8-adc9-27a5d400be72','basic-flow',0,1),
('17da5472-2432-45f9-b715-5c5ec02f4612','first broker login','Actions taken after first broker login with identity provider account, which is not yet linked to any Keycloak account','ef7f0780-7b02-40a8-adc9-27a5d400be72','basic-flow',1,1),
('1acb13a4-a95e-4cde-96b0-e43727e03a0e','Handle Existing Account','Handle what to do if there is existing account with same email/username like authenticated identity provider','4b357d97-725f-455d-a69c-4ec10fc47ccd','basic-flow',0,1),
('2a1795f4-324d-4b71-911c-26ece1824ee8','Reset - Conditional OTP','Flow to determine if the OTP should be reset or not. Set to REQUIRED to force.','4b357d97-725f-455d-a69c-4ec10fc47ccd','basic-flow',0,1),
('2f923d38-ed7b-414b-8ebb-1040e058f041','reset credentials','Reset credentials for a user if they forgot their password or something','ef7f0780-7b02-40a8-adc9-27a5d400be72','basic-flow',1,1),
('32c0a4b4-d6e3-4b63-a6e5-5e224744229d','registration form','Registration form','ef7f0780-7b02-40a8-adc9-27a5d400be72','form-flow',0,1),
('3f27ad4d-df11-4277-b34c-509d2489d1af','Verify Existing Account by Re-authentication','Reauthentication of existing account','4b357d97-725f-455d-a69c-4ec10fc47ccd','basic-flow',0,1),
('438c09e3-5176-46ed-8ba2-4d8309329013','Direct Grant - Conditional OTP','Flow to determine if the OTP is required for the authentication','ef7f0780-7b02-40a8-adc9-27a5d400be72','basic-flow',0,1),
('455277e0-e594-4bfc-8c17-d2e80cb75e22','Account verification options','Method with which to verity the existing account','ef7f0780-7b02-40a8-adc9-27a5d400be72','basic-flow',0,1),
('45e5113c-9774-4a68-880e-9bce088acad7','First broker login - Conditional OTP','Flow to determine if the OTP is required for the authentication','4b357d97-725f-455d-a69c-4ec10fc47ccd','basic-flow',0,1),
('4bccf749-6bbc-4e51-94a4-c888f0e68c36','saml ecp','SAML ECP Profile Authentication Flow','4b357d97-725f-455d-a69c-4ec10fc47ccd','basic-flow',1,1),
('5371aee1-af04-4e58-9319-1682b19dfd13','Browser - Conditional Organization','Flow to determine if the organization identity-first login is to be used','ef7f0780-7b02-40a8-adc9-27a5d400be72','basic-flow',0,1),
('56758590-82a4-44a0-82f8-2372391132fc','Organization',NULL,'ef7f0780-7b02-40a8-adc9-27a5d400be72','basic-flow',0,1),
('5c7d292f-8129-484d-b7f9-5d57e23d96bd','Direct Grant - Conditional OTP','Flow to determine if the OTP is required for the authentication','4b357d97-725f-455d-a69c-4ec10fc47ccd','basic-flow',0,1),
('61ad2429-18c8-42bb-9ed3-f72794d5a34f','docker auth','Used by Docker clients to authenticate against the IDP','ef7f0780-7b02-40a8-adc9-27a5d400be72','basic-flow',1,1),
('6850e750-ed08-4a88-b6ba-f3b1ac015011','User creation or linking','Flow for the existing/non-existing user alternatives','ef7f0780-7b02-40a8-adc9-27a5d400be72','basic-flow',0,1),
('68dc2036-7bc2-4c8d-83a2-fd9cacb7ded2','Browser - Conditional OTP','Flow to determine if the OTP is required for the authentication','4b357d97-725f-455d-a69c-4ec10fc47ccd','basic-flow',0,1),
('6ce2e766-59db-469b-84b0-f0c2858f7424','direct grant','OpenID Connect Resource Owner Grant','ef7f0780-7b02-40a8-adc9-27a5d400be72','basic-flow',1,1),
('71d76360-3531-4a7e-9a5a-7ac28b63142b','Browser - Conditional OTP','Flow to determine if the OTP is required for the authentication','ef7f0780-7b02-40a8-adc9-27a5d400be72','basic-flow',0,1),
('7a233d75-223f-48cc-9184-6683e2835e0d','reset credentials','Reset credentials for a user if they forgot their password or something','4b357d97-725f-455d-a69c-4ec10fc47ccd','basic-flow',1,1),
('7efe1b0b-e1a1-4a5f-8b9a-326235fe2cba','registration','Registration flow','4b357d97-725f-455d-a69c-4ec10fc47ccd','basic-flow',1,1),
('8a4cddbd-4f2d-4416-8be6-1917cbfb6db4','browser','Browser based authentication','ef7f0780-7b02-40a8-adc9-27a5d400be72','basic-flow',1,1),
('9ac40f99-8636-401d-83e2-e763b16cbcfb','Verify Existing Account by Re-authentication','Reauthentication of existing account','ef7f0780-7b02-40a8-adc9-27a5d400be72','basic-flow',0,1),
('a5f08af6-d596-4828-9d1c-92238bea11fe','saml ecp','SAML ECP Profile Authentication Flow','ef7f0780-7b02-40a8-adc9-27a5d400be72','basic-flow',1,1),
('a8bd44de-2940-4472-baca-5911afcdd894','browser','Browser based authentication','4b357d97-725f-455d-a69c-4ec10fc47ccd','basic-flow',1,1),
('a8eb6ee9-ffd6-4293-a804-f3220dc78a2f','clients','Base authentication for clients','4b357d97-725f-455d-a69c-4ec10fc47ccd','client-flow',1,1),
('b25777a8-4122-4ac3-9916-27f9c058ca60','Account verification options','Method with which to verity the existing account','4b357d97-725f-455d-a69c-4ec10fc47ccd','basic-flow',0,1),
('b815ab4d-21e3-49e9-aacb-61a965f47860','clients','Base authentication for clients','ef7f0780-7b02-40a8-adc9-27a5d400be72','client-flow',1,1),
('b93dcc0c-4e07-43b8-97cb-45fe878f26ed','Reset - Conditional OTP','Flow to determine if the OTP should be reset or not. Set to REQUIRED to force.','ef7f0780-7b02-40a8-adc9-27a5d400be72','basic-flow',0,1),
('ba815172-df2c-4269-9561-7e50d101f612','direct grant','OpenID Connect Resource Owner Grant','4b357d97-725f-455d-a69c-4ec10fc47ccd','basic-flow',1,1),
('c9e13a99-0bef-493d-b589-796b3ac8b4a8','registration','Registration flow','ef7f0780-7b02-40a8-adc9-27a5d400be72','basic-flow',1,1),
('cbe3a821-9114-405d-9c13-b690e008ee9c','forms','Username, password, otp and other auth forms.','4b357d97-725f-455d-a69c-4ec10fc47ccd','basic-flow',0,1),
('d667fafe-661f-4959-802b-9f74561bf08c','User creation or linking','Flow for the existing/non-existing user alternatives','4b357d97-725f-455d-a69c-4ec10fc47ccd','basic-flow',0,1),
('de21fb2c-f7dc-4863-9e51-dae34c318efb','First Broker Login - Conditional Organization','Flow to determine if the authenticator that adds organization members is to be used','ef7f0780-7b02-40a8-adc9-27a5d400be72','basic-flow',0,1);
/*!40000 ALTER TABLE `AUTHENTICATION_FLOW` ENABLE KEYS */;
UNLOCK TABLES;

--
-- Table structure for table `AUTHENTICATOR_CONFIG`
--

DROP TABLE IF EXISTS `AUTHENTICATOR_CONFIG`;
/*!40101 SET @saved_cs_client     = @@character_set_client */;
/*!40101 SET character_set_client = utf8 */;
CREATE TABLE `AUTHENTICATOR_CONFIG` (
  `ID` varchar(36) NOT NULL,
  `ALIAS` varchar(255) DEFAULT NULL,
  `REALM_ID` varchar(36) DEFAULT NULL,
  PRIMARY KEY (`ID`),
  KEY `IDX_AUTH_CONFIG_REALM` (`REALM_ID`),
  CONSTRAINT `FK_AUTH_REALM` FOREIGN KEY (`REALM_ID`) REFERENCES `REALM` (`ID`)
) ENGINE=InnoDB DEFAULT CHARSET=utf8mb3 COLLATE=utf8mb3_unicode_ci;
/*!40101 SET character_set_client = @saved_cs_client */;

--
-- Dumping data for table `AUTHENTICATOR_CONFIG`
--

LOCK TABLES `AUTHENTICATOR_CONFIG` WRITE;
/*!40000 ALTER TABLE `AUTHENTICATOR_CONFIG` DISABLE KEYS */;
INSERT INTO `AUTHENTICATOR_CONFIG` VALUES
('325f162f-4638-41f3-99cc-e8cdd5ae62ea','create unique user config','ef7f0780-7b02-40a8-adc9-27a5d400be72'),
('afdfa933-0513-4aae-be67-6a65e8997267','review profile config','4b357d97-725f-455d-a69c-4ec10fc47ccd'),
('c5642f5d-ea0e-4694-8294-63e376d77822','create unique user config','4b357d97-725f-455d-a69c-4ec10fc47ccd'),
('d525fa35-6176-4de6-b199-9ee1c6711215','review profile config','ef7f0780-7b02-40a8-adc9-27a5d400be72');
/*!40000 ALTER TABLE `AUTHENTICATOR_CONFIG` ENABLE KEYS */;
UNLOCK TABLES;

--
-- Table structure for table `AUTHENTICATOR_CONFIG_ENTRY`
--

DROP TABLE IF EXISTS `AUTHENTICATOR_CONFIG_ENTRY`;
/*!40101 SET @saved_cs_client     = @@character_set_client */;
/*!40101 SET character_set_client = utf8 */;
CREATE TABLE `AUTHENTICATOR_CONFIG_ENTRY` (
  `AUTHENTICATOR_ID` varchar(36) NOT NULL,
  `VALUE` longtext DEFAULT NULL,
  `NAME` varchar(255) NOT NULL,
  PRIMARY KEY (`AUTHENTICATOR_ID`,`NAME`)
) ENGINE=InnoDB DEFAULT CHARSET=utf8mb3 COLLATE=utf8mb3_unicode_ci;
/*!40101 SET character_set_client = @saved_cs_client */;

--
-- Dumping data for table `AUTHENTICATOR_CONFIG_ENTRY`
--

LOCK TABLES `AUTHENTICATOR_CONFIG_ENTRY` WRITE;
/*!40000 ALTER TABLE `AUTHENTICATOR_CONFIG_ENTRY` DISABLE KEYS */;
INSERT INTO `AUTHENTICATOR_CONFIG_ENTRY` VALUES
('325f162f-4638-41f3-99cc-e8cdd5ae62ea','false','require.password.update.after.registration'),
('afdfa933-0513-4aae-be67-6a65e8997267','missing','update.profile.on.first.login'),
('c5642f5d-ea0e-4694-8294-63e376d77822','false','require.password.update.after.registration'),
('d525fa35-6176-4de6-b199-9ee1c6711215','missing','update.profile.on.first.login');
/*!40000 ALTER TABLE `AUTHENTICATOR_CONFIG_ENTRY` ENABLE KEYS */;
UNLOCK TABLES;

--
-- Table structure for table `BROKER_LINK`
--

DROP TABLE IF EXISTS `BROKER_LINK`;
/*!40101 SET @saved_cs_client     = @@character_set_client */;
/*!40101 SET character_set_client = utf8 */;
CREATE TABLE `BROKER_LINK` (
  `IDENTITY_PROVIDER` varchar(255) NOT NULL,
  `STORAGE_PROVIDER_ID` varchar(255) DEFAULT NULL,
  `REALM_ID` varchar(36) NOT NULL,
  `BROKER_USER_ID` varchar(255) DEFAULT NULL,
  `BROKER_USERNAME` varchar(255) DEFAULT NULL,
  `TOKEN` text DEFAULT NULL,
  `USER_ID` varchar(255) NOT NULL,
  PRIMARY KEY (`IDENTITY_PROVIDER`,`USER_ID`)
) ENGINE=InnoDB DEFAULT CHARSET=utf8mb3 COLLATE=utf8mb3_unicode_ci;
/*!40101 SET character_set_client = @saved_cs_client */;

--
-- Dumping data for table `BROKER_LINK`
--

LOCK TABLES `BROKER_LINK` WRITE;
/*!40000 ALTER TABLE `BROKER_LINK` DISABLE KEYS */;
/*!40000 ALTER TABLE `BROKER_LINK` ENABLE KEYS */;
UNLOCK TABLES;

--
-- Table structure for table `CLIENT`
--

DROP TABLE IF EXISTS `CLIENT`;
/*!40101 SET @saved_cs_client     = @@character_set_client */;
/*!40101 SET character_set_client = utf8 */;
CREATE TABLE `CLIENT` (
  `ID` varchar(36) NOT NULL,
  `ENABLED` tinyint(1) NOT NULL DEFAULT 0,
  `FULL_SCOPE_ALLOWED` tinyint(1) NOT NULL DEFAULT 0,
  `CLIENT_ID` varchar(255) DEFAULT NULL,
  `NOT_BEFORE` int(11) DEFAULT NULL,
  `PUBLIC_CLIENT` tinyint(1) NOT NULL DEFAULT 0,
  `SECRET` varchar(255) DEFAULT NULL,
  `BASE_URL` varchar(255) DEFAULT NULL,
  `BEARER_ONLY` tinyint(1) NOT NULL DEFAULT 0,
  `MANAGEMENT_URL` varchar(255) DEFAULT NULL,
  `SURROGATE_AUTH_REQUIRED` tinyint(1) NOT NULL DEFAULT 0,
  `REALM_ID` varchar(36) DEFAULT NULL,
  `PROTOCOL` varchar(255) DEFAULT NULL,
  `NODE_REREG_TIMEOUT` int(11) DEFAULT 0,
  `FRONTCHANNEL_LOGOUT` tinyint(1) NOT NULL DEFAULT 0,
  `CONSENT_REQUIRED` tinyint(1) NOT NULL DEFAULT 0,
  `NAME` varchar(255) CHARACTER SET utf8mb3 COLLATE utf8mb3_general_ci DEFAULT NULL,
  `SERVICE_ACCOUNTS_ENABLED` tinyint(1) NOT NULL DEFAULT 0,
  `CLIENT_AUTHENTICATOR_TYPE` varchar(255) DEFAULT NULL,
  `ROOT_URL` varchar(255) DEFAULT NULL,
  `DESCRIPTION` varchar(255) CHARACTER SET utf8mb3 COLLATE utf8mb3_general_ci DEFAULT NULL,
  `REGISTRATION_TOKEN` varchar(255) DEFAULT NULL,
  `STANDARD_FLOW_ENABLED` tinyint(1) NOT NULL DEFAULT 1,
  `IMPLICIT_FLOW_ENABLED` tinyint(1) NOT NULL DEFAULT 0,
  `DIRECT_ACCESS_GRANTS_ENABLED` tinyint(1) NOT NULL DEFAULT 0,
  `ALWAYS_DISPLAY_IN_CONSOLE` tinyint(1) NOT NULL DEFAULT 0,
  PRIMARY KEY (`ID`),
  UNIQUE KEY `UK_B71CJLBENV945RB6GCON438AT` (`REALM_ID`,`CLIENT_ID`),
  KEY `IDX_CLIENT_ID` (`CLIENT_ID`)
) ENGINE=InnoDB DEFAULT CHARSET=utf8mb3 COLLATE=utf8mb3_unicode_ci;
/*!40101 SET character_set_client = @saved_cs_client */;

--
-- Dumping data for table `CLIENT`
--

LOCK TABLES `CLIENT` WRITE;
/*!40000 ALTER TABLE `CLIENT` DISABLE KEYS */;
INSERT INTO `CLIENT` VALUES
('20b29d46-708a-4516-a58a-8b370ba4d215',1,0,'account',0,1,NULL,'/realms/HPC-Cluster/account/',0,NULL,0,'ef7f0780-7b02-40a8-adc9-27a5d400be72','openid-connect',0,0,0,'${client_account}',0,'client-secret','${authBaseUrl}',NULL,NULL,1,0,0,0),
('28a040c7-c316-46d3-a473-1026fa7f8168',1,1,'security-admin-console',0,1,NULL,'/admin/HPC-Cluster/console/',0,NULL,0,'ef7f0780-7b02-40a8-adc9-27a5d400be72','openid-connect',0,0,0,'${client_security-admin-console}',0,'client-secret','${authAdminUrl}',NULL,NULL,1,0,0,0),
('421ee220-93d8-45fe-aecb-5e2cfbb1b924',1,0,'account',0,1,NULL,'/realms/master/account/',0,NULL,0,'4b357d97-725f-455d-a69c-4ec10fc47ccd','openid-connect',0,0,0,'${client_account}',0,'client-secret','${authBaseUrl}',NULL,NULL,1,0,0,0),
('49b12d96-7260-406d-9d53-1482db7935a3',1,1,'admin-cli',0,1,NULL,NULL,0,NULL,0,'4b357d97-725f-455d-a69c-4ec10fc47ccd','openid-connect',0,0,0,'${client_admin-cli}',0,'client-secret',NULL,NULL,NULL,0,0,1,0),
('65a7c5c1-6757-417f-ade3-3bf2dda257ca',1,0,'broker',0,0,NULL,NULL,1,NULL,0,'ef7f0780-7b02-40a8-adc9-27a5d400be72','openid-connect',0,0,0,'${client_broker}',0,'client-secret',NULL,NULL,NULL,1,0,0,0),
('6697b6a3-054a-47cb-b67c-927960c231be',1,0,'master-realm',0,0,NULL,NULL,1,NULL,0,'4b357d97-725f-455d-a69c-4ec10fc47ccd',NULL,0,0,0,'master Realm',0,'client-secret',NULL,NULL,NULL,1,0,0,0),
('7d00e0ba-0d89-48a1-bc8d-45f08845e768',1,1,'admin-cli',0,1,NULL,NULL,0,NULL,0,'ef7f0780-7b02-40a8-adc9-27a5d400be72','openid-connect',0,0,0,'${client_admin-cli}',0,'client-secret',NULL,NULL,NULL,0,0,1,0),
('92548590-ee34-4b37-9951-25e49311ba24',1,1,'OpenOnDemand',0,0,'M6F7fVyJvVOK84Zve18mrsRxwhbWP7uf','',0,'',0,'ef7f0780-7b02-40a8-adc9-27a5d400be72','openid-connect',-1,1,0,'Open On Demand',1,'client-secret','','',NULL,1,0,0,0),
('9ce13e38-7d3e-43b5-a05a-639f0262a878',1,0,'HPC-Cluster-realm',0,0,NULL,NULL,1,NULL,0,'4b357d97-725f-455d-a69c-4ec10fc47ccd',NULL,0,0,0,'HPC-Cluster Realm',0,'client-secret',NULL,NULL,NULL,1,0,0,0),
('b99f5ca5-96fb-4d8f-9de4-1304df9f7505',1,1,'security-admin-console',0,1,NULL,'/admin/master/console/',0,NULL,0,'4b357d97-725f-455d-a69c-4ec10fc47ccd','openid-connect',0,0,0,'${client_security-admin-console}',0,'client-secret','${authAdminUrl}',NULL,NULL,1,0,0,0),
('c744b425-9717-4c46-812e-c10fec7501d4',1,0,'account-console',0,1,NULL,'/realms/HPC-Cluster/account/',0,NULL,0,'ef7f0780-7b02-40a8-adc9-27a5d400be72','openid-connect',0,0,0,'${client_account-console}',0,'client-secret','${authBaseUrl}',NULL,NULL,1,0,0,0),
('dd07457e-1f12-4501-a3c0-90767e740e24',1,0,'realm-management',0,0,NULL,NULL,1,NULL,0,'ef7f0780-7b02-40a8-adc9-27a5d400be72','openid-connect',0,0,0,'${client_realm-management}',0,'client-secret',NULL,NULL,NULL,1,0,0,0),
('e51f8d72-05be-42d3-91ed-95a0ba13f72e',1,0,'broker',0,0,NULL,NULL,1,NULL,0,'4b357d97-725f-455d-a69c-4ec10fc47ccd','openid-connect',0,0,0,'${client_broker}',0,'client-secret',NULL,NULL,NULL,1,0,0,0),
('fa329ca7-51dd-493f-ad1a-9771f9ba5583',1,0,'account-console',0,1,NULL,'/realms/master/account/',0,NULL,0,'4b357d97-725f-455d-a69c-4ec10fc47ccd','openid-connect',0,0,0,'${client_account-console}',0,'client-secret','${authBaseUrl}',NULL,NULL,1,0,0,0);
/*!40000 ALTER TABLE `CLIENT` ENABLE KEYS */;
UNLOCK TABLES;

--
-- Table structure for table `CLIENT_ATTRIBUTES`
--

DROP TABLE IF EXISTS `CLIENT_ATTRIBUTES`;
/*!40101 SET @saved_cs_client     = @@character_set_client */;
/*!40101 SET character_set_client = utf8 */;
CREATE TABLE `CLIENT_ATTRIBUTES` (
  `CLIENT_ID` varchar(36) NOT NULL,
  `NAME` varchar(255) NOT NULL,
  `VALUE` longtext CHARACTER SET utf8mb3 COLLATE utf8mb3_general_ci DEFAULT NULL,
  PRIMARY KEY (`CLIENT_ID`,`NAME`),
  KEY `IDX_CLIENT_ATT_BY_NAME_VALUE` (`NAME`,`VALUE`(255)),
  CONSTRAINT `FK3C47C64BEACCA966` FOREIGN KEY (`CLIENT_ID`) REFERENCES `CLIENT` (`ID`)
) ENGINE=InnoDB DEFAULT CHARSET=utf8mb3 COLLATE=utf8mb3_unicode_ci;
/*!40101 SET character_set_client = @saved_cs_client */;

--
-- Dumping data for table `CLIENT_ATTRIBUTES`
--

LOCK TABLES `CLIENT_ATTRIBUTES` WRITE;
/*!40000 ALTER TABLE `CLIENT_ATTRIBUTES` DISABLE KEYS */;
INSERT INTO `CLIENT_ATTRIBUTES` VALUES
('20b29d46-708a-4516-a58a-8b370ba4d215','post.logout.redirect.uris','+'),
('28a040c7-c316-46d3-a473-1026fa7f8168','client.use.lightweight.access.token.enabled','true'),
('28a040c7-c316-46d3-a473-1026fa7f8168','pkce.code.challenge.method','S256'),
('28a040c7-c316-46d3-a473-1026fa7f8168','post.logout.redirect.uris','+'),
('421ee220-93d8-45fe-aecb-5e2cfbb1b924','post.logout.redirect.uris','+'),
('49b12d96-7260-406d-9d53-1482db7935a3','client.use.lightweight.access.token.enabled','true'),
('7d00e0ba-0d89-48a1-bc8d-45f08845e768','client.use.lightweight.access.token.enabled','true'),
('92548590-ee34-4b37-9951-25e49311ba24','backchannel.logout.revoke.offline.tokens','false'),
('92548590-ee34-4b37-9951-25e49311ba24','backchannel.logout.session.required','true'),
('92548590-ee34-4b37-9951-25e49311ba24','client.secret.creation.time','1738170789'),
('92548590-ee34-4b37-9951-25e49311ba24','display.on.consent.screen','false'),
('92548590-ee34-4b37-9951-25e49311ba24','frontchannel.logout.session.required','true'),
('92548590-ee34-4b37-9951-25e49311ba24','oauth2.device.authorization.grant.enabled','false'),
('92548590-ee34-4b37-9951-25e49311ba24','oidc.ciba.grant.enabled','false'),
('92548590-ee34-4b37-9951-25e49311ba24','realm_client','false'),
('b99f5ca5-96fb-4d8f-9de4-1304df9f7505','client.use.lightweight.access.token.enabled','true'),
('b99f5ca5-96fb-4d8f-9de4-1304df9f7505','pkce.code.challenge.method','S256'),
('b99f5ca5-96fb-4d8f-9de4-1304df9f7505','post.logout.redirect.uris','+'),
('c744b425-9717-4c46-812e-c10fec7501d4','pkce.code.challenge.method','S256'),
('c744b425-9717-4c46-812e-c10fec7501d4','post.logout.redirect.uris','+'),
('fa329ca7-51dd-493f-ad1a-9771f9ba5583','pkce.code.challenge.method','S256'),
('fa329ca7-51dd-493f-ad1a-9771f9ba5583','post.logout.redirect.uris','+');
/*!40000 ALTER TABLE `CLIENT_ATTRIBUTES` ENABLE KEYS */;
UNLOCK TABLES;

--
-- Table structure for table `CLIENT_AUTH_FLOW_BINDINGS`
--

DROP TABLE IF EXISTS `CLIENT_AUTH_FLOW_BINDINGS`;
/*!40101 SET @saved_cs_client     = @@character_set_client */;
/*!40101 SET character_set_client = utf8 */;
CREATE TABLE `CLIENT_AUTH_FLOW_BINDINGS` (
  `CLIENT_ID` varchar(36) NOT NULL,
  `FLOW_ID` varchar(36) DEFAULT NULL,
  `BINDING_NAME` varchar(255) NOT NULL,
  PRIMARY KEY (`CLIENT_ID`,`BINDING_NAME`)
) ENGINE=InnoDB DEFAULT CHARSET=utf8mb3 COLLATE=utf8mb3_unicode_ci;
/*!40101 SET character_set_client = @saved_cs_client */;

--
-- Dumping data for table `CLIENT_AUTH_FLOW_BINDINGS`
--

LOCK TABLES `CLIENT_AUTH_FLOW_BINDINGS` WRITE;
/*!40000 ALTER TABLE `CLIENT_AUTH_FLOW_BINDINGS` DISABLE KEYS */;
/*!40000 ALTER TABLE `CLIENT_AUTH_FLOW_BINDINGS` ENABLE KEYS */;
UNLOCK TABLES;

--
-- Table structure for table `CLIENT_INITIAL_ACCESS`
--

DROP TABLE IF EXISTS `CLIENT_INITIAL_ACCESS`;
/*!40101 SET @saved_cs_client     = @@character_set_client */;
/*!40101 SET character_set_client = utf8 */;
CREATE TABLE `CLIENT_INITIAL_ACCESS` (
  `ID` varchar(36) NOT NULL,
  `REALM_ID` varchar(36) NOT NULL,
  `TIMESTAMP` int(11) DEFAULT NULL,
  `EXPIRATION` int(11) DEFAULT NULL,
  `COUNT` int(11) DEFAULT NULL,
  `REMAINING_COUNT` int(11) DEFAULT NULL,
  PRIMARY KEY (`ID`),
  KEY `IDX_CLIENT_INIT_ACC_REALM` (`REALM_ID`),
  CONSTRAINT `FK_CLIENT_INIT_ACC_REALM` FOREIGN KEY (`REALM_ID`) REFERENCES `REALM` (`ID`)
) ENGINE=InnoDB DEFAULT CHARSET=utf8mb3 COLLATE=utf8mb3_unicode_ci;
/*!40101 SET character_set_client = @saved_cs_client */;

--
-- Dumping data for table `CLIENT_INITIAL_ACCESS`
--

LOCK TABLES `CLIENT_INITIAL_ACCESS` WRITE;
/*!40000 ALTER TABLE `CLIENT_INITIAL_ACCESS` DISABLE KEYS */;
/*!40000 ALTER TABLE `CLIENT_INITIAL_ACCESS` ENABLE KEYS */;
UNLOCK TABLES;

--
-- Table structure for table `CLIENT_NODE_REGISTRATIONS`
--

DROP TABLE IF EXISTS `CLIENT_NODE_REGISTRATIONS`;
/*!40101 SET @saved_cs_client     = @@character_set_client */;
/*!40101 SET character_set_client = utf8 */;
CREATE TABLE `CLIENT_NODE_REGISTRATIONS` (
  `CLIENT_ID` varchar(36) NOT NULL,
  `VALUE` int(11) DEFAULT NULL,
  `NAME` varchar(255) NOT NULL,
  PRIMARY KEY (`CLIENT_ID`,`NAME`),
  CONSTRAINT `FK4129723BA992F594` FOREIGN KEY (`CLIENT_ID`) REFERENCES `CLIENT` (`ID`)
) ENGINE=InnoDB DEFAULT CHARSET=utf8mb3 COLLATE=utf8mb3_unicode_ci;
/*!40101 SET character_set_client = @saved_cs_client */;

--
-- Dumping data for table `CLIENT_NODE_REGISTRATIONS`
--

LOCK TABLES `CLIENT_NODE_REGISTRATIONS` WRITE;
/*!40000 ALTER TABLE `CLIENT_NODE_REGISTRATIONS` DISABLE KEYS */;
/*!40000 ALTER TABLE `CLIENT_NODE_REGISTRATIONS` ENABLE KEYS */;
UNLOCK TABLES;

--
-- Table structure for table `CLIENT_SCOPE`
--

DROP TABLE IF EXISTS `CLIENT_SCOPE`;
/*!40101 SET @saved_cs_client     = @@character_set_client */;
/*!40101 SET character_set_client = utf8 */;
CREATE TABLE `CLIENT_SCOPE` (
  `ID` varchar(36) NOT NULL,
  `NAME` varchar(255) DEFAULT NULL,
  `REALM_ID` varchar(36) DEFAULT NULL,
  `DESCRIPTION` varchar(255) CHARACTER SET utf8mb3 COLLATE utf8mb3_general_ci DEFAULT NULL,
  `PROTOCOL` varchar(255) DEFAULT NULL,
  PRIMARY KEY (`ID`),
  UNIQUE KEY `UK_CLI_SCOPE` (`REALM_ID`,`NAME`),
  KEY `IDX_REALM_CLSCOPE` (`REALM_ID`)
) ENGINE=InnoDB DEFAULT CHARSET=utf8mb3 COLLATE=utf8mb3_unicode_ci;
/*!40101 SET character_set_client = @saved_cs_client */;

--
-- Dumping data for table `CLIENT_SCOPE`
--

LOCK TABLES `CLIENT_SCOPE` WRITE;
/*!40000 ALTER TABLE `CLIENT_SCOPE` DISABLE KEYS */;
INSERT INTO `CLIENT_SCOPE` VALUES
('016d9942-90d6-4638-9b77-2b6124f54178','web-origins','ef7f0780-7b02-40a8-adc9-27a5d400be72','OpenID Connect scope for add allowed web origins to the access token','openid-connect'),
('02d4db49-9558-4323-8936-535df3c129ff','microprofile-jwt','ef7f0780-7b02-40a8-adc9-27a5d400be72','Microprofile - JWT built-in scope','openid-connect'),
('11940d0d-fa9f-465d-834a-f274ce9c6b72','email','4b357d97-725f-455d-a69c-4ec10fc47ccd','OpenID Connect built-in scope: email','openid-connect'),
('11ea7b03-1a3e-4428-9654-acb796ac6f58','profile','4b357d97-725f-455d-a69c-4ec10fc47ccd','OpenID Connect built-in scope: profile','openid-connect'),
('1d2cafd9-f0ee-46e7-8b99-924e47966a67','role_list','4b357d97-725f-455d-a69c-4ec10fc47ccd','SAML role list','saml'),
('2cbfca5f-d1ef-4a01-93bd-d2f9b01b230e','offline_access','ef7f0780-7b02-40a8-adc9-27a5d400be72','OpenID Connect built-in scope: offline_access','openid-connect'),
('300f1934-2cd5-442b-8017-59001d1a9bc6','phone','4b357d97-725f-455d-a69c-4ec10fc47ccd','OpenID Connect built-in scope: phone','openid-connect'),
('463c9405-e137-4a60-9db8-dd3b50ac8380','saml_organization','4b357d97-725f-455d-a69c-4ec10fc47ccd','Organization Membership','saml'),
('487120f3-1486-4daf-bf3d-e758e828383b','basic','ef7f0780-7b02-40a8-adc9-27a5d400be72','OpenID Connect scope for add all basic claims to the token','openid-connect'),
('69e0acc6-2cc5-4d3a-99f9-94d63bae1955','profile','ef7f0780-7b02-40a8-adc9-27a5d400be72','OpenID Connect built-in scope: profile','openid-connect'),
('6b907fd0-2e86-4d53-8348-ea99a599c73c','roles','ef7f0780-7b02-40a8-adc9-27a5d400be72','OpenID Connect scope for add user roles to the access token','openid-connect'),
('6f9bc85a-c709-40d5-b6ac-b0c4d4ce43c3','microprofile-jwt','4b357d97-725f-455d-a69c-4ec10fc47ccd','Microprofile - JWT built-in scope','openid-connect'),
('7e92b4e7-ca06-4a30-87c7-25b8288fc4c0','organization','4b357d97-725f-455d-a69c-4ec10fc47ccd','Additional claims about the organization a subject belongs to','openid-connect'),
('8c0e93bc-5567-4f36-931b-9e1068f70bbe','acr','4b357d97-725f-455d-a69c-4ec10fc47ccd','OpenID Connect scope for add acr (authentication context class reference) to the token','openid-connect'),
('a067804b-1263-4010-afba-1a0485f09f85','basic','4b357d97-725f-455d-a69c-4ec10fc47ccd','OpenID Connect scope for add all basic claims to the token','openid-connect'),
('a6f17fcf-e9e4-43eb-9aac-3887afd22f2d','roles','4b357d97-725f-455d-a69c-4ec10fc47ccd','OpenID Connect scope for add user roles to the access token','openid-connect'),
('ac3606b0-067c-4f17-8d0d-48cd17765c98','web-origins','4b357d97-725f-455d-a69c-4ec10fc47ccd','OpenID Connect scope for add allowed web origins to the access token','openid-connect'),
('c950dd7c-e375-4f9a-92de-edc41a3f695f','offline_access','4b357d97-725f-455d-a69c-4ec10fc47ccd','OpenID Connect built-in scope: offline_access','openid-connect'),
('c968866c-1fb0-45a0-9be3-605c5496e80a','phone','ef7f0780-7b02-40a8-adc9-27a5d400be72','OpenID Connect built-in scope: phone','openid-connect'),
('d3ef5247-17f3-4e5b-a683-3b566af71bfc','role_list','ef7f0780-7b02-40a8-adc9-27a5d400be72','SAML role list','saml'),
('d578e571-a741-475d-a57a-eb2b23976e0c','organization','ef7f0780-7b02-40a8-adc9-27a5d400be72','Additional claims about the organization a subject belongs to','openid-connect'),
('d8081b43-c84d-470e-aa4c-5142ca65b793','address','ef7f0780-7b02-40a8-adc9-27a5d400be72','OpenID Connect built-in scope: address','openid-connect'),
('e0be7652-b77b-424f-a304-206c1293db8e','service_account','ef7f0780-7b02-40a8-adc9-27a5d400be72','Specific scope for a client enabled for service accounts','openid-connect'),
('e21450cf-77ff-467b-b032-1532b32daec8','email','ef7f0780-7b02-40a8-adc9-27a5d400be72','OpenID Connect built-in scope: email','openid-connect'),
('e792e68f-2cf1-488e-b947-c9f438e8c21a','address','4b357d97-725f-455d-a69c-4ec10fc47ccd','OpenID Connect built-in scope: address','openid-connect'),
('e9158137-2347-4e17-8eb4-bec8f97304a8','acr','ef7f0780-7b02-40a8-adc9-27a5d400be72','OpenID Connect scope for add acr (authentication context class reference) to the token','openid-connect'),
('ed7b4945-c748-4ee7-8a03-1af60863bf4a','service_account','4b357d97-725f-455d-a69c-4ec10fc47ccd','Specific scope for a client enabled for service accounts','openid-connect'),
('fdc44641-edf5-4f49-a96e-490db4f4499a','saml_organization','ef7f0780-7b02-40a8-adc9-27a5d400be72','Organization Membership','saml');
/*!40000 ALTER TABLE `CLIENT_SCOPE` ENABLE KEYS */;
UNLOCK TABLES;

--
-- Table structure for table `CLIENT_SCOPE_ATTRIBUTES`
--

DROP TABLE IF EXISTS `CLIENT_SCOPE_ATTRIBUTES`;
/*!40101 SET @saved_cs_client     = @@character_set_client */;
/*!40101 SET character_set_client = utf8 */;
CREATE TABLE `CLIENT_SCOPE_ATTRIBUTES` (
  `SCOPE_ID` varchar(36) NOT NULL,
  `VALUE` text DEFAULT NULL,
  `NAME` varchar(255) NOT NULL,
  PRIMARY KEY (`SCOPE_ID`,`NAME`),
  KEY `IDX_CLSCOPE_ATTRS` (`SCOPE_ID`),
  CONSTRAINT `FK_CL_SCOPE_ATTR_SCOPE` FOREIGN KEY (`SCOPE_ID`) REFERENCES `CLIENT_SCOPE` (`ID`)
) ENGINE=InnoDB DEFAULT CHARSET=utf8mb3 COLLATE=utf8mb3_unicode_ci;
/*!40101 SET character_set_client = @saved_cs_client */;

--
-- Dumping data for table `CLIENT_SCOPE_ATTRIBUTES`
--

LOCK TABLES `CLIENT_SCOPE_ATTRIBUTES` WRITE;
/*!40000 ALTER TABLE `CLIENT_SCOPE_ATTRIBUTES` DISABLE KEYS */;
INSERT INTO `CLIENT_SCOPE_ATTRIBUTES` VALUES
('016d9942-90d6-4638-9b77-2b6124f54178','','consent.screen.text'),
('016d9942-90d6-4638-9b77-2b6124f54178','false','display.on.consent.screen'),
('016d9942-90d6-4638-9b77-2b6124f54178','false','include.in.token.scope'),
('02d4db49-9558-4323-8936-535df3c129ff','false','display.on.consent.screen'),
('02d4db49-9558-4323-8936-535df3c129ff','true','include.in.token.scope'),
('11940d0d-fa9f-465d-834a-f274ce9c6b72','${emailScopeConsentText}','consent.screen.text'),
('11940d0d-fa9f-465d-834a-f274ce9c6b72','true','display.on.consent.screen'),
('11940d0d-fa9f-465d-834a-f274ce9c6b72','true','include.in.token.scope'),
('11ea7b03-1a3e-4428-9654-acb796ac6f58','${profileScopeConsentText}','consent.screen.text'),
('11ea7b03-1a3e-4428-9654-acb796ac6f58','true','display.on.consent.screen'),
('11ea7b03-1a3e-4428-9654-acb796ac6f58','true','include.in.token.scope'),
('1d2cafd9-f0ee-46e7-8b99-924e47966a67','${samlRoleListScopeConsentText}','consent.screen.text'),
('1d2cafd9-f0ee-46e7-8b99-924e47966a67','true','display.on.consent.screen'),
('2cbfca5f-d1ef-4a01-93bd-d2f9b01b230e','${offlineAccessScopeConsentText}','consent.screen.text'),
('2cbfca5f-d1ef-4a01-93bd-d2f9b01b230e','true','display.on.consent.screen'),
('300f1934-2cd5-442b-8017-59001d1a9bc6','${phoneScopeConsentText}','consent.screen.text'),
('300f1934-2cd5-442b-8017-59001d1a9bc6','true','display.on.consent.screen'),
('300f1934-2cd5-442b-8017-59001d1a9bc6','true','include.in.token.scope'),
('463c9405-e137-4a60-9db8-dd3b50ac8380','false','display.on.consent.screen'),
('487120f3-1486-4daf-bf3d-e758e828383b','false','display.on.consent.screen'),
('487120f3-1486-4daf-bf3d-e758e828383b','false','include.in.token.scope'),
('69e0acc6-2cc5-4d3a-99f9-94d63bae1955','${profileScopeConsentText}','consent.screen.text'),
('69e0acc6-2cc5-4d3a-99f9-94d63bae1955','true','display.on.consent.screen'),
('69e0acc6-2cc5-4d3a-99f9-94d63bae1955','true','include.in.token.scope'),
('6b907fd0-2e86-4d53-8348-ea99a599c73c','${rolesScopeConsentText}','consent.screen.text'),
('6b907fd0-2e86-4d53-8348-ea99a599c73c','true','display.on.consent.screen'),
('6b907fd0-2e86-4d53-8348-ea99a599c73c','false','include.in.token.scope'),
('6f9bc85a-c709-40d5-b6ac-b0c4d4ce43c3','false','display.on.consent.screen'),
('6f9bc85a-c709-40d5-b6ac-b0c4d4ce43c3','true','include.in.token.scope'),
('7e92b4e7-ca06-4a30-87c7-25b8288fc4c0','${organizationScopeConsentText}','consent.screen.text'),
('7e92b4e7-ca06-4a30-87c7-25b8288fc4c0','true','display.on.consent.screen'),
('7e92b4e7-ca06-4a30-87c7-25b8288fc4c0','true','include.in.token.scope'),
('8c0e93bc-5567-4f36-931b-9e1068f70bbe','false','display.on.consent.screen'),
('8c0e93bc-5567-4f36-931b-9e1068f70bbe','false','include.in.token.scope'),
('a067804b-1263-4010-afba-1a0485f09f85','false','display.on.consent.screen'),
('a067804b-1263-4010-afba-1a0485f09f85','false','include.in.token.scope'),
('a6f17fcf-e9e4-43eb-9aac-3887afd22f2d','${rolesScopeConsentText}','consent.screen.text'),
('a6f17fcf-e9e4-43eb-9aac-3887afd22f2d','true','display.on.consent.screen'),
('a6f17fcf-e9e4-43eb-9aac-3887afd22f2d','false','include.in.token.scope'),
('ac3606b0-067c-4f17-8d0d-48cd17765c98','','consent.screen.text'),
('ac3606b0-067c-4f17-8d0d-48cd17765c98','false','display.on.consent.screen'),
('ac3606b0-067c-4f17-8d0d-48cd17765c98','false','include.in.token.scope'),
('c950dd7c-e375-4f9a-92de-edc41a3f695f','${offlineAccessScopeConsentText}','consent.screen.text'),
('c950dd7c-e375-4f9a-92de-edc41a3f695f','true','display.on.consent.screen'),
('c968866c-1fb0-45a0-9be3-605c5496e80a','${phoneScopeConsentText}','consent.screen.text'),
('c968866c-1fb0-45a0-9be3-605c5496e80a','true','display.on.consent.screen'),
('c968866c-1fb0-45a0-9be3-605c5496e80a','true','include.in.token.scope'),
('d3ef5247-17f3-4e5b-a683-3b566af71bfc','${samlRoleListScopeConsentText}','consent.screen.text'),
('d3ef5247-17f3-4e5b-a683-3b566af71bfc','true','display.on.consent.screen'),
('d578e571-a741-475d-a57a-eb2b23976e0c','${organizationScopeConsentText}','consent.screen.text'),
('d578e571-a741-475d-a57a-eb2b23976e0c','true','display.on.consent.screen'),
('d578e571-a741-475d-a57a-eb2b23976e0c','true','include.in.token.scope'),
('d8081b43-c84d-470e-aa4c-5142ca65b793','${addressScopeConsentText}','consent.screen.text'),
('d8081b43-c84d-470e-aa4c-5142ca65b793','true','display.on.consent.screen'),
('d8081b43-c84d-470e-aa4c-5142ca65b793','true','include.in.token.scope'),
('e0be7652-b77b-424f-a304-206c1293db8e','false','display.on.consent.screen'),
('e0be7652-b77b-424f-a304-206c1293db8e','false','include.in.token.scope'),
('e21450cf-77ff-467b-b032-1532b32daec8','${emailScopeConsentText}','consent.screen.text'),
('e21450cf-77ff-467b-b032-1532b32daec8','true','display.on.consent.screen'),
('e21450cf-77ff-467b-b032-1532b32daec8','true','include.in.token.scope'),
('e792e68f-2cf1-488e-b947-c9f438e8c21a','${addressScopeConsentText}','consent.screen.text'),
('e792e68f-2cf1-488e-b947-c9f438e8c21a','true','display.on.consent.screen'),
('e792e68f-2cf1-488e-b947-c9f438e8c21a','true','include.in.token.scope'),
('e9158137-2347-4e17-8eb4-bec8f97304a8','false','display.on.consent.screen'),
('e9158137-2347-4e17-8eb4-bec8f97304a8','false','include.in.token.scope'),
('ed7b4945-c748-4ee7-8a03-1af60863bf4a','false','display.on.consent.screen'),
('ed7b4945-c748-4ee7-8a03-1af60863bf4a','false','include.in.token.scope'),
('fdc44641-edf5-4f49-a96e-490db4f4499a','false','display.on.consent.screen');
/*!40000 ALTER TABLE `CLIENT_SCOPE_ATTRIBUTES` ENABLE KEYS */;
UNLOCK TABLES;

--
-- Table structure for table `CLIENT_SCOPE_CLIENT`
--

DROP TABLE IF EXISTS `CLIENT_SCOPE_CLIENT`;
/*!40101 SET @saved_cs_client     = @@character_set_client */;
/*!40101 SET character_set_client = utf8 */;
CREATE TABLE `CLIENT_SCOPE_CLIENT` (
  `CLIENT_ID` varchar(255) NOT NULL,
  `SCOPE_ID` varchar(255) NOT NULL,
  `DEFAULT_SCOPE` tinyint(1) NOT NULL DEFAULT 0,
  PRIMARY KEY (`CLIENT_ID`,`SCOPE_ID`),
  KEY `IDX_CLSCOPE_CL` (`CLIENT_ID`),
  KEY `IDX_CL_CLSCOPE` (`SCOPE_ID`)
) ENGINE=InnoDB DEFAULT CHARSET=utf8mb3 COLLATE=utf8mb3_unicode_ci;
/*!40101 SET character_set_client = @saved_cs_client */;

--
-- Dumping data for table `CLIENT_SCOPE_CLIENT`
--

LOCK TABLES `CLIENT_SCOPE_CLIENT` WRITE;
/*!40000 ALTER TABLE `CLIENT_SCOPE_CLIENT` DISABLE KEYS */;
INSERT INTO `CLIENT_SCOPE_CLIENT` VALUES
('20b29d46-708a-4516-a58a-8b370ba4d215','016d9942-90d6-4638-9b77-2b6124f54178',1),
('20b29d46-708a-4516-a58a-8b370ba4d215','02d4db49-9558-4323-8936-535df3c129ff',0),
('20b29d46-708a-4516-a58a-8b370ba4d215','2cbfca5f-d1ef-4a01-93bd-d2f9b01b230e',0),
('20b29d46-708a-4516-a58a-8b370ba4d215','487120f3-1486-4daf-bf3d-e758e828383b',1),
('20b29d46-708a-4516-a58a-8b370ba4d215','69e0acc6-2cc5-4d3a-99f9-94d63bae1955',1),
('20b29d46-708a-4516-a58a-8b370ba4d215','6b907fd0-2e86-4d53-8348-ea99a599c73c',1),
('20b29d46-708a-4516-a58a-8b370ba4d215','c968866c-1fb0-45a0-9be3-605c5496e80a',0),
('20b29d46-708a-4516-a58a-8b370ba4d215','d578e571-a741-475d-a57a-eb2b23976e0c',0),
('20b29d46-708a-4516-a58a-8b370ba4d215','d8081b43-c84d-470e-aa4c-5142ca65b793',0),
('20b29d46-708a-4516-a58a-8b370ba4d215','e21450cf-77ff-467b-b032-1532b32daec8',1),
('20b29d46-708a-4516-a58a-8b370ba4d215','e9158137-2347-4e17-8eb4-bec8f97304a8',1),
('28a040c7-c316-46d3-a473-1026fa7f8168','016d9942-90d6-4638-9b77-2b6124f54178',1),
('28a040c7-c316-46d3-a473-1026fa7f8168','02d4db49-9558-4323-8936-535df3c129ff',0),
('28a040c7-c316-46d3-a473-1026fa7f8168','2cbfca5f-d1ef-4a01-93bd-d2f9b01b230e',0),
('28a040c7-c316-46d3-a473-1026fa7f8168','487120f3-1486-4daf-bf3d-e758e828383b',1),
('28a040c7-c316-46d3-a473-1026fa7f8168','69e0acc6-2cc5-4d3a-99f9-94d63bae1955',1),
('28a040c7-c316-46d3-a473-1026fa7f8168','6b907fd0-2e86-4d53-8348-ea99a599c73c',1),
('28a040c7-c316-46d3-a473-1026fa7f8168','c968866c-1fb0-45a0-9be3-605c5496e80a',0),
('28a040c7-c316-46d3-a473-1026fa7f8168','d578e571-a741-475d-a57a-eb2b23976e0c',0),
('28a040c7-c316-46d3-a473-1026fa7f8168','d8081b43-c84d-470e-aa4c-5142ca65b793',0),
('28a040c7-c316-46d3-a473-1026fa7f8168','e21450cf-77ff-467b-b032-1532b32daec8',1),
('28a040c7-c316-46d3-a473-1026fa7f8168','e9158137-2347-4e17-8eb4-bec8f97304a8',1),
('421ee220-93d8-45fe-aecb-5e2cfbb1b924','11940d0d-fa9f-465d-834a-f274ce9c6b72',1),
('421ee220-93d8-45fe-aecb-5e2cfbb1b924','11ea7b03-1a3e-4428-9654-acb796ac6f58',1),
('421ee220-93d8-45fe-aecb-5e2cfbb1b924','300f1934-2cd5-442b-8017-59001d1a9bc6',0),
('421ee220-93d8-45fe-aecb-5e2cfbb1b924','6f9bc85a-c709-40d5-b6ac-b0c4d4ce43c3',0),
('421ee220-93d8-45fe-aecb-5e2cfbb1b924','7e92b4e7-ca06-4a30-87c7-25b8288fc4c0',0),
('421ee220-93d8-45fe-aecb-5e2cfbb1b924','8c0e93bc-5567-4f36-931b-9e1068f70bbe',1),
('421ee220-93d8-45fe-aecb-5e2cfbb1b924','a067804b-1263-4010-afba-1a0485f09f85',1),
('421ee220-93d8-45fe-aecb-5e2cfbb1b924','a6f17fcf-e9e4-43eb-9aac-3887afd22f2d',1),
('421ee220-93d8-45fe-aecb-5e2cfbb1b924','ac3606b0-067c-4f17-8d0d-48cd17765c98',1),
('421ee220-93d8-45fe-aecb-5e2cfbb1b924','c950dd7c-e375-4f9a-92de-edc41a3f695f',0),
('421ee220-93d8-45fe-aecb-5e2cfbb1b924','e792e68f-2cf1-488e-b947-c9f438e8c21a',0),
('49b12d96-7260-406d-9d53-1482db7935a3','11940d0d-fa9f-465d-834a-f274ce9c6b72',1),
('49b12d96-7260-406d-9d53-1482db7935a3','11ea7b03-1a3e-4428-9654-acb796ac6f58',1),
('49b12d96-7260-406d-9d53-1482db7935a3','300f1934-2cd5-442b-8017-59001d1a9bc6',0),
('49b12d96-7260-406d-9d53-1482db7935a3','6f9bc85a-c709-40d5-b6ac-b0c4d4ce43c3',0),
('49b12d96-7260-406d-9d53-1482db7935a3','7e92b4e7-ca06-4a30-87c7-25b8288fc4c0',0),
('49b12d96-7260-406d-9d53-1482db7935a3','8c0e93bc-5567-4f36-931b-9e1068f70bbe',1),
('49b12d96-7260-406d-9d53-1482db7935a3','a067804b-1263-4010-afba-1a0485f09f85',1),
('49b12d96-7260-406d-9d53-1482db7935a3','a6f17fcf-e9e4-43eb-9aac-3887afd22f2d',1),
('49b12d96-7260-406d-9d53-1482db7935a3','ac3606b0-067c-4f17-8d0d-48cd17765c98',1),
('49b12d96-7260-406d-9d53-1482db7935a3','c950dd7c-e375-4f9a-92de-edc41a3f695f',0),
('49b12d96-7260-406d-9d53-1482db7935a3','e792e68f-2cf1-488e-b947-c9f438e8c21a',0),
('65a7c5c1-6757-417f-ade3-3bf2dda257ca','016d9942-90d6-4638-9b77-2b6124f54178',1),
('65a7c5c1-6757-417f-ade3-3bf2dda257ca','02d4db49-9558-4323-8936-535df3c129ff',0),
('65a7c5c1-6757-417f-ade3-3bf2dda257ca','2cbfca5f-d1ef-4a01-93bd-d2f9b01b230e',0),
('65a7c5c1-6757-417f-ade3-3bf2dda257ca','487120f3-1486-4daf-bf3d-e758e828383b',1),
('65a7c5c1-6757-417f-ade3-3bf2dda257ca','69e0acc6-2cc5-4d3a-99f9-94d63bae1955',1),
('65a7c5c1-6757-417f-ade3-3bf2dda257ca','6b907fd0-2e86-4d53-8348-ea99a599c73c',1),
('65a7c5c1-6757-417f-ade3-3bf2dda257ca','c968866c-1fb0-45a0-9be3-605c5496e80a',0),
('65a7c5c1-6757-417f-ade3-3bf2dda257ca','d578e571-a741-475d-a57a-eb2b23976e0c',0),
('65a7c5c1-6757-417f-ade3-3bf2dda257ca','d8081b43-c84d-470e-aa4c-5142ca65b793',0),
('65a7c5c1-6757-417f-ade3-3bf2dda257ca','e21450cf-77ff-467b-b032-1532b32daec8',1),
('65a7c5c1-6757-417f-ade3-3bf2dda257ca','e9158137-2347-4e17-8eb4-bec8f97304a8',1),
('6697b6a3-054a-47cb-b67c-927960c231be','11940d0d-fa9f-465d-834a-f274ce9c6b72',1),
('6697b6a3-054a-47cb-b67c-927960c231be','11ea7b03-1a3e-4428-9654-acb796ac6f58',1),
('6697b6a3-054a-47cb-b67c-927960c231be','300f1934-2cd5-442b-8017-59001d1a9bc6',0),
('6697b6a3-054a-47cb-b67c-927960c231be','6f9bc85a-c709-40d5-b6ac-b0c4d4ce43c3',0),
('6697b6a3-054a-47cb-b67c-927960c231be','7e92b4e7-ca06-4a30-87c7-25b8288fc4c0',0),
('6697b6a3-054a-47cb-b67c-927960c231be','8c0e93bc-5567-4f36-931b-9e1068f70bbe',1),
('6697b6a3-054a-47cb-b67c-927960c231be','a067804b-1263-4010-afba-1a0485f09f85',1),
('6697b6a3-054a-47cb-b67c-927960c231be','a6f17fcf-e9e4-43eb-9aac-3887afd22f2d',1),
('6697b6a3-054a-47cb-b67c-927960c231be','ac3606b0-067c-4f17-8d0d-48cd17765c98',1),
('6697b6a3-054a-47cb-b67c-927960c231be','c950dd7c-e375-4f9a-92de-edc41a3f695f',0),
('6697b6a3-054a-47cb-b67c-927960c231be','e792e68f-2cf1-488e-b947-c9f438e8c21a',0),
('7d00e0ba-0d89-48a1-bc8d-45f08845e768','016d9942-90d6-4638-9b77-2b6124f54178',1),
('7d00e0ba-0d89-48a1-bc8d-45f08845e768','02d4db49-9558-4323-8936-535df3c129ff',0),
('7d00e0ba-0d89-48a1-bc8d-45f08845e768','2cbfca5f-d1ef-4a01-93bd-d2f9b01b230e',0),
('7d00e0ba-0d89-48a1-bc8d-45f08845e768','487120f3-1486-4daf-bf3d-e758e828383b',1),
('7d00e0ba-0d89-48a1-bc8d-45f08845e768','69e0acc6-2cc5-4d3a-99f9-94d63bae1955',1),
('7d00e0ba-0d89-48a1-bc8d-45f08845e768','6b907fd0-2e86-4d53-8348-ea99a599c73c',1),
('7d00e0ba-0d89-48a1-bc8d-45f08845e768','c968866c-1fb0-45a0-9be3-605c5496e80a',0),
('7d00e0ba-0d89-48a1-bc8d-45f08845e768','d578e571-a741-475d-a57a-eb2b23976e0c',0),
('7d00e0ba-0d89-48a1-bc8d-45f08845e768','d8081b43-c84d-470e-aa4c-5142ca65b793',0),
('7d00e0ba-0d89-48a1-bc8d-45f08845e768','e21450cf-77ff-467b-b032-1532b32daec8',1),
('7d00e0ba-0d89-48a1-bc8d-45f08845e768','e9158137-2347-4e17-8eb4-bec8f97304a8',1),
('92548590-ee34-4b37-9951-25e49311ba24','016d9942-90d6-4638-9b77-2b6124f54178',1),
('92548590-ee34-4b37-9951-25e49311ba24','02d4db49-9558-4323-8936-535df3c129ff',0),
('92548590-ee34-4b37-9951-25e49311ba24','2cbfca5f-d1ef-4a01-93bd-d2f9b01b230e',0),
('92548590-ee34-4b37-9951-25e49311ba24','487120f3-1486-4daf-bf3d-e758e828383b',1),
('92548590-ee34-4b37-9951-25e49311ba24','69e0acc6-2cc5-4d3a-99f9-94d63bae1955',1),
('92548590-ee34-4b37-9951-25e49311ba24','6b907fd0-2e86-4d53-8348-ea99a599c73c',1),
('92548590-ee34-4b37-9951-25e49311ba24','c968866c-1fb0-45a0-9be3-605c5496e80a',0),
('92548590-ee34-4b37-9951-25e49311ba24','d578e571-a741-475d-a57a-eb2b23976e0c',0),
('92548590-ee34-4b37-9951-25e49311ba24','d8081b43-c84d-470e-aa4c-5142ca65b793',0),
('92548590-ee34-4b37-9951-25e49311ba24','e0be7652-b77b-424f-a304-206c1293db8e',1),
('92548590-ee34-4b37-9951-25e49311ba24','e21450cf-77ff-467b-b032-1532b32daec8',1),
('92548590-ee34-4b37-9951-25e49311ba24','e9158137-2347-4e17-8eb4-bec8f97304a8',1),
('b99f5ca5-96fb-4d8f-9de4-1304df9f7505','11940d0d-fa9f-465d-834a-f274ce9c6b72',1),
('b99f5ca5-96fb-4d8f-9de4-1304df9f7505','11ea7b03-1a3e-4428-9654-acb796ac6f58',1),
('b99f5ca5-96fb-4d8f-9de4-1304df9f7505','300f1934-2cd5-442b-8017-59001d1a9bc6',0),
('b99f5ca5-96fb-4d8f-9de4-1304df9f7505','6f9bc85a-c709-40d5-b6ac-b0c4d4ce43c3',0),
('b99f5ca5-96fb-4d8f-9de4-1304df9f7505','7e92b4e7-ca06-4a30-87c7-25b8288fc4c0',0),
('b99f5ca5-96fb-4d8f-9de4-1304df9f7505','8c0e93bc-5567-4f36-931b-9e1068f70bbe',1),
('b99f5ca5-96fb-4d8f-9de4-1304df9f7505','a067804b-1263-4010-afba-1a0485f09f85',1),
('b99f5ca5-96fb-4d8f-9de4-1304df9f7505','a6f17fcf-e9e4-43eb-9aac-3887afd22f2d',1),
('b99f5ca5-96fb-4d8f-9de4-1304df9f7505','ac3606b0-067c-4f17-8d0d-48cd17765c98',1),
('b99f5ca5-96fb-4d8f-9de4-1304df9f7505','c950dd7c-e375-4f9a-92de-edc41a3f695f',0),
('b99f5ca5-96fb-4d8f-9de4-1304df9f7505','e792e68f-2cf1-488e-b947-c9f438e8c21a',0),
('c744b425-9717-4c46-812e-c10fec7501d4','016d9942-90d6-4638-9b77-2b6124f54178',1),
('c744b425-9717-4c46-812e-c10fec7501d4','02d4db49-9558-4323-8936-535df3c129ff',0),
('c744b425-9717-4c46-812e-c10fec7501d4','2cbfca5f-d1ef-4a01-93bd-d2f9b01b230e',0),
('c744b425-9717-4c46-812e-c10fec7501d4','487120f3-1486-4daf-bf3d-e758e828383b',1),
('c744b425-9717-4c46-812e-c10fec7501d4','69e0acc6-2cc5-4d3a-99f9-94d63bae1955',1),
('c744b425-9717-4c46-812e-c10fec7501d4','6b907fd0-2e86-4d53-8348-ea99a599c73c',1),
('c744b425-9717-4c46-812e-c10fec7501d4','c968866c-1fb0-45a0-9be3-605c5496e80a',0),
('c744b425-9717-4c46-812e-c10fec7501d4','d578e571-a741-475d-a57a-eb2b23976e0c',0),
('c744b425-9717-4c46-812e-c10fec7501d4','d8081b43-c84d-470e-aa4c-5142ca65b793',0),
('c744b425-9717-4c46-812e-c10fec7501d4','e21450cf-77ff-467b-b032-1532b32daec8',1),
('c744b425-9717-4c46-812e-c10fec7501d4','e9158137-2347-4e17-8eb4-bec8f97304a8',1),
('dd07457e-1f12-4501-a3c0-90767e740e24','016d9942-90d6-4638-9b77-2b6124f54178',1),
('dd07457e-1f12-4501-a3c0-90767e740e24','02d4db49-9558-4323-8936-535df3c129ff',0),
('dd07457e-1f12-4501-a3c0-90767e740e24','2cbfca5f-d1ef-4a01-93bd-d2f9b01b230e',0),
('dd07457e-1f12-4501-a3c0-90767e740e24','487120f3-1486-4daf-bf3d-e758e828383b',1),
('dd07457e-1f12-4501-a3c0-90767e740e24','69e0acc6-2cc5-4d3a-99f9-94d63bae1955',1),
('dd07457e-1f12-4501-a3c0-90767e740e24','6b907fd0-2e86-4d53-8348-ea99a599c73c',1),
('dd07457e-1f12-4501-a3c0-90767e740e24','c968866c-1fb0-45a0-9be3-605c5496e80a',0),
('dd07457e-1f12-4501-a3c0-90767e740e24','d578e571-a741-475d-a57a-eb2b23976e0c',0),
('dd07457e-1f12-4501-a3c0-90767e740e24','d8081b43-c84d-470e-aa4c-5142ca65b793',0),
('dd07457e-1f12-4501-a3c0-90767e740e24','e21450cf-77ff-467b-b032-1532b32daec8',1),
('dd07457e-1f12-4501-a3c0-90767e740e24','e9158137-2347-4e17-8eb4-bec8f97304a8',1),
('e51f8d72-05be-42d3-91ed-95a0ba13f72e','11940d0d-fa9f-465d-834a-f274ce9c6b72',1),
('e51f8d72-05be-42d3-91ed-95a0ba13f72e','11ea7b03-1a3e-4428-9654-acb796ac6f58',1),
('e51f8d72-05be-42d3-91ed-95a0ba13f72e','300f1934-2cd5-442b-8017-59001d1a9bc6',0),
('e51f8d72-05be-42d3-91ed-95a0ba13f72e','6f9bc85a-c709-40d5-b6ac-b0c4d4ce43c3',0),
('e51f8d72-05be-42d3-91ed-95a0ba13f72e','7e92b4e7-ca06-4a30-87c7-25b8288fc4c0',0),
('e51f8d72-05be-42d3-91ed-95a0ba13f72e','8c0e93bc-5567-4f36-931b-9e1068f70bbe',1),
('e51f8d72-05be-42d3-91ed-95a0ba13f72e','a067804b-1263-4010-afba-1a0485f09f85',1),
('e51f8d72-05be-42d3-91ed-95a0ba13f72e','a6f17fcf-e9e4-43eb-9aac-3887afd22f2d',1),
('e51f8d72-05be-42d3-91ed-95a0ba13f72e','ac3606b0-067c-4f17-8d0d-48cd17765c98',1),
('e51f8d72-05be-42d3-91ed-95a0ba13f72e','c950dd7c-e375-4f9a-92de-edc41a3f695f',0),
('e51f8d72-05be-42d3-91ed-95a0ba13f72e','e792e68f-2cf1-488e-b947-c9f438e8c21a',0),
('fa329ca7-51dd-493f-ad1a-9771f9ba5583','11940d0d-fa9f-465d-834a-f274ce9c6b72',1),
('fa329ca7-51dd-493f-ad1a-9771f9ba5583','11ea7b03-1a3e-4428-9654-acb796ac6f58',1),
('fa329ca7-51dd-493f-ad1a-9771f9ba5583','300f1934-2cd5-442b-8017-59001d1a9bc6',0),
('fa329ca7-51dd-493f-ad1a-9771f9ba5583','6f9bc85a-c709-40d5-b6ac-b0c4d4ce43c3',0),
('fa329ca7-51dd-493f-ad1a-9771f9ba5583','7e92b4e7-ca06-4a30-87c7-25b8288fc4c0',0),
('fa329ca7-51dd-493f-ad1a-9771f9ba5583','8c0e93bc-5567-4f36-931b-9e1068f70bbe',1),
('fa329ca7-51dd-493f-ad1a-9771f9ba5583','a067804b-1263-4010-afba-1a0485f09f85',1),
('fa329ca7-51dd-493f-ad1a-9771f9ba5583','a6f17fcf-e9e4-43eb-9aac-3887afd22f2d',1),
('fa329ca7-51dd-493f-ad1a-9771f9ba5583','ac3606b0-067c-4f17-8d0d-48cd17765c98',1),
('fa329ca7-51dd-493f-ad1a-9771f9ba5583','c950dd7c-e375-4f9a-92de-edc41a3f695f',0),
('fa329ca7-51dd-493f-ad1a-9771f9ba5583','e792e68f-2cf1-488e-b947-c9f438e8c21a',0);
/*!40000 ALTER TABLE `CLIENT_SCOPE_CLIENT` ENABLE KEYS */;
UNLOCK TABLES;

--
-- Table structure for table `CLIENT_SCOPE_ROLE_MAPPING`
--

DROP TABLE IF EXISTS `CLIENT_SCOPE_ROLE_MAPPING`;
/*!40101 SET @saved_cs_client     = @@character_set_client */;
/*!40101 SET character_set_client = utf8 */;
CREATE TABLE `CLIENT_SCOPE_ROLE_MAPPING` (
  `SCOPE_ID` varchar(36) NOT NULL,
  `ROLE_ID` varchar(36) NOT NULL,
  PRIMARY KEY (`SCOPE_ID`,`ROLE_ID`),
  KEY `IDX_CLSCOPE_ROLE` (`SCOPE_ID`),
  KEY `IDX_ROLE_CLSCOPE` (`ROLE_ID`),
  CONSTRAINT `FK_CL_SCOPE_RM_SCOPE` FOREIGN KEY (`SCOPE_ID`) REFERENCES `CLIENT_SCOPE` (`ID`)
) ENGINE=InnoDB DEFAULT CHARSET=utf8mb3 COLLATE=utf8mb3_unicode_ci;
/*!40101 SET character_set_client = @saved_cs_client */;

--
-- Dumping data for table `CLIENT_SCOPE_ROLE_MAPPING`
--

LOCK TABLES `CLIENT_SCOPE_ROLE_MAPPING` WRITE;
/*!40000 ALTER TABLE `CLIENT_SCOPE_ROLE_MAPPING` DISABLE KEYS */;
INSERT INTO `CLIENT_SCOPE_ROLE_MAPPING` VALUES
('2cbfca5f-d1ef-4a01-93bd-d2f9b01b230e','58ad3bea-f78d-44fb-a72e-e6430e78cf18'),
('c950dd7c-e375-4f9a-92de-edc41a3f695f','14e178c1-6933-49d5-ae27-280ae84dc63e');
/*!40000 ALTER TABLE `CLIENT_SCOPE_ROLE_MAPPING` ENABLE KEYS */;
UNLOCK TABLES;

--
-- Table structure for table `COMPONENT`
--

DROP TABLE IF EXISTS `COMPONENT`;
/*!40101 SET @saved_cs_client     = @@character_set_client */;
/*!40101 SET character_set_client = utf8 */;
CREATE TABLE `COMPONENT` (
  `ID` varchar(36) NOT NULL,
  `NAME` varchar(255) DEFAULT NULL,
  `PARENT_ID` varchar(36) DEFAULT NULL,
  `PROVIDER_ID` varchar(36) DEFAULT NULL,
  `PROVIDER_TYPE` varchar(255) DEFAULT NULL,
  `REALM_ID` varchar(36) DEFAULT NULL,
  `SUB_TYPE` varchar(255) DEFAULT NULL,
  PRIMARY KEY (`ID`),
  KEY `IDX_COMPONENT_REALM` (`REALM_ID`),
  KEY `IDX_COMPONENT_PROVIDER_TYPE` (`PROVIDER_TYPE`),
  CONSTRAINT `FK_COMPONENT_REALM` FOREIGN KEY (`REALM_ID`) REFERENCES `REALM` (`ID`)
) ENGINE=InnoDB DEFAULT CHARSET=utf8mb3 COLLATE=utf8mb3_unicode_ci;
/*!40101 SET character_set_client = @saved_cs_client */;

--
-- Dumping data for table `COMPONENT`
--

LOCK TABLES `COMPONENT` WRITE;
/*!40000 ALTER TABLE `COMPONENT` DISABLE KEYS */;
INSERT INTO `COMPONENT` VALUES
('0a899b5a-95e4-4dea-b4d3-64f4938b5542',NULL,'4b357d97-725f-455d-a69c-4ec10fc47ccd','declarative-user-profile','org.keycloak.userprofile.UserProfileProvider','4b357d97-725f-455d-a69c-4ec10fc47ccd',NULL),
('20a2b602-da7d-4d54-b613-b574532840b2','Kerberos principal attribute mapper','BRRIeqjvTRe_5SujtJG0Rw','kerberos-principal-attribute-mapper','org.keycloak.storage.ldap.mappers.LDAPStorageMapper','ef7f0780-7b02-40a8-adc9-27a5d400be72',NULL),
('2da6aeb7-eb28-43e2-8772-0e4b60ed9b34','creation date','BRRIeqjvTRe_5SujtJG0Rw','user-attribute-ldap-mapper','org.keycloak.storage.ldap.mappers.LDAPStorageMapper','ef7f0780-7b02-40a8-adc9-27a5d400be72',NULL),
('2f0c7d41-408a-4d2a-924d-ca2be6dd9067','aes-generated','4b357d97-725f-455d-a69c-4ec10fc47ccd','aes-generated','org.keycloak.keys.KeyProvider','4b357d97-725f-455d-a69c-4ec10fc47ccd',NULL),
('34bb9b9a-d03a-4520-8c84-185da41c8662','username','BRRIeqjvTRe_5SujtJG0Rw','user-attribute-ldap-mapper','org.keycloak.storage.ldap.mappers.LDAPStorageMapper','ef7f0780-7b02-40a8-adc9-27a5d400be72',NULL),
('3851726a-cc7d-4e11-a210-59701792e96d','Allowed Client Scopes','ef7f0780-7b02-40a8-adc9-27a5d400be72','allowed-client-templates','org.keycloak.services.clientregistration.policy.ClientRegistrationPolicy','ef7f0780-7b02-40a8-adc9-27a5d400be72','anonymous'),
('3c6ed6d8-8b2a-4cc3-a0b1-79ca66ebf915','Allowed Client Scopes','4b357d97-725f-455d-a69c-4ec10fc47ccd','allowed-client-templates','org.keycloak.services.clientregistration.policy.ClientRegistrationPolicy','4b357d97-725f-455d-a69c-4ec10fc47ccd','authenticated'),
('3d328b21-dfaa-40f9-a990-98b963e810ac','Allowed Protocol Mapper Types','ef7f0780-7b02-40a8-adc9-27a5d400be72','allowed-protocol-mappers','org.keycloak.services.clientregistration.policy.ClientRegistrationPolicy','ef7f0780-7b02-40a8-adc9-27a5d400be72','anonymous'),
('3eea056d-47d5-4989-a493-037dd2ed4e24','rsa-generated','ef7f0780-7b02-40a8-adc9-27a5d400be72','rsa-generated','org.keycloak.keys.KeyProvider','ef7f0780-7b02-40a8-adc9-27a5d400be72',NULL),
('428d16b1-b8cb-41bb-ba34-4fc7078de9bb','rsa-enc-generated','ef7f0780-7b02-40a8-adc9-27a5d400be72','rsa-enc-generated','org.keycloak.keys.KeyProvider','ef7f0780-7b02-40a8-adc9-27a5d400be72',NULL),
('45e9eb31-a95d-4b4b-9624-13c6154448be','rsa-generated','4b357d97-725f-455d-a69c-4ec10fc47ccd','rsa-generated','org.keycloak.keys.KeyProvider','4b357d97-725f-455d-a69c-4ec10fc47ccd',NULL),
('496eaedb-b8a8-4a97-9ce4-fadfb771911c','rsa-enc-generated','4b357d97-725f-455d-a69c-4ec10fc47ccd','rsa-enc-generated','org.keycloak.keys.KeyProvider','4b357d97-725f-455d-a69c-4ec10fc47ccd',NULL),
('5b3b3f9a-6868-4219-abb0-b957cafe0252','Full Scope Disabled','4b357d97-725f-455d-a69c-4ec10fc47ccd','scope','org.keycloak.services.clientregistration.policy.ClientRegistrationPolicy','4b357d97-725f-455d-a69c-4ec10fc47ccd','anonymous'),
('5f54e26f-f5e8-49d9-81a6-00ed9eb52a82','Allowed Client Scopes','4b357d97-725f-455d-a69c-4ec10fc47ccd','allowed-client-templates','org.keycloak.services.clientregistration.policy.ClientRegistrationPolicy','4b357d97-725f-455d-a69c-4ec10fc47ccd','anonymous'),
('60b98cf0-5632-4468-af73-061f45520ba3','Max Clients Limit','ef7f0780-7b02-40a8-adc9-27a5d400be72','max-clients','org.keycloak.services.clientregistration.policy.ClientRegistrationPolicy','ef7f0780-7b02-40a8-adc9-27a5d400be72','anonymous'),
('62d37c3e-2f6b-43cf-b9ea-d4e0f7269698','Consent Required','ef7f0780-7b02-40a8-adc9-27a5d400be72','consent-required','org.keycloak.services.clientregistration.policy.ClientRegistrationPolicy','ef7f0780-7b02-40a8-adc9-27a5d400be72','anonymous'),
('641f0e4c-ee9f-4a3f-b281-5443f0f7d70a','hmac-generated-hs512','ef7f0780-7b02-40a8-adc9-27a5d400be72','hmac-generated','org.keycloak.keys.KeyProvider','ef7f0780-7b02-40a8-adc9-27a5d400be72',NULL),
('6894ab1b-d6e6-45fd-b7ef-60824dad3a33','Trusted Hosts','4b357d97-725f-455d-a69c-4ec10fc47ccd','trusted-hosts','org.keycloak.services.clientregistration.policy.ClientRegistrationPolicy','4b357d97-725f-455d-a69c-4ec10fc47ccd','anonymous'),
('69e3a14a-2ff7-4b90-8b3f-0ae3f209d5be','Trusted Hosts','ef7f0780-7b02-40a8-adc9-27a5d400be72','trusted-hosts','org.keycloak.services.clientregistration.policy.ClientRegistrationPolicy','ef7f0780-7b02-40a8-adc9-27a5d400be72','anonymous'),
('7407f8a5-6b60-448e-9f8e-d11c9690c955','first name','BRRIeqjvTRe_5SujtJG0Rw','user-attribute-ldap-mapper','org.keycloak.storage.ldap.mappers.LDAPStorageMapper','ef7f0780-7b02-40a8-adc9-27a5d400be72',NULL),
('8d5df865-c13a-4880-b760-af6f63d3a6fd','Allowed Protocol Mapper Types','4b357d97-725f-455d-a69c-4ec10fc47ccd','allowed-protocol-mappers','org.keycloak.services.clientregistration.policy.ClientRegistrationPolicy','4b357d97-725f-455d-a69c-4ec10fc47ccd','anonymous'),
('8e7e4f15-939e-4165-bf02-df83506d5cf7','Full Scope Disabled','ef7f0780-7b02-40a8-adc9-27a5d400be72','scope','org.keycloak.services.clientregistration.policy.ClientRegistrationPolicy','ef7f0780-7b02-40a8-adc9-27a5d400be72','anonymous'),
('93f0a4d0-3925-4c9d-b17c-710a82834f7d','email','BRRIeqjvTRe_5SujtJG0Rw','user-attribute-ldap-mapper','org.keycloak.storage.ldap.mappers.LDAPStorageMapper','ef7f0780-7b02-40a8-adc9-27a5d400be72',NULL),
('95bbc1c2-0c6e-4845-9395-807d1eb0ae1c','Allowed Protocol Mapper Types','ef7f0780-7b02-40a8-adc9-27a5d400be72','allowed-protocol-mappers','org.keycloak.services.clientregistration.policy.ClientRegistrationPolicy','ef7f0780-7b02-40a8-adc9-27a5d400be72','authenticated'),
('9a349dfa-d0f7-4678-b7e7-c88a8b3a93f7','Allowed Client Scopes','ef7f0780-7b02-40a8-adc9-27a5d400be72','allowed-client-templates','org.keycloak.services.clientregistration.policy.ClientRegistrationPolicy','ef7f0780-7b02-40a8-adc9-27a5d400be72','authenticated'),
('af1b12bd-c39b-4b3a-aa5d-8a087290686a','aes-generated','ef7f0780-7b02-40a8-adc9-27a5d400be72','aes-generated','org.keycloak.keys.KeyProvider','ef7f0780-7b02-40a8-adc9-27a5d400be72',NULL),
('be108254-5270-45e5-aec0-86b74d92d247','last name','BRRIeqjvTRe_5SujtJG0Rw','user-attribute-ldap-mapper','org.keycloak.storage.ldap.mappers.LDAPStorageMapper','ef7f0780-7b02-40a8-adc9-27a5d400be72',NULL),
('BRRIeqjvTRe_5SujtJG0Rw','ldap','ef7f0780-7b02-40a8-adc9-27a5d400be72','ldap','org.keycloak.storage.UserStorageProvider','ef7f0780-7b02-40a8-adc9-27a5d400be72',NULL),
('c5f62671-7f51-4030-832a-5b8231b885ae','Max Clients Limit','4b357d97-725f-455d-a69c-4ec10fc47ccd','max-clients','org.keycloak.services.clientregistration.policy.ClientRegistrationPolicy','4b357d97-725f-455d-a69c-4ec10fc47ccd','anonymous'),
('d64db60b-fdff-4448-851d-3975bf6f3513','Consent Required','4b357d97-725f-455d-a69c-4ec10fc47ccd','consent-required','org.keycloak.services.clientregistration.policy.ClientRegistrationPolicy','4b357d97-725f-455d-a69c-4ec10fc47ccd','anonymous'),
('d69aedb8-b52c-4962-9c43-41ece7c79d29','Allowed Protocol Mapper Types','4b357d97-725f-455d-a69c-4ec10fc47ccd','allowed-protocol-mappers','org.keycloak.services.clientregistration.policy.ClientRegistrationPolicy','4b357d97-725f-455d-a69c-4ec10fc47ccd','authenticated'),
('ebd985cf-eb15-4d7f-a9bb-8a172fd802e0','hmac-generated-hs512','4b357d97-725f-455d-a69c-4ec10fc47ccd','hmac-generated','org.keycloak.keys.KeyProvider','4b357d97-725f-455d-a69c-4ec10fc47ccd',NULL),
('fb6907b6-7d48-4e83-8dbb-f92bc0781842','modify date','BRRIeqjvTRe_5SujtJG0Rw','user-attribute-ldap-mapper','org.keycloak.storage.ldap.mappers.LDAPStorageMapper','ef7f0780-7b02-40a8-adc9-27a5d400be72',NULL);
/*!40000 ALTER TABLE `COMPONENT` ENABLE KEYS */;
UNLOCK TABLES;

--
-- Table structure for table `COMPONENT_CONFIG`
--

DROP TABLE IF EXISTS `COMPONENT_CONFIG`;
/*!40101 SET @saved_cs_client     = @@character_set_client */;
/*!40101 SET character_set_client = utf8 */;
CREATE TABLE `COMPONENT_CONFIG` (
  `ID` varchar(36) NOT NULL,
  `COMPONENT_ID` varchar(36) NOT NULL,
  `NAME` varchar(255) NOT NULL,
  `VALUE` longtext CHARACTER SET utf8mb3 COLLATE utf8mb3_general_ci DEFAULT NULL,
  PRIMARY KEY (`ID`),
  KEY `IDX_COMPO_CONFIG_COMPO` (`COMPONENT_ID`),
  CONSTRAINT `FK_COMPONENT_CONFIG` FOREIGN KEY (`COMPONENT_ID`) REFERENCES `COMPONENT` (`ID`)
) ENGINE=InnoDB DEFAULT CHARSET=utf8mb3 COLLATE=utf8mb3_unicode_ci;
/*!40101 SET character_set_client = @saved_cs_client */;

--
-- Dumping data for table `COMPONENT_CONFIG`
--

LOCK TABLES `COMPONENT_CONFIG` WRITE;
/*!40000 ALTER TABLE `COMPONENT_CONFIG` DISABLE KEYS */;
INSERT INTO `COMPONENT_CONFIG` VALUES
('0304a330-344b-426c-95d6-9cec7b0da744','0a899b5a-95e4-4dea-b4d3-64f4938b5542','kc.user.profile.config','{\"attributes\":[{\"name\":\"username\",\"displayName\":\"${username}\",\"validations\":{\"length\":{\"min\":3,\"max\":255},\"username-prohibited-characters\":{},\"up-username-not-idn-homograph\":{}},\"permissions\":{\"view\":[\"admin\",\"user\"],\"edit\":[\"admin\",\"user\"]},\"multivalued\":false},{\"name\":\"email\",\"displayName\":\"${email}\",\"validations\":{\"email\":{},\"length\":{\"max\":255}},\"permissions\":{\"view\":[\"admin\",\"user\"],\"edit\":[\"admin\",\"user\"]},\"multivalued\":false},{\"name\":\"firstName\",\"displayName\":\"${firstName}\",\"validations\":{\"length\":{\"max\":255},\"person-name-prohibited-characters\":{}},\"permissions\":{\"view\":[\"admin\",\"user\"],\"edit\":[\"admin\",\"user\"]},\"multivalued\":false},{\"name\":\"lastName\",\"displayName\":\"${lastName}\",\"validations\":{\"length\":{\"max\":255},\"person-name-prohibited-characters\":{}},\"permissions\":{\"view\":[\"admin\",\"user\"],\"edit\":[\"admin\",\"user\"]},\"multivalued\":false}],\"groups\":[{\"name\":\"user-metadata\",\"displayHeader\":\"User metadata\",\"displayDescription\":\"Attributes, which refer to user metadata\"}]}'),
('0603412b-3782-4bf5-873a-8066bd4269e2','be108254-5270-45e5-aec0-86b74d92d247','always.read.value.from.ldap','true'),
('0a9cd3f4-6b71-4500-a686-7d1ab925eea2','496eaedb-b8a8-4a97-9ce4-fadfb771911c','certificate','MIICmzCCAYMCBgGUrsgAEzANBgkqhkiG9w0BAQsFADARMQ8wDQYDVQQDDAZtYXN0ZXIwHhcNMjUwMTI4MjExNzEwWhcNMzUwMTI4MjExODUwWjARMQ8wDQYDVQQDDAZtYXN0ZXIwggEiMA0GCSqGSIb3DQEBAQUAA4IBDwAwggEKAoIBAQCl49X4YU61rDnHH2ZL/1vWjl9nnlPAiusfGfph6f4WrQkWNz/hSTJaRRLn1uEfDQY0czbM8OzeU9pK26hRaBzZN2p+7iTwary/mvzXuahILgqwA+MxNX6HTbjcvrvvejDUKhAXw0yoDI+H/ntMd/Sb5QhF+irWd9l2OPwIy4U1o5RR3of8dUzvHAMhqQO4rSk/mVEtsy6xDy5ETwYUgKlPBQG6zDEncWS1Ypey9RUrZ/pwto+fdil+H+rfiZk7nxQBtE4hIzVWRPmrQZnzDtvFHKvMltZNfdvNRj2qq78fwhySnQ6ZNoiRiKy8XqOjeUq4zMrCtgFBte8YaVACFIjtAgMBAAEwDQYJKoZIhvcNAQELBQADggEBADavAQl/fEJ1LhDVyA4w2RFyiyKwTPMH/zhy9wKBOGZqX+jPotYDcFLLU9ycK+BoXl5vE2tvtjcoaPztvbNxpO4Rr1gt2o4/VIFDZEXRfA6JYtA0jMzLpwn/kDu3Nv1Cv+f3MC7oracR0yyn8O4zfuUvjgEL8XcaAdD8+QdkC94AOLCE8JdQlgg8VpGvFvwv3TQPtDlY0+3w7td9PKGZnZrFYPjkoc2Wa1j6xcRQFwqJNO9H3hOUxYiFvQ0Bv+ycIrN3Lza6PEtcuOOyxtWVtBonbQ3DX6eunzHr7fRgseGXMsIKNzl9XBLMjPsZjZ9oz8l+GAnBZX5B1n+jIDy5OF0='),
('0ca6cf01-a1b9-4570-afae-f979df0b2c05','496eaedb-b8a8-4a97-9ce4-fadfb771911c','algorithm','RSA-OAEP'),
('0cb177b8-4a11-44cb-b9a6-8b5c876b26f0','d69aedb8-b52c-4962-9c43-41ece7c79d29','allowed-protocol-mapper-types','oidc-address-mapper'),
('0fa2949c-4609-4a81-af12-e44926770913','be108254-5270-45e5-aec0-86b74d92d247','ldap.attribute','sn'),
('110e5d86-ce18-4471-ae65-a5db0a0fca3f','3d328b21-dfaa-40f9-a990-98b963e810ac','allowed-protocol-mapper-types','oidc-usermodel-attribute-mapper'),
('146f689a-9820-41e7-a898-bdf4be2950f7','8d5df865-c13a-4880-b760-af6f63d3a6fd','allowed-protocol-mapper-types','saml-role-list-mapper'),
('147d1dd0-5c21-4911-9032-3d6422926d8d','BRRIeqjvTRe_5SujtJG0Rw','editMode','WRITABLE'),
('15849ccc-e3b8-47a1-a637-e0b76d3f9dfc','95bbc1c2-0c6e-4845-9395-807d1eb0ae1c','allowed-protocol-mapper-types','oidc-address-mapper'),
('1ed01795-4108-422b-b4aa-e71ba3c6bbdb','BRRIeqjvTRe_5SujtJG0Rw','fullSyncPeriod','-1'),
('22280e8a-fb0b-4cc7-b477-8bba47053a03','2f0c7d41-408a-4d2a-924d-ca2be6dd9067','secret','fAkSU91ohBS-8HmJJpWHYA'),
('2323d874-61d8-48c7-bafe-ed3b3d2b092c','7407f8a5-6b60-448e-9f8e-d11c9690c955','read.only','false'),
('29149041-a1da-464e-95f5-7ff834404463','496eaedb-b8a8-4a97-9ce4-fadfb771911c','privateKey','MIIEpAIBAAKCAQEApePV+GFOtaw5xx9mS/9b1o5fZ55TwIrrHxn6Yen+Fq0JFjc/4UkyWkUS59bhHw0GNHM2zPDs3lPaStuoUWgc2Tdqfu4k8Gq8v5r817moSC4KsAPjMTV+h0243L6773ow1CoQF8NMqAyPh/57THf0m+UIRfoq1nfZdjj8CMuFNaOUUd6H/HVM7xwDIakDuK0pP5lRLbMusQ8uRE8GFICpTwUBuswxJ3FktWKXsvUVK2f6cLaPn3Ypfh/q34mZO58UAbROISM1VkT5q0GZ8w7bxRyrzJbWTX3bzUY9qqu/H8Ickp0OmTaIkYisvF6jo3lKuMzKwrYBQbXvGGlQAhSI7QIDAQABAoIBACQx4id7ucP3VDLvVa9aw9O8RDI0UCNIXDUwwpn3B0a00fD8NI6n3RnnjNCzaHKRMaujgM81+QSoaI5hP2glrnexeOXBeaNQMqcevrCl9ELtcs0FSB6eRKFqcp2Nay187Gb6V4ELzm+zL+T1ADuGx8L09blo9ExPoY3DMLCNkV7Km9sNhgUsk4/h7OUqSiTG9TkfjNyPn8XCNags8ubeuJB1KyjVHFMk1TOPwZUi9VHurbWw8GclE+r5Vec2OrB9Pps9MkLtw2r5UsaHDvuFWIxCTS/Bks+nU4cDLDJivCNlA68CLFV6209rNQo3eTJHowehRvL61HcJAKfo+hTDFFECgYEA6B8FdYul7Y8dJlOSL5QEs9K6/JmoWb4vIofWMQ8dGNFQvD2zKmIE1RDtPD4djGoPN3djrvsLLtEg2NYMsKzMjfZHgPvlRRvVNRbxnVZCziSFr3N40sAypYiT8+g4RLIUC4QZt1DHTxbp6SGoGNEbbW+NVVzA6l+5wTXh6IHCJ3ECgYEAtvSYxZ/ICqCRS6HVg0veTC8luBFlKPzY9S9XKNrylFv/X2GDZ0p1biuL6r7LTqTapCEbKVzma2WXDTGFbppcryHkcoSf2S7MvisSifSeeIrYQtzX13rC/lVMRLW6TDkNHe7byzGD4kgjRQkkqlgucVJRuQW7he3C6bdV4VO/0z0CgYEAnnVG4caSYEjZimd0nTw7tZJ/CZ/P2GvHe5gldVou79k8dzTbkWxWhilG+mAhBdEFUEUVbMd+C9jBxqThBt7/yU295GSRUAs/Ej32dQUFF/rAtFRsv9pq+Kvy7IezmdnDa1UjxQvE883dosPSIBbn1V5YqlRmcdklUqt466NhKlECgYEAn8sSg8kCVwXW4U//xCVHixLCxvmqeRoeBEfMwIo6xQl1CkGJG3YVCpxOIEF0IMQrkp63snDJb5PTUlqmR+vad7wKY1siofYWLSJBluxoXLAoIn3wpus51Bl7+6cdh+VsZ3Bv2BDvN3v6EhniREWwiplzdz5igp8fVjIieCNFr6ECgYAO/9KU9IV4IwgYMCUs8ZBKveWhZ0P+gjdSMHHevfrcMpfs3pR44QBODCzZ33PvZs+fwPE+ViPUeCsMdL/eUkesEVT+kTSkRQXc4RLl9kxQJv0yrlQZ8PR/T06VSm8VrVGOd+TA9R749dCmF1AUjgJ3/QSL3yjeDm6oogJU6fb6Kw=='),
('296c56be-90d0-455c-af61-472a9a3b3d41','34bb9b9a-d03a-4520-8c84-185da41c8662','always.read.value.from.ldap','false'),
('2ba798d0-40ee-4650-82ab-7eff553ffacd','8d5df865-c13a-4880-b760-af6f63d3a6fd','allowed-protocol-mapper-types','oidc-usermodel-attribute-mapper'),
('2c7c8d53-dc52-43be-8eb3-6d240657f525','7407f8a5-6b60-448e-9f8e-d11c9690c955','ldap.attribute','cn'),
('2cc14d04-53bc-4eec-9b5b-8b2c44c9f314','641f0e4c-ee9f-4a3f-b281-5443f0f7d70a','kid','6e1a6ba4-e6c6-4aad-9cb9-0c1076daaac4'),
('33e9e14c-d21b-45c7-8e7a-b6738d7a561a','BRRIeqjvTRe_5SujtJG0Rw','startTls','false'),
('38b08491-0c28-4c3d-a5a3-bf0f5abe5423','496eaedb-b8a8-4a97-9ce4-fadfb771911c','keyUse','ENC'),
('3a993a04-7bb1-4169-aa96-7240c05eafa7','428d16b1-b8cb-41bb-ba34-4fc7078de9bb','privateKey','MIIEpAIBAAKCAQEAuRpeuDOqpgDJHfUf3OUKeXBDP6TyGfSsYEhdl+ouXpFmA8km+njvp7Kmo0/f30XmIvKgp+4mWtI5oX8MxwQvMsUpPXFbIKD7CuPmgJfF2ZDd0qfSbr6N4jDojaRg+yEjcIkpBkAmasMea4015x0K6LljFFHKMZI9mQOLSuPwL1eEMFqcUTQYVevzRmISjfYVD9Pl5elSEIh0S32AIeBprk7dNgniitrDJMZX83mriEzytoOslcrx0t9LUCnaXwOrAu9E83ZSNuEbZzRg9uAi9Ogk6hlSI+rjaB9RPEl2b3Hf0LxCsRYS2a2Nq9mnGKBzdC+GVl2yXNDItGvbD08ToQIDAQABAoIBAB+5oc9fZ5mhG9dLGoVxKizrLVN8sVP6iArOjGALrpvdvsbaVJhsXuL2rzHhcETjxZBq1ldB7Yf2bRM9Y9K+aFqCyVEzGwPKI4zXx7t1h98EwcgnpFz/wvCoIkuYh1izctAIaiQcnZkBzTZw0vLEGwkNMSqb5BQ/9NfDcD3LOHDce8gxlyUkgiM3bZ6yGku4Bf0UxTQWfk3TYUdcDl2vFx3RC6riru+25iP3lHQ1FBS06FvOXkYF1rZfolCyCWUkB92HzvVkOz5ha4jQNlCR0dmk1Jg5bHIqYZx64NkCydHwQtjAOXtkfCbrcOxc6VUNrko9zHg35QJQVR1L97rZggsCgYEA6baly65v2FUIQDjooxfI5aBVK7LJ7HFewa+/knFrFvX/BjXWvnc07lQUeXHcAaQD60ykl0pHo67xjGt7kQnpDMzIc2e0+6EkZarkKn1JpbzaQ62ApUE0qDuSH8lUlNYh1BPcYtLjRNJ0TCtcYdsu2xyv24xCcm133ElfpbHPYoMCgYEAysEOdKhKOHdGnbqUER9QDQHgMrAGNyHXouN1I+dUIfAcqbpfG9zoU89MrcueFxDI9BINcDMLUQ2BftfRk4ZG+wbJt69Zt0Abi5QMIhT8OuL1ujHIGXuTN8Uad5dFXDKr6O+GoYgpxGPJhsqBxGol4w1v8qwDlmY3rE3ZvLa7SAsCgYEArUR++FlTjBPGcS5/smIwy6SpYCNFtmh6cqfkJCK33Sb1Mdp6YWypLkPhhgPWstSxHyIMKCmmoQBTDeKlkmrBf37W4VAyihb2j/U5ARMvpZM0UdZwuJN2AX9gnvY5Ibr7C2rKCe4FFgHcvJes/tNrkoBbFC6RGJp1sTgolAQWFxcCgYEAhub+zEWw5HMQDCA5Jk9UPuNRncgaypH83MdEiHgBNXeCSrfTUkGgXysdlMFW1Xf4jNR6Fn4P+ITo9VF5gxOjpKA2lL3aDqBb83m0vPSDglbCMnmu7q2XHVNKsel3X8njMeA1DsL/L0lJrCKPRvVtce3d33PuCyLFxiIiTnqyj1MCgYBsuC3eMHaj2c9lben//xfQVlmLw5AEg4eRTNRv+m5QVUNz+AeYSlPM8P9TULq3W3QrNyG6wY47p7dRSxHWkJDqKUP8K+dvXmsRQvTAuWk8x3ZV1HTUashD0liIGew8NoaUuXlLShSjH6BlskAlffMCFRO9RZm1vzTFplM0myp2jQ=='),
('3b5a6241-7dc7-49c8-ba8b-355893bf85a7','95bbc1c2-0c6e-4845-9395-807d1eb0ae1c','allowed-protocol-mapper-types','oidc-full-name-mapper'),
('3c3b8599-3196-4f60-9cb7-5e09c9d6f0af','BRRIeqjvTRe_5SujtJG0Rw','syncRegistrations','false'),
('3ec3e60a-2124-42be-bbf1-89cddcae380e','d69aedb8-b52c-4962-9c43-41ece7c79d29','allowed-protocol-mapper-types','oidc-sha256-pairwise-sub-mapper'),
('4241d4d4-40db-43ba-9c4b-0e96541fd6ca','ebd985cf-eb15-4d7f-a9bb-8a172fd802e0','priority','100'),
('466b4a26-32b1-4ea8-a9cc-50cbf9d9f22e','fb6907b6-7d48-4e83-8dbb-f92bc0781842','user.model.attribute','modifyTimestamp'),
('46965870-3a34-41d2-a6d1-81d5279ad006','45e9eb31-a95d-4b4b-9624-13c6154448be','priority','100'),
('46fb01fc-e09b-40ad-90c5-9ffb9c29a7bc','93f0a4d0-3925-4c9d-b17c-710a82834f7d','ldap.attribute','mail'),
('489fb04f-21d1-4048-9a32-94364dcdec71','ebd985cf-eb15-4d7f-a9bb-8a172fd802e0','secret','dtEjXkQmJp-rY8oSGVL0MbCEEK8VtLHt6Os7OncBqXZOCL6gwj4ZJMgVPHtXx8RoN3g2PwXilE-toAY-fsz6YBSTMdQW7X-yzVOO-PPHfArKaZseSVnSk2623qflaeyw0r23eAN10x71j5rGL0B8pyxF2VAxjyscrpTer7E3dPQ'),
('4cbe5ca4-86a2-4979-baaf-415fa2bdf237','BRRIeqjvTRe_5SujtJG0Rw','importEnabled','true'),
('4cd2901d-f995-40a0-9c8b-ead62c1c7719','BRRIeqjvTRe_5SujtJG0Rw','pagination','true'),
('4e8ab601-373d-401a-b486-54b48985c4a2','641f0e4c-ee9f-4a3f-b281-5443f0f7d70a','algorithm','HS512'),
('4fdca6ec-d815-4f6c-a141-60ebaa63b52f','95bbc1c2-0c6e-4845-9395-807d1eb0ae1c','allowed-protocol-mapper-types','oidc-sha256-pairwise-sub-mapper'),
('51184906-85ee-4596-9469-5ca74b66f20a','5f54e26f-f5e8-49d9-81a6-00ed9eb52a82','allow-default-scopes','true'),
('512ed093-457e-4635-b2b3-1a360177a43b','BRRIeqjvTRe_5SujtJG0Rw','bindDn','cn=admin,dc=example,dc=org'),
('534bf7d5-7405-4400-b714-aa2015670fe1','fb6907b6-7d48-4e83-8dbb-f92bc0781842','ldap.attribute','modifyTimestamp'),
('545800e5-6580-4f10-bbcd-faaa36258a80','BRRIeqjvTRe_5SujtJG0Rw','searchScope','1'),
('5579577a-e9ad-4a65-ba6a-004d43756ace','BRRIeqjvTRe_5SujtJG0Rw','authType','simple'),
('5581350b-3378-4a7d-ab5a-7b6f84a80101','2da6aeb7-eb28-43e2-8772-0e4b60ed9b34','read.only','true'),
('590a0320-a537-4440-b770-5db0ff0dd8f5','fb6907b6-7d48-4e83-8dbb-f92bc0781842','read.only','true'),
('59b71773-b287-4866-a20b-885be172acac','8d5df865-c13a-4880-b760-af6f63d3a6fd','allowed-protocol-mapper-types','oidc-address-mapper'),
('5a2f84e9-7fea-447c-b5fc-5f2280a91ed0','93f0a4d0-3925-4c9d-b17c-710a82834f7d','always.read.value.from.ldap','false'),
('5a7a3781-aa82-41ed-b943-e21cc26cb362','95bbc1c2-0c6e-4845-9395-807d1eb0ae1c','allowed-protocol-mapper-types','saml-user-attribute-mapper'),
('6003f915-dfc4-4c7b-9322-61227777705b','af1b12bd-c39b-4b3a-aa5d-8a087290686a','kid','eb0058c0-ef97-4ee5-a74c-66554ab50f51'),
('60f4cb88-d1c5-4290-972c-29c7a22accad','3eea056d-47d5-4989-a493-037dd2ed4e24','privateKey','MIIEogIBAAKCAQEA53iVhD0gkHUrVOYa0hq0XfXdvIuVyKuVP2tvBa4ja43ZYjH16oIi91JF2+uo6FEFuaj4MB5hWRcNF+SDtV43U3OF+HXvIqYjWIYxshamZmSw8GHpDI3L3ea5dUr6QBW1EWWLSmpE42un9xjSW5E9e/8sRx8UzwZ8mHadXZ2FB0AJIr/RaXMkz1djB/2ZrNU7CHoJhRsbXgb+915DDC9tjD+nQhxCEgDw4y/0O/KszqRj3Msji8zA8Jee+B3WkYrVfrktSR+2bfuHitG/RHhNktIC9tEDTq1bjxae6SIP5PilJu8NYAKtc3UWgmbPRVNN5KpLVXAQa7vjdxVjneEAmQIDAQABAoIBABXvHwn4KecOd1P09xssRSW3N/MXLhMlMUAge9WHthsJxszvi4xUlyAlF3Iaz3duQBLjEFus8VAaJ1c5hAKSgj8h7hLIiCfaIvTPSJPF4jBHP94ThRw3rpchNzdGatbaR711iCC917fOOo0neL2NEoy2tjkqGJRymqlu6gQWOmYgjN3INWHLS75yD9obXl8a0ZxIssO36FRBWF8sZmONFe1jV58OmXS9RuQ8ATAnQrZXCxxZ1vgZWqIV13Blk4M0uiz4rv0wg3UQ2aTkZqIHCQ5fbd0ILBLFqXN6xBzB1vQfi/lPdyRsDDAKT8C+/vcWxIO5D0tH4ppjjnhJ8ELx+IECgYEA/whyOMTNjGgcHX9TvzmVbTSsgBSaXi+FD/5WqO3g76i9jSoo64hACtyW3kV2JxTkgn6c5vegz2j2HgIIm2ED07PV0wMHPLn34+x1/ePdJUf5PD3bc4LQQvsms2Dtv8nIMTNv+NuGYk+Vw5bvgpgW3lAftNTzNvINkJclHIgJSsECgYEA6FlEUycbklVpM5MareaCRrUHMcNqCK8FUuzrdx9uU5NCFWC1eSve5yNoAPF9hw0EoXJsOLofu22e5992Ld+b0ZseDfyzDXCvjCx9mQYYip8QdSqBFYie30s4/ix/TtcUdYYDSBdSRfaPFUpO12/1xDhVqG4Ii8Kd9DwqqrQYY9kCgYB/8E/EtM3c6vl3vsFXg963Wx5SXoOWTkZ1YIU+157o+4CjyYufpMlj6Ydx1+zO7Ec6Q6QYpg8xHZmiMij5MbEGygexhKpjx3NZDu2eQWpWYoXgt7NYfj5V68JdaHm8pdBdBk3czNvcg8pAxX4/yGZofk95mv6sCL/PUlOWvZPTwQKBgF+gpdNHbDyc9JBqgfeCwKmTRiPAFrr+NcW8hujfQcwZ9n/P7sCxQquE0gBZY92aiQZdjpcGW5sLcfRi70PQHVR2cDc3gwYME+QwR30cmisrbl2aocgYE7M5RXqvG7J6KQx5nI4mMxFied88VxiqFs+sk+yfZNsIvXPQ84qQVt15AoGAdoAW3Ip8M0fmKZIwvt6grXfTRyDxy+1YAkfnxdNZ5ZRXSTr8Ib6a1SMSKTRsh1+zdKfypc10w8obrksd82qWE3cOI0HK/ghoo6h6xsTFwkwrSLG65iSEaH2N92j444xrr4hivKeanXFq4G3/w0WSlEqFG0X5fmU6cdW8uVfQLBw='),
('6258ef57-be47-4fa2-82af-e38013cd887e','3d328b21-dfaa-40f9-a990-98b963e810ac','allowed-protocol-mapper-types','oidc-sha256-pairwise-sub-mapper'),
('63e8dc47-0f92-4b06-a9d5-e8b227736c66','6894ab1b-d6e6-45fd-b7ef-60824dad3a33','client-uris-must-match','true'),
('6467b162-4167-4f83-9568-c520efad7abf','6894ab1b-d6e6-45fd-b7ef-60824dad3a33','host-sending-registration-request-must-match','true'),
('646a1f2b-074f-4a60-adcc-5fac34bb5d8c','3d328b21-dfaa-40f9-a990-98b963e810ac','allowed-protocol-mapper-types','oidc-address-mapper'),
('659cac59-fc4a-45ec-bc93-65ef17545397','BRRIeqjvTRe_5SujtJG0Rw','changedSyncPeriod','-1'),
('65e421b4-fb14-4d19-9533-38e5fe31c35c','95bbc1c2-0c6e-4845-9395-807d1eb0ae1c','allowed-protocol-mapper-types','oidc-usermodel-property-mapper'),
('6601ca35-4b87-41c1-8a8d-950266ab819b','34bb9b9a-d03a-4520-8c84-185da41c8662','ldap.attribute','uid'),
('6b9c9cca-6a69-4802-bf6d-a6e6c553984a','fb6907b6-7d48-4e83-8dbb-f92bc0781842','always.read.value.from.ldap','true'),
('6c5eeb43-f65e-4318-8eab-53931bd3bb2f','8d5df865-c13a-4880-b760-af6f63d3a6fd','allowed-protocol-mapper-types','oidc-sha256-pairwise-sub-mapper'),
('6d3d1b03-f187-479b-bad3-5d58dc306165','95bbc1c2-0c6e-4845-9395-807d1eb0ae1c','allowed-protocol-mapper-types','saml-role-list-mapper'),
('6e71c81b-72ae-47dd-b944-baeace1b72ab','95bbc1c2-0c6e-4845-9395-807d1eb0ae1c','allowed-protocol-mapper-types','oidc-usermodel-attribute-mapper'),
('703b1302-d177-4553-8e46-45035b832c19','7407f8a5-6b60-448e-9f8e-d11c9690c955','always.read.value.from.ldap','true'),
('7132a02a-7b4b-4da5-9d68-1c29a6b08f87','34bb9b9a-d03a-4520-8c84-185da41c8662','user.model.attribute','username'),
('75097d7f-b78b-4c47-9b48-5a8f2cc254e0','BRRIeqjvTRe_5SujtJG0Rw','rdnLDAPAttribute','uid'),
('79d2af9c-90cb-4519-99a3-ae36c6a10be1','be108254-5270-45e5-aec0-86b74d92d247','read.only','false'),
('7a583fd5-b2d9-4e06-87a7-65bc20710523','3eea056d-47d5-4989-a493-037dd2ed4e24','certificate','MIICpTCCAY0CBgGUruiaqDANBgkqhkiG9w0BAQsFADAWMRQwEgYDVQQDDAtIUEMtQ2x1c3RlcjAeFw0yNTAxMjgyMTUyNDdaFw0zNTAxMjgyMTU0MjdaMBYxFDASBgNVBAMMC0hQQy1DbHVzdGVyMIIBIjANBgkqhkiG9w0BAQEFAAOCAQ8AMIIBCgKCAQEA53iVhD0gkHUrVOYa0hq0XfXdvIuVyKuVP2tvBa4ja43ZYjH16oIi91JF2+uo6FEFuaj4MB5hWRcNF+SDtV43U3OF+HXvIqYjWIYxshamZmSw8GHpDI3L3ea5dUr6QBW1EWWLSmpE42un9xjSW5E9e/8sRx8UzwZ8mHadXZ2FB0AJIr/RaXMkz1djB/2ZrNU7CHoJhRsbXgb+915DDC9tjD+nQhxCEgDw4y/0O/KszqRj3Msji8zA8Jee+B3WkYrVfrktSR+2bfuHitG/RHhNktIC9tEDTq1bjxae6SIP5PilJu8NYAKtc3UWgmbPRVNN5KpLVXAQa7vjdxVjneEAmQIDAQABMA0GCSqGSIb3DQEBCwUAA4IBAQAA16DatLMyjq5zJO6x+PgrOG6g8bDt3z6El6V0gZnPASipepRlsww9R6QUQ7L+9o+GJargN6rh3qx/TSa4OwWVyPRt1Tz9v08iGivbR5b53FNjLsR/ghEJbMO4j93nXnCMUHSxUaI8jBNyR/DAIpW/wj4HrCEB0QN5XPgbjbt0rFHqBAeRt43Zq56Fa9yKBMwnk//Ac7pWA8rqy05HIRLzLoue8DJTFSnqe8sMzZt0WULsEA7ktlhXbFMr+goVdwRmILvp8rRo4bW3Nr29Ee8TqV5BL+C/lNAHPHfBAFK/m+rWx5qBGY3elIoM/MIUfIYHnlRnxnLizQIyP5fC2+hA'),
('7c671c90-d472-4d3a-9bb5-e19804f17d7b','428d16b1-b8cb-41bb-ba34-4fc7078de9bb','algorithm','RSA-OAEP'),
('7d36bb41-b2e3-41af-9d07-e4242888b03d','60b98cf0-5632-4468-af73-061f45520ba3','max-clients','200'),
('7dd6be51-1b44-40e3-a5f9-d2a01faa1353','ebd985cf-eb15-4d7f-a9bb-8a172fd802e0','algorithm','HS512'),
('7e808625-0015-4112-aff5-0fa0e650969d','ebd985cf-eb15-4d7f-a9bb-8a172fd802e0','kid','09024019-e7ed-472a-9f4b-f1585eaa91fa'),
('7ee6af20-d9cb-4c39-a7c3-c7e996def1d2','8d5df865-c13a-4880-b760-af6f63d3a6fd','allowed-protocol-mapper-types','saml-user-property-mapper'),
('83248b95-0f01-4cf8-89fc-eeb898c2ef58','fb6907b6-7d48-4e83-8dbb-f92bc0781842','is.mandatory.in.ldap','false'),
('85b83ca0-6fd8-4ad9-bb9d-62f1b2d53e9d','69e3a14a-2ff7-4b90-8b3f-0ae3f209d5be','host-sending-registration-request-must-match','true'),
('888734a1-d053-42c3-af7f-daab5576fc4a','3d328b21-dfaa-40f9-a990-98b963e810ac','allowed-protocol-mapper-types','saml-role-list-mapper'),
('8979ad70-8a28-4e7a-8d99-fb2d91804629','3d328b21-dfaa-40f9-a990-98b963e810ac','allowed-protocol-mapper-types','oidc-usermodel-property-mapper'),
('8c518ec1-f4d9-4f69-b46d-5b0fedc1703b','BRRIeqjvTRe_5SujtJG0Rw','usersDn','ou=People,dc=example,dc=org'),
('8c7eb07d-8ec7-4352-a821-34966ba4e188','BRRIeqjvTRe_5SujtJG0Rw','connectionPooling','false'),
('909614b5-84de-4c91-abda-2494eac7ca01','BRRIeqjvTRe_5SujtJG0Rw','validatePasswordPolicy','false'),
('9385af39-1a6c-4ae4-bd71-6e525ee03813','d69aedb8-b52c-4962-9c43-41ece7c79d29','allowed-protocol-mapper-types','oidc-usermodel-property-mapper'),
('93ebb54a-38b5-43a2-afd6-9f0ecb53a75d','34bb9b9a-d03a-4520-8c84-185da41c8662','is.mandatory.in.ldap','true'),
('93f70500-cbcd-4984-b5cc-bb17bc3807ab','8d5df865-c13a-4880-b760-af6f63d3a6fd','allowed-protocol-mapper-types','oidc-full-name-mapper'),
('94da927d-bd0c-43b2-adb2-99a91a71640e','d69aedb8-b52c-4962-9c43-41ece7c79d29','allowed-protocol-mapper-types','saml-user-attribute-mapper'),
('955e82e0-8f4c-42a6-ae5d-7acf00803dfd','BRRIeqjvTRe_5SujtJG0Rw','usePasswordModifyExtendedOp','false'),
('95a4a4ae-92eb-4dbe-86b6-097a40000dad','BRRIeqjvTRe_5SujtJG0Rw','krbPrincipalAttribute','krb5PrincipalName'),
('95f67925-86ab-4f4e-804f-91281c4d3e6d','9a349dfa-d0f7-4678-b7e7-c88a8b3a93f7','allow-default-scopes','true'),
('96d24246-6570-4cba-aae5-f635cd9ce706','BRRIeqjvTRe_5SujtJG0Rw','trustEmail','false'),
('977903b8-c704-42a1-a593-b9fd9d3431de','d69aedb8-b52c-4962-9c43-41ece7c79d29','allowed-protocol-mapper-types','oidc-usermodel-attribute-mapper'),
('97b65d97-2f58-4fc9-8ace-7d1887e14cbe','69e3a14a-2ff7-4b90-8b3f-0ae3f209d5be','client-uris-must-match','true'),
('97eb72db-5d04-48e6-8f82-f684d071eb6b','2da6aeb7-eb28-43e2-8772-0e4b60ed9b34','is.mandatory.in.ldap','false'),
('981ddbf5-4ee1-4f42-9478-64e7a42c529d','34bb9b9a-d03a-4520-8c84-185da41c8662','read.only','false'),
('9a85fefd-6c8d-44d1-ab0c-923f217637b7','428d16b1-b8cb-41bb-ba34-4fc7078de9bb','certificate','MIICpTCCAY0CBgGUruibqjANBgkqhkiG9w0BAQsFADAWMRQwEgYDVQQDDAtIUEMtQ2x1c3RlcjAeFw0yNTAxMjgyMTUyNDdaFw0zNTAxMjgyMTU0MjdaMBYxFDASBgNVBAMMC0hQQy1DbHVzdGVyMIIBIjANBgkqhkiG9w0BAQEFAAOCAQ8AMIIBCgKCAQEAuRpeuDOqpgDJHfUf3OUKeXBDP6TyGfSsYEhdl+ouXpFmA8km+njvp7Kmo0/f30XmIvKgp+4mWtI5oX8MxwQvMsUpPXFbIKD7CuPmgJfF2ZDd0qfSbr6N4jDojaRg+yEjcIkpBkAmasMea4015x0K6LljFFHKMZI9mQOLSuPwL1eEMFqcUTQYVevzRmISjfYVD9Pl5elSEIh0S32AIeBprk7dNgniitrDJMZX83mriEzytoOslcrx0t9LUCnaXwOrAu9E83ZSNuEbZzRg9uAi9Ogk6hlSI+rjaB9RPEl2b3Hf0LxCsRYS2a2Nq9mnGKBzdC+GVl2yXNDItGvbD08ToQIDAQABMA0GCSqGSIb3DQEBCwUAA4IBAQCDWB3ScaTfJaVoQkEPMUB5Jro5UqyNgB5YOKzAzdHi/d4OoAAQQPuLBKM8bjoVuY9x5jmN2ccFqQGDz24bX6+wy9wk78NmnfEPK6YGc629a1AI7OxPhiLDqkwtjTZ6eXESE3l/Ui/znjEFf0bUmqb2QSlkaQqiPpy/COgN3SKMUHNSGsnOOtPfQrdS0Tq4mBlOWzJlNGo25xjzChEFzMAKFJ/BwBzzIuXD/DV4zwnX7itR0KuxxxghImJSRKyKn7Irtw15FAlRiii+Gzkj5CTtkurTy/0VSYNOg/TjbhksD42FXOH5Uvq1lc0K/OkbbZe6YrHvTIGdy56sDBYm2Jo5'),
('9e47d836-e40e-4c8e-9b8f-261eff78f288','be108254-5270-45e5-aec0-86b74d92d247','is.mandatory.in.ldap','true'),
('a29314a9-49c8-4439-a3ec-7a7f44302a6e','3eea056d-47d5-4989-a493-037dd2ed4e24','keyUse','SIG'),
('a300a65b-48b9-4675-a006-794560928fd2','7407f8a5-6b60-448e-9f8e-d11c9690c955','is.mandatory.in.ldap','true'),
('a4620fa8-6d45-4c94-8a73-642194684c3d','3c6ed6d8-8b2a-4cc3-a0b1-79ca66ebf915','allow-default-scopes','true'),
('a5653b6d-05cd-4f91-83f4-1b4e5f090dd3','BRRIeqjvTRe_5SujtJG0Rw','connectionUrl','ldap://ldap'),
('a5ba8ad0-35d7-4055-80f7-3d0aad143da7','93f0a4d0-3925-4c9d-b17c-710a82834f7d','read.only','false'),
('ab7c9cae-44fa-4682-bb63-30b59490b2b4','BRRIeqjvTRe_5SujtJG0Rw','useTruststoreSpi','always'),
('ac18e72d-8ff1-406d-92d2-7061decd59aa','BRRIeqjvTRe_5SujtJG0Rw','vendor','other'),
('ade1095c-325d-451b-81db-51070026c8d1','be108254-5270-45e5-aec0-86b74d92d247','user.model.attribute','lastName'),
('aeed05dc-fb6a-49ca-adab-443958aafb57','3d328b21-dfaa-40f9-a990-98b963e810ac','allowed-protocol-mapper-types','saml-user-attribute-mapper'),
('afb44de2-5683-48ad-a3a8-945dec3749eb','93f0a4d0-3925-4c9d-b17c-710a82834f7d','is.mandatory.in.ldap','false'),
('b194da9b-76ce-45ca-9112-a3fd6ef28032','2f0c7d41-408a-4d2a-924d-ca2be6dd9067','priority','100'),
('b279e28b-15aa-49fb-a78b-fe48f89354e7','3851726a-cc7d-4e11-a210-59701792e96d','allow-default-scopes','true'),
('b391397b-9ed5-4eb5-9b49-11a47656be4d','af1b12bd-c39b-4b3a-aa5d-8a087290686a','priority','100'),
('b3b83a8a-c5c7-4948-8092-cc010eecd846','BRRIeqjvTRe_5SujtJG0Rw','enabled','true'),
('b48e63de-a9fa-4880-bd0a-8ea76f47c828','45e9eb31-a95d-4b4b-9624-13c6154448be','certificate','MIICmzCCAYMCBgGUrsf/rjANBgkqhkiG9w0BAQsFADARMQ8wDQYDVQQDDAZtYXN0ZXIwHhcNMjUwMTI4MjExNzEwWhcNMzUwMTI4MjExODUwWjARMQ8wDQYDVQQDDAZtYXN0ZXIwggEiMA0GCSqGSIb3DQEBAQUAA4IBDwAwggEKAoIBAQChhtRWChlpAlPNLHfhtJHpWzxuIGl3/dkuuuLgQry8ABKttzanGpx+kFayYzTF5k3tl0K/LRKN2jlUu8RGaOIKb+Mcz6lK2KYycabwnOhsrufM1SbyDZ++aRe7hUqSwlpkqBN5+CtWztnu1PEM6i/88KPB/wHo/FGxVT/Y3I+AwcCoGHIDDBXiK9wiytSIQR9JodH/Df9N2R04CNrA52Mzj6hZkdgd//+s59uQHahSW8YGjIYZuPXEWsjiYFnbDGhxm9Oh0yGqMlDL0Sog5jHsixoJFN3TpsWn2MVa9pBZrYmgDh6uD5QNb7FeabbL5nOgaySZT4B28Fgf2ajNec31AgMBAAEwDQYJKoZIhvcNAQELBQADggEBAB5BhC5uWI+q2kJYG4lbtQ5+BCnDywNIuX0x1XinmI4ZRPzyd6xTQx75oVnnane44gX3Nv3h+rGFrjqfiQJwyP2HsjD8DDvGZykD+OGV2ce5WxHUpCY07TtgAZkmui1jey3hwDXf+PieVyI8Tts+txCPwj9INaCMd9eEv0wyzSUCm2H/3AiUn+AXdXfWkM+2Tagz7O3iBQR3CMMeAbKXTurNh148tA+/wrg/AnWJzQOhlt1PBZl8LMDb13fSFYRIwZgcYHSPq5rShCY43nmC5fiQ/eqbaX+bFD6a3oD2hEJniBxpez836Cr+UtuMoNUCf59EE3gf0qYxwgCjzLnbqN4='),
('b4d40f14-1e38-408d-9003-b9a5f91786b9','BRRIeqjvTRe_5SujtJG0Rw','connectionTrace','false'),
('b67cc0c5-839a-454c-bea8-37a7f98512f6','BRRIeqjvTRe_5SujtJG0Rw','bindCredential','admin'),
('b8d0341e-26b0-4532-96a3-761c42d80386','45e9eb31-a95d-4b4b-9624-13c6154448be','privateKey','MIIEpAIBAAKCAQEAoYbUVgoZaQJTzSx34bSR6Vs8biBpd/3ZLrri4EK8vAASrbc2pxqcfpBWsmM0xeZN7ZdCvy0Sjdo5VLvERmjiCm/jHM+pStimMnGm8JzobK7nzNUm8g2fvmkXu4VKksJaZKgTefgrVs7Z7tTxDOov/PCjwf8B6PxRsVU/2NyPgMHAqBhyAwwV4ivcIsrUiEEfSaHR/w3/TdkdOAjawOdjM4+oWZHYHf//rOfbkB2oUlvGBoyGGbj1xFrI4mBZ2wxocZvTodMhqjJQy9EqIOYx7IsaCRTd06bFp9jFWvaQWa2JoA4erg+UDW+xXmm2y+ZzoGskmU+AdvBYH9mozXnN9QIDAQABAoIBABgY1jqTvSC2USwtsyC/4HiwvL4tJa7Z9vmKtegA7MkbNa4mxAd/59LV06k/NZNEfWGxjCqbHcZ9xMnITUq3wOkPshENRdM9qOWjoOUKc34rRbeAIRRBRhCQ+xJlmy9zwSp9DJLInCaSK17+84sasNgKSlPZqD5KziEnd6Pxm5L4l9g+zUyzEpO+5VNYYXxS3fgzsJ4aQvaMs21fNnUUlFzzjSztJc9E2NZ4EvNUbixDsx0u7YdoEPjPmwoFNrzAbSOAUMqv2aDexWrGSschVPjmz22mY/2DAPr9Z5WFN36KL+8gh25Vi+eINV97HhO4d9x5jbjB3WtVsvwOp1GWSa0CgYEA3EP2begtDLk74OdypyBoWzFO2arJS5CT7P2V0cc5GN1eGtPTHY4/SccTs/cltnBxPfPAg3TdAHsYTa/2wDwJfI7b+mDNWmoZxHMnZl3gCeGoMW5MDzGNiKoXWBWn1U+voJNlXXw7pKmiSpNkc439zWZt6ECCcwFg0MyzgVGTQasCgYEAu7tVouxik5KhI8jMLS1/8UlgHnwLfRKB9jqkXrhMdKmDUmL9k7hLYK/kZ2WqD46MyIPbn5uTFBTnJ90FKjxYn8wWo/7xm8QoMtyV0wQWki+aFSGi4Eig26PAXUzuqVhXqAbO3SLuCMKPFho2yboBllxOMPLgvP2pVmtuVVoUzt8CgYA/sWtmFrhIMJwvCd5uk4F5tUVuzeMNdc5Avod/NNO+6+xVZ6Fpr4N/ixCYfsQqAFPOrVii6r0pcW7ysApzRikcGpdjzHA1T+8Jjp77C/RIBzfCq3lU/2hE96JudzykAznu/hBWuyDoGaFzXTGz9IBKz+7CNT1DkkdzuW3C3FrvpwKBgQCUl03MHDBWQCwdZ9T8OVRYhkx3NJXfVGPbokTx2AxkFrwj3Mh7QNcg23f8w0Jc9+bE22FdrsU2kuj364AoEwXOzbpp6eQQ960dvO01zbmT0euyqCIERlhUIQOklb0d+xe+nkzkSb6A3oZk5zDQcNLK0ZruMX/i9yAuj/APzLJFnwKBgQC4SUSeaUMFT44D6O2JWrxnzKw5yhERVu4LqiIQHGwvRBUTd3Xi+MSzhHVJyxG3jLFOGFfcxJHhXsdusAAthIwx5+Jak++YR6e8Jw8o50smo9fLWdDYnZh61en7iPJci29FiERKF4JrVTXyOFkKoadNTKcQtrGr0wKHJ363D0LLzw=='),
('babfc00f-63ba-4116-9be5-4e1c4bba10e7','BRRIeqjvTRe_5SujtJG0Rw','usernameLDAPAttribute','uid'),
('be2110a4-5ad4-46c9-88cd-00264232fcb4','8d5df865-c13a-4880-b760-af6f63d3a6fd','allowed-protocol-mapper-types','saml-user-attribute-mapper'),
('c2a1fed1-56f7-4051-9e26-ae9fd6c4de62','95bbc1c2-0c6e-4845-9395-807d1eb0ae1c','allowed-protocol-mapper-types','saml-user-property-mapper'),
('c2b1c24f-86c2-49bb-830b-a2fb32c05f18','496eaedb-b8a8-4a97-9ce4-fadfb771911c','priority','100'),
('c9a506f7-4466-45ab-8434-f4beaa322c0a','BRRIeqjvTRe_5SujtJG0Rw','uuidLDAPAttribute','entryUUID'),
('c9d7568a-e167-4893-ad4c-3fc88b9cf207','428d16b1-b8cb-41bb-ba34-4fc7078de9bb','priority','100'),
('cb1132c0-ceb7-423f-ba55-1043fe5f84f6','2da6aeb7-eb28-43e2-8772-0e4b60ed9b34','ldap.attribute','createTimestamp'),
('cb53cf7f-e177-499a-91d2-86b1f720d2ab','93f0a4d0-3925-4c9d-b17c-710a82834f7d','user.model.attribute','email'),
('cd481b3b-ca8c-449a-8d1c-b6253f943af7','d69aedb8-b52c-4962-9c43-41ece7c79d29','allowed-protocol-mapper-types','saml-role-list-mapper'),
('ce16b07e-8fee-48ba-ba17-a583ab6767a7','d69aedb8-b52c-4962-9c43-41ece7c79d29','allowed-protocol-mapper-types','saml-user-property-mapper'),
('cee9a22a-d930-4058-8b08-424c18bc33c4','2da6aeb7-eb28-43e2-8772-0e4b60ed9b34','user.model.attribute','createTimestamp'),
('d2de9582-db2e-4db2-b11e-a0e23bacd413','641f0e4c-ee9f-4a3f-b281-5443f0f7d70a','priority','100'),
('d6ec1032-d414-43f2-b5ff-7a84b8b75c59','d69aedb8-b52c-4962-9c43-41ece7c79d29','allowed-protocol-mapper-types','oidc-full-name-mapper'),
('df3c1225-0a8b-4bdb-ba68-26e67218c638','3eea056d-47d5-4989-a493-037dd2ed4e24','priority','100'),
('e133fa44-69a2-4682-9ca6-252c508ad577','641f0e4c-ee9f-4a3f-b281-5443f0f7d70a','secret','57vK748WX3UkJMWptG4Ac6rQRiaZKdLpS2pgjZHPdR3wox5SNmJxPNCoB4_LfUlyYxZp3xK1_UNv5rqsd9vT_N7wVxCRV1izvykcPGXvysATt_rBNCkQlFqslV3NcJhsB1ws-G3mkFqvsQQPdt3ZUXbZhcSkQjCFJGfV0PJTOYA'),
('e1cdba5c-0cbd-475c-8679-fab2feed7a93','3d328b21-dfaa-40f9-a990-98b963e810ac','allowed-protocol-mapper-types','oidc-full-name-mapper'),
('e36d0db1-b405-4b85-87c3-e95ab556d792','2f0c7d41-408a-4d2a-924d-ca2be6dd9067','kid','1491b36b-a0c9-452a-bb91-b07ff9c2f182'),
('e8988b1b-cc62-424b-af00-e3a0eac2e2f3','BRRIeqjvTRe_5SujtJG0Rw','userObjectClasses','inetOrgPerson, organizationalPerson'),
('e9b18e81-53dc-4982-8e96-67f3392e409d','af1b12bd-c39b-4b3a-aa5d-8a087290686a','secret','tmvFLo8yWkM05O6O8xQQUQ'),
('ed1a975c-eb8b-4a8a-8bda-2a8dd2d13dd0','7407f8a5-6b60-448e-9f8e-d11c9690c955','user.model.attribute','firstName'),
('ed2cef48-052d-46c1-afd5-b557ee57cc1f','c5f62671-7f51-4030-832a-5b8231b885ae','max-clients','200'),
('ed3fa66b-f6d7-4611-84e9-36505813757e','45e9eb31-a95d-4b4b-9624-13c6154448be','keyUse','SIG'),
('eec3a1db-cc97-4b49-80cd-9a71e4c32979','3d328b21-dfaa-40f9-a990-98b963e810ac','allowed-protocol-mapper-types','saml-user-property-mapper'),
('eeefc154-d62d-4795-8482-20953bcba13e','428d16b1-b8cb-41bb-ba34-4fc7078de9bb','keyUse','ENC'),
('f0a5af0a-c9b0-4b75-b0ff-f6ddb11501e0','BRRIeqjvTRe_5SujtJG0Rw','useKerberosForPasswordAuthentication','false'),
('f1f68229-72a1-44f7-b619-6d3f0de2e452','BRRIeqjvTRe_5SujtJG0Rw','allowKerberosAuthentication','false'),
('f6e9c05f-127e-4a58-9df7-9b1794811473','BRRIeqjvTRe_5SujtJG0Rw','cachePolicy','DEFAULT'),
('fb0c65fa-f518-4b62-9ed7-dcbd40931f56','2da6aeb7-eb28-43e2-8772-0e4b60ed9b34','always.read.value.from.ldap','true'),
('fbde2cc3-c0ff-4545-a099-a7b7e6e2fe64','8d5df865-c13a-4880-b760-af6f63d3a6fd','allowed-protocol-mapper-types','oidc-usermodel-property-mapper');
/*!40000 ALTER TABLE `COMPONENT_CONFIG` ENABLE KEYS */;
UNLOCK TABLES;

--
-- Table structure for table `COMPOSITE_ROLE`
--

DROP TABLE IF EXISTS `COMPOSITE_ROLE`;
/*!40101 SET @saved_cs_client     = @@character_set_client */;
/*!40101 SET character_set_client = utf8 */;
CREATE TABLE `COMPOSITE_ROLE` (
  `COMPOSITE` varchar(36) NOT NULL,
  `CHILD_ROLE` varchar(36) NOT NULL,
  PRIMARY KEY (`COMPOSITE`,`CHILD_ROLE`),
  KEY `IDX_COMPOSITE` (`COMPOSITE`),
  KEY `IDX_COMPOSITE_CHILD` (`CHILD_ROLE`),
  CONSTRAINT `FK_A63WVEKFTU8JO1PNJ81E7MCE2` FOREIGN KEY (`COMPOSITE`) REFERENCES `KEYCLOAK_ROLE` (`ID`),
  CONSTRAINT `FK_GR7THLLB9LU8Q4VQA4524JJY8` FOREIGN KEY (`CHILD_ROLE`) REFERENCES `KEYCLOAK_ROLE` (`ID`)
) ENGINE=InnoDB DEFAULT CHARSET=utf8mb3 COLLATE=utf8mb3_unicode_ci;
/*!40101 SET character_set_client = @saved_cs_client */;

--
-- Dumping data for table `COMPOSITE_ROLE`
--

LOCK TABLES `COMPOSITE_ROLE` WRITE;
/*!40000 ALTER TABLE `COMPOSITE_ROLE` DISABLE KEYS */;
INSERT INTO `COMPOSITE_ROLE` VALUES
('17d926d7-c97a-41a8-aad5-159d8ba98ed1','8c51b3b3-92b2-4831-a496-9a529326a7fb'),
('17d926d7-c97a-41a8-aad5-159d8ba98ed1','953a668d-7541-4f7f-8a83-9d0f519afe85'),
('1c26b222-c515-43c9-8d9b-fe2512a63b95','f0b94964-ba46-4cb7-af35-1adbeb21f106'),
('1f835096-71ce-4b66-aecb-671da62a1015','da6fcaeb-a08a-4204-aef2-d25e41a8cfed'),
('286ab202-d2fa-4d4c-a2f5-6efd22191a64','1f835096-71ce-4b66-aecb-671da62a1015'),
('286ab202-d2fa-4d4c-a2f5-6efd22191a64','58ad3bea-f78d-44fb-a72e-e6430e78cf18'),
('286ab202-d2fa-4d4c-a2f5-6efd22191a64','5e5a672f-e36e-4cad-903c-822957980527'),
('286ab202-d2fa-4d4c-a2f5-6efd22191a64','fea00bf4-f5de-4256-a815-530a7a753fba'),
('29503a5e-eedc-4732-a4dc-710e8dc4c4b5','b6246cd5-bdc9-4d2a-a049-e5ecfb6d67bd'),
('29503a5e-eedc-4732-a4dc-710e8dc4c4b5','d9248e27-7060-4f25-ae77-fcbaa05d8cdc'),
('5dbbd0be-7986-4aac-a142-85a5f60eb86e','5994d98e-efad-40a8-a2fa-a1214336dd0e'),
('5e51b9b8-17d5-400b-81c9-b43ecbf1edcc','f9119a7b-44c2-4ef6-9c65-d82bb41dbcc3'),
('64ca09d0-72b1-4348-ac2a-be4ddfa549bc','0014400c-c621-4cb7-bdb2-5be0ba95b02c'),
('64ca09d0-72b1-4348-ac2a-be4ddfa549bc','01a91d0e-0d51-4a05-9398-4241740d5e52'),
('64ca09d0-72b1-4348-ac2a-be4ddfa549bc','0285a1da-1419-4fef-85b0-092637786d42'),
('64ca09d0-72b1-4348-ac2a-be4ddfa549bc','135d9390-bded-4fb6-81c0-143575a80c66'),
('64ca09d0-72b1-4348-ac2a-be4ddfa549bc','17d926d7-c97a-41a8-aad5-159d8ba98ed1'),
('64ca09d0-72b1-4348-ac2a-be4ddfa549bc','1c26b222-c515-43c9-8d9b-fe2512a63b95'),
('64ca09d0-72b1-4348-ac2a-be4ddfa549bc','556f5055-c6d2-49db-86a5-202aa73a0267'),
('64ca09d0-72b1-4348-ac2a-be4ddfa549bc','5696b85f-09be-4e17-a8f5-6958467241bd'),
('64ca09d0-72b1-4348-ac2a-be4ddfa549bc','7c96cfe2-4476-4ea6-a6a1-f165a2d215d8'),
('64ca09d0-72b1-4348-ac2a-be4ddfa549bc','8c51b3b3-92b2-4831-a496-9a529326a7fb'),
('64ca09d0-72b1-4348-ac2a-be4ddfa549bc','953a668d-7541-4f7f-8a83-9d0f519afe85'),
('64ca09d0-72b1-4348-ac2a-be4ddfa549bc','ad7cba94-14e8-4d31-bf88-6e375f1cbe10'),
('64ca09d0-72b1-4348-ac2a-be4ddfa549bc','df7bacae-2922-4c33-b1bb-e51f0b62a0c4'),
('64ca09d0-72b1-4348-ac2a-be4ddfa549bc','e09ed6b9-84b1-4857-8c00-248eb6802ce6'),
('64ca09d0-72b1-4348-ac2a-be4ddfa549bc','e113f0e5-9973-48f6-8118-b545839a129d'),
('64ca09d0-72b1-4348-ac2a-be4ddfa549bc','eae480a2-5b7f-439f-92ca-58cec055e9d2'),
('64ca09d0-72b1-4348-ac2a-be4ddfa549bc','f0b94964-ba46-4cb7-af35-1adbeb21f106'),
('64ca09d0-72b1-4348-ac2a-be4ddfa549bc','f6752221-1fab-4fdd-a1d9-a8670a2190ea'),
('88824ba9-a109-4109-b67f-dd0b61ef1fba','c2470d4d-445e-4887-a9d3-b9c1722d1483'),
('8a2c19d7-2aeb-4c08-ae9c-f683b9cc9411','1bf2625b-aa3d-45c0-a96a-6912eb20d95c'),
('8a2c19d7-2aeb-4c08-ae9c-f683b9cc9411','ebdf905c-0c95-4227-a93c-df536de3b32a'),
('905501fd-84b2-4ea1-95e0-414769b8fa73','0c0619f9-7132-4b0d-89f3-0c4171e292db'),
('905501fd-84b2-4ea1-95e0-414769b8fa73','14fd530d-d494-4a1d-a231-d91d84688a65'),
('905501fd-84b2-4ea1-95e0-414769b8fa73','1a1ced7a-c5a4-4cec-a7db-a88e3060fb81'),
('905501fd-84b2-4ea1-95e0-414769b8fa73','1bf2625b-aa3d-45c0-a96a-6912eb20d95c'),
('905501fd-84b2-4ea1-95e0-414769b8fa73','20413e1e-58fd-46e8-b642-7fdd145688d4'),
('905501fd-84b2-4ea1-95e0-414769b8fa73','29503a5e-eedc-4732-a4dc-710e8dc4c4b5'),
('905501fd-84b2-4ea1-95e0-414769b8fa73','29e91c79-9850-4aeb-81ed-f544a377bbfd'),
('905501fd-84b2-4ea1-95e0-414769b8fa73','33bed96a-8443-4fcf-a481-8a5d1eb8049a'),
('905501fd-84b2-4ea1-95e0-414769b8fa73','3d60d554-dabd-45ca-8da4-b1e149190b3f'),
('905501fd-84b2-4ea1-95e0-414769b8fa73','55a93c02-523c-4725-b7cb-a1439759a831'),
('905501fd-84b2-4ea1-95e0-414769b8fa73','67ee6868-516b-4db1-ba83-1943f9611dbe'),
('905501fd-84b2-4ea1-95e0-414769b8fa73','687c18ef-3faa-46be-a061-c76aa08a676f'),
('905501fd-84b2-4ea1-95e0-414769b8fa73','7d55fc22-d580-496d-8f9b-ca237f5327bd'),
('905501fd-84b2-4ea1-95e0-414769b8fa73','88824ba9-a109-4109-b67f-dd0b61ef1fba'),
('905501fd-84b2-4ea1-95e0-414769b8fa73','889d2203-8005-4b90-bdc5-f4ae6fd039e5'),
('905501fd-84b2-4ea1-95e0-414769b8fa73','8a2c19d7-2aeb-4c08-ae9c-f683b9cc9411'),
('905501fd-84b2-4ea1-95e0-414769b8fa73','8f8090ea-164c-4a05-b05f-3d6c76a393ef'),
('905501fd-84b2-4ea1-95e0-414769b8fa73','a9ed7ca6-ada4-4d24-bc1d-e8abd545e97c'),
('905501fd-84b2-4ea1-95e0-414769b8fa73','ab714c01-eeef-4605-9eb1-5661b829e6b5'),
('905501fd-84b2-4ea1-95e0-414769b8fa73','b10ddf58-2e1e-4332-a87c-7d54b8157798'),
('905501fd-84b2-4ea1-95e0-414769b8fa73','b6246cd5-bdc9-4d2a-a049-e5ecfb6d67bd'),
('905501fd-84b2-4ea1-95e0-414769b8fa73','c2470d4d-445e-4887-a9d3-b9c1722d1483'),
('905501fd-84b2-4ea1-95e0-414769b8fa73','c6a6d149-3957-4182-ac0c-8ea5cf107956'),
('905501fd-84b2-4ea1-95e0-414769b8fa73','c9f1ebb6-1986-4d59-a50d-fcf554b3beff'),
('905501fd-84b2-4ea1-95e0-414769b8fa73','d264fa07-a62e-4990-918d-4560c1d8e052'),
('905501fd-84b2-4ea1-95e0-414769b8fa73','d75623ba-5f59-4af1-afff-d15e536757fb'),
('905501fd-84b2-4ea1-95e0-414769b8fa73','d9248e27-7060-4f25-ae77-fcbaa05d8cdc'),
('905501fd-84b2-4ea1-95e0-414769b8fa73','dbeeb8a4-eed4-4602-95ba-8185b6a08d78'),
('905501fd-84b2-4ea1-95e0-414769b8fa73','dffffc85-a1fa-4a7f-ac69-8c4c4317666e'),
('905501fd-84b2-4ea1-95e0-414769b8fa73','e0854642-a425-4e7d-b6cc-3b6a403bc42d'),
('905501fd-84b2-4ea1-95e0-414769b8fa73','e1b5a463-c8e2-4340-b346-ca60479f1f50'),
('905501fd-84b2-4ea1-95e0-414769b8fa73','e26eb438-a11e-40da-835f-fe59ab70882b'),
('905501fd-84b2-4ea1-95e0-414769b8fa73','e7b31008-6d8b-437d-86e3-fa755d312d85'),
('905501fd-84b2-4ea1-95e0-414769b8fa73','e7dcbd12-ee7d-4f2e-97cd-74ed528dfd94'),
('905501fd-84b2-4ea1-95e0-414769b8fa73','ebdf905c-0c95-4227-a93c-df536de3b32a'),
('905501fd-84b2-4ea1-95e0-414769b8fa73','f91940ce-ae92-47e8-a40c-48e4409f2dbe'),
('905501fd-84b2-4ea1-95e0-414769b8fa73','fd84bd4e-739f-4859-b5de-601cbc60ee90'),
('a1860d0b-5510-48af-a01b-1cce2cd01a2b','a7adada3-6f54-405d-8307-7b4e9707f967'),
('c9f1ebb6-1986-4d59-a50d-fcf554b3beff','8f8090ea-164c-4a05-b05f-3d6c76a393ef'),
('d5bbb37c-b99b-4890-a091-f6ea5957e1fd','14e178c1-6933-49d5-ae27-280ae84dc63e'),
('d5bbb37c-b99b-4890-a091-f6ea5957e1fd','184fc86b-cdcf-4ec2-8d4e-35768f14be49'),
('d5bbb37c-b99b-4890-a091-f6ea5957e1fd','a1860d0b-5510-48af-a01b-1cce2cd01a2b'),
('d5bbb37c-b99b-4890-a091-f6ea5957e1fd','d615a350-e962-4601-9c7c-bd96d019649b');
/*!40000 ALTER TABLE `COMPOSITE_ROLE` ENABLE KEYS */;
UNLOCK TABLES;

--
-- Table structure for table `CREDENTIAL`
--

DROP TABLE IF EXISTS `CREDENTIAL`;
/*!40101 SET @saved_cs_client     = @@character_set_client */;
/*!40101 SET character_set_client = utf8 */;
CREATE TABLE `CREDENTIAL` (
  `ID` varchar(36) NOT NULL,
  `SALT` tinyblob DEFAULT NULL,
  `TYPE` varchar(255) DEFAULT NULL,
  `USER_ID` varchar(36) DEFAULT NULL,
  `CREATED_DATE` bigint(20) DEFAULT NULL,
  `USER_LABEL` varchar(255) DEFAULT NULL,
  `SECRET_DATA` longtext DEFAULT NULL,
  `CREDENTIAL_DATA` longtext DEFAULT NULL,
  `PRIORITY` int(11) DEFAULT NULL,
  PRIMARY KEY (`ID`),
  KEY `IDX_USER_CREDENTIAL` (`USER_ID`),
  CONSTRAINT `FK_PFYR0GLASQYL0DEI3KL69R6V0` FOREIGN KEY (`USER_ID`) REFERENCES `USER_ENTITY` (`ID`)
) ENGINE=InnoDB DEFAULT CHARSET=utf8mb3 COLLATE=utf8mb3_unicode_ci;
/*!40101 SET character_set_client = @saved_cs_client */;

--
-- Dumping data for table `CREDENTIAL`
--

LOCK TABLES `CREDENTIAL` WRITE;
/*!40000 ALTER TABLE `CREDENTIAL` DISABLE KEYS */;
INSERT INTO `CREDENTIAL` VALUES
('3896e121-dd4f-4310-a859-71555222cd1b',NULL,'password','e934d182-ea69-4923-bae1-e3d6059aa799',1738099130613,NULL,'{\"value\":\"tJBSXJj2XKXaXmcLKiXtYFb/xFEfB67U2RBb+kZGJLE=\",\"salt\":\"RNlPIyyFKa8K1dOi+3JD4w==\",\"additionalParameters\":{}}','{\"hashIterations\":5,\"algorithm\":\"argon2\",\"additionalParameters\":{\"hashLength\":[\"32\"],\"memory\":[\"7168\"],\"type\":[\"id\"],\"version\":[\"1.3\"],\"parallelism\":[\"1\"]}}',10);
/*!40000 ALTER TABLE `CREDENTIAL` ENABLE KEYS */;
UNLOCK TABLES;

--
-- Table structure for table `DATABASECHANGELOG`
--

DROP TABLE IF EXISTS `DATABASECHANGELOG`;
/*!40101 SET @saved_cs_client     = @@character_set_client */;
/*!40101 SET character_set_client = utf8 */;
CREATE TABLE `DATABASECHANGELOG` (
  `ID` varchar(255) NOT NULL,
  `AUTHOR` varchar(255) NOT NULL,
  `FILENAME` varchar(255) NOT NULL,
  `DATEEXECUTED` datetime NOT NULL,
  `ORDEREXECUTED` int(11) NOT NULL,
  `EXECTYPE` varchar(10) NOT NULL,
  `MD5SUM` varchar(35) DEFAULT NULL,
  `DESCRIPTION` varchar(255) DEFAULT NULL,
  `COMMENTS` varchar(255) DEFAULT NULL,
  `TAG` varchar(255) DEFAULT NULL,
  `LIQUIBASE` varchar(20) DEFAULT NULL,
  `CONTEXTS` varchar(255) DEFAULT NULL,
  `LABELS` varchar(255) DEFAULT NULL,
  `DEPLOYMENT_ID` varchar(10) DEFAULT NULL
) ENGINE=InnoDB DEFAULT CHARSET=utf8mb3 COLLATE=utf8mb3_unicode_ci;
/*!40101 SET character_set_client = @saved_cs_client */;

--
-- Dumping data for table `DATABASECHANGELOG`
--

LOCK TABLES `DATABASECHANGELOG` WRITE;
/*!40000 ALTER TABLE `DATABASECHANGELOG` DISABLE KEYS */;
INSERT INTO `DATABASECHANGELOG` VALUES
('1.0.0.Final-KEYCLOAK-5461','sthorger@redhat.com','META-INF/jpa-changelog-1.0.0.Final.xml','2025-01-28 21:18:26',1,'EXECUTED','9:6f1016664e21e16d26517a4418f5e3df','createTable tableName=APPLICATION_DEFAULT_ROLES; createTable tableName=CLIENT; createTable tableName=CLIENT_SESSION; createTable tableName=CLIENT_SESSION_ROLE; createTable tableName=COMPOSITE_ROLE; createTable tableName=CREDENTIAL; createTable tab...','',NULL,'4.29.1',NULL,NULL,'8099103264'),
('1.0.0.Final-KEYCLOAK-5461','sthorger@redhat.com','META-INF/db2-jpa-changelog-1.0.0.Final.xml','2025-01-28 21:18:26',2,'MARK_RAN','9:828775b1596a07d1200ba1d49e5e3941','createTable tableName=APPLICATION_DEFAULT_ROLES; createTable tableName=CLIENT; createTable tableName=CLIENT_SESSION; createTable tableName=CLIENT_SESSION_ROLE; createTable tableName=COMPOSITE_ROLE; createTable tableName=CREDENTIAL; createTable tab...','',NULL,'4.29.1',NULL,NULL,'8099103264'),
('1.1.0.Beta1','sthorger@redhat.com','META-INF/jpa-changelog-1.1.0.Beta1.xml','2025-01-28 21:18:26',3,'EXECUTED','9:5f090e44a7d595883c1fb61f4b41fd38','delete tableName=CLIENT_SESSION_ROLE; delete tableName=CLIENT_SESSION; delete tableName=USER_SESSION; createTable tableName=CLIENT_ATTRIBUTES; createTable tableName=CLIENT_SESSION_NOTE; createTable tableName=APP_NODE_REGISTRATIONS; addColumn table...','',NULL,'4.29.1',NULL,NULL,'8099103264'),
('1.1.0.Final','sthorger@redhat.com','META-INF/jpa-changelog-1.1.0.Final.xml','2025-01-28 21:18:26',4,'EXECUTED','9:c07e577387a3d2c04d1adc9aaad8730e','renameColumn newColumnName=EVENT_TIME, oldColumnName=TIME, tableName=EVENT_ENTITY','',NULL,'4.29.1',NULL,NULL,'8099103264'),
('1.2.0.Beta1','psilva@redhat.com','META-INF/jpa-changelog-1.2.0.Beta1.xml','2025-01-28 21:18:27',5,'EXECUTED','9:b68ce996c655922dbcd2fe6b6ae72686','delete tableName=CLIENT_SESSION_ROLE; delete tableName=CLIENT_SESSION_NOTE; delete tableName=CLIENT_SESSION; delete tableName=USER_SESSION; createTable tableName=PROTOCOL_MAPPER; createTable tableName=PROTOCOL_MAPPER_CONFIG; createTable tableName=...','',NULL,'4.29.1',NULL,NULL,'8099103264'),
('1.2.0.Beta1','psilva@redhat.com','META-INF/db2-jpa-changelog-1.2.0.Beta1.xml','2025-01-28 21:18:27',6,'MARK_RAN','9:543b5c9989f024fe35c6f6c5a97de88e','delete tableName=CLIENT_SESSION_ROLE; delete tableName=CLIENT_SESSION_NOTE; delete tableName=CLIENT_SESSION; delete tableName=USER_SESSION; createTable tableName=PROTOCOL_MAPPER; createTable tableName=PROTOCOL_MAPPER_CONFIG; createTable tableName=...','',NULL,'4.29.1',NULL,NULL,'8099103264'),
('1.2.0.RC1','bburke@redhat.com','META-INF/jpa-changelog-1.2.0.CR1.xml','2025-01-28 21:18:28',7,'EXECUTED','9:765afebbe21cf5bbca048e632df38336','delete tableName=CLIENT_SESSION_ROLE; delete tableName=CLIENT_SESSION_NOTE; delete tableName=CLIENT_SESSION; delete tableName=USER_SESSION_NOTE; delete tableName=USER_SESSION; createTable tableName=MIGRATION_MODEL; createTable tableName=IDENTITY_P...','',NULL,'4.29.1',NULL,NULL,'8099103264'),
('1.2.0.RC1','bburke@redhat.com','META-INF/db2-jpa-changelog-1.2.0.CR1.xml','2025-01-28 21:18:28',8,'MARK_RAN','9:db4a145ba11a6fdaefb397f6dbf829a1','delete tableName=CLIENT_SESSION_ROLE; delete tableName=CLIENT_SESSION_NOTE; delete tableName=CLIENT_SESSION; delete tableName=USER_SESSION_NOTE; delete tableName=USER_SESSION; createTable tableName=MIGRATION_MODEL; createTable tableName=IDENTITY_P...','',NULL,'4.29.1',NULL,NULL,'8099103264'),
('1.2.0.Final','keycloak','META-INF/jpa-changelog-1.2.0.Final.xml','2025-01-28 21:18:28',9,'EXECUTED','9:9d05c7be10cdb873f8bcb41bc3a8ab23','update tableName=CLIENT; update tableName=CLIENT; update tableName=CLIENT','',NULL,'4.29.1',NULL,NULL,'8099103264'),
('1.3.0','bburke@redhat.com','META-INF/jpa-changelog-1.3.0.xml','2025-01-28 21:18:30',10,'EXECUTED','9:18593702353128d53111f9b1ff0b82b8','delete tableName=CLIENT_SESSION_ROLE; delete tableName=CLIENT_SESSION_PROT_MAPPER; delete tableName=CLIENT_SESSION_NOTE; delete tableName=CLIENT_SESSION; delete tableName=USER_SESSION_NOTE; delete tableName=USER_SESSION; createTable tableName=ADMI...','',NULL,'4.29.1',NULL,NULL,'8099103264'),
('1.4.0','bburke@redhat.com','META-INF/jpa-changelog-1.4.0.xml','2025-01-28 21:18:30',11,'EXECUTED','9:6122efe5f090e41a85c0f1c9e52cbb62','delete tableName=CLIENT_SESSION_AUTH_STATUS; delete tableName=CLIENT_SESSION_ROLE; delete tableName=CLIENT_SESSION_PROT_MAPPER; delete tableName=CLIENT_SESSION_NOTE; delete tableName=CLIENT_SESSION; delete tableName=USER_SESSION_NOTE; delete table...','',NULL,'4.29.1',NULL,NULL,'8099103264'),
('1.4.0','bburke@redhat.com','META-INF/db2-jpa-changelog-1.4.0.xml','2025-01-28 21:18:30',12,'MARK_RAN','9:e1ff28bf7568451453f844c5d54bb0b5','delete tableName=CLIENT_SESSION_AUTH_STATUS; delete tableName=CLIENT_SESSION_ROLE; delete tableName=CLIENT_SESSION_PROT_MAPPER; delete tableName=CLIENT_SESSION_NOTE; delete tableName=CLIENT_SESSION; delete tableName=USER_SESSION_NOTE; delete table...','',NULL,'4.29.1',NULL,NULL,'8099103264'),
('1.5.0','bburke@redhat.com','META-INF/jpa-changelog-1.5.0.xml','2025-01-28 21:18:30',13,'EXECUTED','9:7af32cd8957fbc069f796b61217483fd','delete tableName=CLIENT_SESSION_AUTH_STATUS; delete tableName=CLIENT_SESSION_ROLE; delete tableName=CLIENT_SESSION_PROT_MAPPER; delete tableName=CLIENT_SESSION_NOTE; delete tableName=CLIENT_SESSION; delete tableName=USER_SESSION_NOTE; delete table...','',NULL,'4.29.1',NULL,NULL,'8099103264'),
('1.6.1_from15','mposolda@redhat.com','META-INF/jpa-changelog-1.6.1.xml','2025-01-28 21:18:30',14,'EXECUTED','9:6005e15e84714cd83226bf7879f54190','addColumn tableName=REALM; addColumn tableName=KEYCLOAK_ROLE; addColumn tableName=CLIENT; createTable tableName=OFFLINE_USER_SESSION; createTable tableName=OFFLINE_CLIENT_SESSION; addPrimaryKey constraintName=CONSTRAINT_OFFL_US_SES_PK2, tableName=...','',NULL,'4.29.1',NULL,NULL,'8099103264'),
('1.6.1_from16-pre','mposolda@redhat.com','META-INF/jpa-changelog-1.6.1.xml','2025-01-28 21:18:31',15,'MARK_RAN','9:bf656f5a2b055d07f314431cae76f06c','delete tableName=OFFLINE_CLIENT_SESSION; delete tableName=OFFLINE_USER_SESSION','',NULL,'4.29.1',NULL,NULL,'8099103264'),
('1.6.1_from16','mposolda@redhat.com','META-INF/jpa-changelog-1.6.1.xml','2025-01-28 21:18:31',16,'MARK_RAN','9:f8dadc9284440469dcf71e25ca6ab99b','dropPrimaryKey constraintName=CONSTRAINT_OFFLINE_US_SES_PK, tableName=OFFLINE_USER_SESSION; dropPrimaryKey constraintName=CONSTRAINT_OFFLINE_CL_SES_PK, tableName=OFFLINE_CLIENT_SESSION; addColumn tableName=OFFLINE_USER_SESSION; update tableName=OF...','',NULL,'4.29.1',NULL,NULL,'8099103264'),
('1.6.1','mposolda@redhat.com','META-INF/jpa-changelog-1.6.1.xml','2025-01-28 21:18:31',17,'EXECUTED','9:d41d8cd98f00b204e9800998ecf8427e','empty','',NULL,'4.29.1',NULL,NULL,'8099103264'),
('1.7.0','bburke@redhat.com','META-INF/jpa-changelog-1.7.0.xml','2025-01-28 21:18:31',18,'EXECUTED','9:3368ff0be4c2855ee2dd9ca813b38d8e','createTable tableName=KEYCLOAK_GROUP; createTable tableName=GROUP_ROLE_MAPPING; createTable tableName=GROUP_ATTRIBUTE; createTable tableName=USER_GROUP_MEMBERSHIP; createTable tableName=REALM_DEFAULT_GROUPS; addColumn tableName=IDENTITY_PROVIDER; ...','',NULL,'4.29.1',NULL,NULL,'8099103264'),
('1.8.0','mposolda@redhat.com','META-INF/jpa-changelog-1.8.0.xml','2025-01-28 21:18:32',19,'EXECUTED','9:8ac2fb5dd030b24c0570a763ed75ed20','addColumn tableName=IDENTITY_PROVIDER; createTable tableName=CLIENT_TEMPLATE; createTable tableName=CLIENT_TEMPLATE_ATTRIBUTES; createTable tableName=TEMPLATE_SCOPE_MAPPING; dropNotNullConstraint columnName=CLIENT_ID, tableName=PROTOCOL_MAPPER; ad...','',NULL,'4.29.1',NULL,NULL,'8099103264'),
('1.8.0-2','keycloak','META-INF/jpa-changelog-1.8.0.xml','2025-01-28 21:18:32',20,'EXECUTED','9:f91ddca9b19743db60e3057679810e6c','dropDefaultValue columnName=ALGORITHM, tableName=CREDENTIAL; update tableName=CREDENTIAL','',NULL,'4.29.1',NULL,NULL,'8099103264'),
('1.8.0','mposolda@redhat.com','META-INF/db2-jpa-changelog-1.8.0.xml','2025-01-28 21:18:32',21,'MARK_RAN','9:831e82914316dc8a57dc09d755f23c51','addColumn tableName=IDENTITY_PROVIDER; createTable tableName=CLIENT_TEMPLATE; createTable tableName=CLIENT_TEMPLATE_ATTRIBUTES; createTable tableName=TEMPLATE_SCOPE_MAPPING; dropNotNullConstraint columnName=CLIENT_ID, tableName=PROTOCOL_MAPPER; ad...','',NULL,'4.29.1',NULL,NULL,'8099103264'),
('1.8.0-2','keycloak','META-INF/db2-jpa-changelog-1.8.0.xml','2025-01-28 21:18:32',22,'MARK_RAN','9:f91ddca9b19743db60e3057679810e6c','dropDefaultValue columnName=ALGORITHM, tableName=CREDENTIAL; update tableName=CREDENTIAL','',NULL,'4.29.1',NULL,NULL,'8099103264'),
('1.9.0','mposolda@redhat.com','META-INF/jpa-changelog-1.9.0.xml','2025-01-28 21:18:32',23,'EXECUTED','9:bc3d0f9e823a69dc21e23e94c7a94bb1','update tableName=REALM; update tableName=REALM; update tableName=REALM; update tableName=REALM; update tableName=CREDENTIAL; update tableName=CREDENTIAL; update tableName=CREDENTIAL; update tableName=REALM; update tableName=REALM; customChange; dr...','',NULL,'4.29.1',NULL,NULL,'8099103264'),
('1.9.1','keycloak','META-INF/jpa-changelog-1.9.1.xml','2025-01-28 21:18:32',24,'EXECUTED','9:c9999da42f543575ab790e76439a2679','modifyDataType columnName=PRIVATE_KEY, tableName=REALM; modifyDataType columnName=PUBLIC_KEY, tableName=REALM; modifyDataType columnName=CERTIFICATE, tableName=REALM','',NULL,'4.29.1',NULL,NULL,'8099103264'),
('1.9.1','keycloak','META-INF/db2-jpa-changelog-1.9.1.xml','2025-01-28 21:18:32',25,'MARK_RAN','9:0d6c65c6f58732d81569e77b10ba301d','modifyDataType columnName=PRIVATE_KEY, tableName=REALM; modifyDataType columnName=CERTIFICATE, tableName=REALM','',NULL,'4.29.1',NULL,NULL,'8099103264'),
('1.9.2','keycloak','META-INF/jpa-changelog-1.9.2.xml','2025-01-28 21:18:33',26,'EXECUTED','9:fc576660fc016ae53d2d4778d84d86d0','createIndex indexName=IDX_USER_EMAIL, tableName=USER_ENTITY; createIndex indexName=IDX_USER_ROLE_MAPPING, tableName=USER_ROLE_MAPPING; createIndex indexName=IDX_USER_GROUP_MAPPING, tableName=USER_GROUP_MEMBERSHIP; createIndex indexName=IDX_USER_CO...','',NULL,'4.29.1',NULL,NULL,'8099103264'),
('authz-2.0.0','psilva@redhat.com','META-INF/jpa-changelog-authz-2.0.0.xml','2025-01-28 21:18:34',27,'EXECUTED','9:43ed6b0da89ff77206289e87eaa9c024','createTable tableName=RESOURCE_SERVER; addPrimaryKey constraintName=CONSTRAINT_FARS, tableName=RESOURCE_SERVER; addUniqueConstraint constraintName=UK_AU8TT6T700S9V50BU18WS5HA6, tableName=RESOURCE_SERVER; createTable tableName=RESOURCE_SERVER_RESOU...','',NULL,'4.29.1',NULL,NULL,'8099103264'),
('authz-2.5.1','psilva@redhat.com','META-INF/jpa-changelog-authz-2.5.1.xml','2025-01-28 21:18:34',28,'EXECUTED','9:44bae577f551b3738740281eceb4ea70','update tableName=RESOURCE_SERVER_POLICY','',NULL,'4.29.1',NULL,NULL,'8099103264'),
('2.1.0-KEYCLOAK-5461','bburke@redhat.com','META-INF/jpa-changelog-2.1.0.xml','2025-01-28 21:18:34',29,'EXECUTED','9:bd88e1f833df0420b01e114533aee5e8','createTable tableName=BROKER_LINK; createTable tableName=FED_USER_ATTRIBUTE; createTable tableName=FED_USER_CONSENT; createTable tableName=FED_USER_CONSENT_ROLE; createTable tableName=FED_USER_CONSENT_PROT_MAPPER; createTable tableName=FED_USER_CR...','',NULL,'4.29.1',NULL,NULL,'8099103264'),
('2.2.0','bburke@redhat.com','META-INF/jpa-changelog-2.2.0.xml','2025-01-28 21:18:34',30,'EXECUTED','9:a7022af5267f019d020edfe316ef4371','addColumn tableName=ADMIN_EVENT_ENTITY; createTable tableName=CREDENTIAL_ATTRIBUTE; createTable tableName=FED_CREDENTIAL_ATTRIBUTE; modifyDataType columnName=VALUE, tableName=CREDENTIAL; addForeignKeyConstraint baseTableName=FED_CREDENTIAL_ATTRIBU...','',NULL,'4.29.1',NULL,NULL,'8099103264'),
('2.3.0','bburke@redhat.com','META-INF/jpa-changelog-2.3.0.xml','2025-01-28 21:18:35',31,'EXECUTED','9:fc155c394040654d6a79227e56f5e25a','createTable tableName=FEDERATED_USER; addPrimaryKey constraintName=CONSTR_FEDERATED_USER, tableName=FEDERATED_USER; dropDefaultValue columnName=TOTP, tableName=USER_ENTITY; dropColumn columnName=TOTP, tableName=USER_ENTITY; addColumn tableName=IDE...','',NULL,'4.29.1',NULL,NULL,'8099103264'),
('2.4.0','bburke@redhat.com','META-INF/jpa-changelog-2.4.0.xml','2025-01-28 21:18:35',32,'EXECUTED','9:eac4ffb2a14795e5dc7b426063e54d88','customChange','',NULL,'4.29.1',NULL,NULL,'8099103264'),
('2.5.0','bburke@redhat.com','META-INF/jpa-changelog-2.5.0.xml','2025-01-28 21:18:35',33,'EXECUTED','9:54937c05672568c4c64fc9524c1e9462','customChange; modifyDataType columnName=USER_ID, tableName=OFFLINE_USER_SESSION','',NULL,'4.29.1',NULL,NULL,'8099103264'),
('2.5.0-unicode-oracle','hmlnarik@redhat.com','META-INF/jpa-changelog-2.5.0.xml','2025-01-28 21:18:35',34,'MARK_RAN','9:3a32bace77c84d7678d035a7f5a8084e','modifyDataType columnName=DESCRIPTION, tableName=AUTHENTICATION_FLOW; modifyDataType columnName=DESCRIPTION, tableName=CLIENT_TEMPLATE; modifyDataType columnName=DESCRIPTION, tableName=RESOURCE_SERVER_POLICY; modifyDataType columnName=DESCRIPTION,...','',NULL,'4.29.1',NULL,NULL,'8099103264'),
('2.5.0-unicode-other-dbs','hmlnarik@redhat.com','META-INF/jpa-changelog-2.5.0.xml','2025-01-28 21:18:35',35,'EXECUTED','9:33d72168746f81f98ae3a1e8e0ca3554','modifyDataType columnName=DESCRIPTION, tableName=AUTHENTICATION_FLOW; modifyDataType columnName=DESCRIPTION, tableName=CLIENT_TEMPLATE; modifyDataType columnName=DESCRIPTION, tableName=RESOURCE_SERVER_POLICY; modifyDataType columnName=DESCRIPTION,...','',NULL,'4.29.1',NULL,NULL,'8099103264'),
('2.5.0-duplicate-email-support','slawomir@dabek.name','META-INF/jpa-changelog-2.5.0.xml','2025-01-28 21:18:35',36,'EXECUTED','9:61b6d3d7a4c0e0024b0c839da283da0c','addColumn tableName=REALM','',NULL,'4.29.1',NULL,NULL,'8099103264'),
('2.5.0-unique-group-names','hmlnarik@redhat.com','META-INF/jpa-changelog-2.5.0.xml','2025-01-28 21:18:35',37,'EXECUTED','9:8dcac7bdf7378e7d823cdfddebf72fda','addUniqueConstraint constraintName=SIBLING_NAMES, tableName=KEYCLOAK_GROUP','',NULL,'4.29.1',NULL,NULL,'8099103264'),
('2.5.1','bburke@redhat.com','META-INF/jpa-changelog-2.5.1.xml','2025-01-28 21:18:35',38,'EXECUTED','9:a2b870802540cb3faa72098db5388af3','addColumn tableName=FED_USER_CONSENT','',NULL,'4.29.1',NULL,NULL,'8099103264'),
('3.0.0','bburke@redhat.com','META-INF/jpa-changelog-3.0.0.xml','2025-01-28 21:18:35',39,'EXECUTED','9:132a67499ba24bcc54fb5cbdcfe7e4c0','addColumn tableName=IDENTITY_PROVIDER','',NULL,'4.29.1',NULL,NULL,'8099103264'),
('3.2.0-fix','keycloak','META-INF/jpa-changelog-3.2.0.xml','2025-01-28 21:18:35',40,'MARK_RAN','9:938f894c032f5430f2b0fafb1a243462','addNotNullConstraint columnName=REALM_ID, tableName=CLIENT_INITIAL_ACCESS','',NULL,'4.29.1',NULL,NULL,'8099103264'),
('3.2.0-fix-with-keycloak-5416','keycloak','META-INF/jpa-changelog-3.2.0.xml','2025-01-28 21:18:35',41,'MARK_RAN','9:845c332ff1874dc5d35974b0babf3006','dropIndex indexName=IDX_CLIENT_INIT_ACC_REALM, tableName=CLIENT_INITIAL_ACCESS; addNotNullConstraint columnName=REALM_ID, tableName=CLIENT_INITIAL_ACCESS; createIndex indexName=IDX_CLIENT_INIT_ACC_REALM, tableName=CLIENT_INITIAL_ACCESS','',NULL,'4.29.1',NULL,NULL,'8099103264'),
('3.2.0-fix-offline-sessions','hmlnarik','META-INF/jpa-changelog-3.2.0.xml','2025-01-28 21:18:35',42,'EXECUTED','9:fc86359c079781adc577c5a217e4d04c','customChange','',NULL,'4.29.1',NULL,NULL,'8099103264'),
('3.2.0-fixed','keycloak','META-INF/jpa-changelog-3.2.0.xml','2025-01-28 21:18:37',43,'EXECUTED','9:59a64800e3c0d09b825f8a3b444fa8f4','addColumn tableName=REALM; dropPrimaryKey constraintName=CONSTRAINT_OFFL_CL_SES_PK2, tableName=OFFLINE_CLIENT_SESSION; dropColumn columnName=CLIENT_SESSION_ID, tableName=OFFLINE_CLIENT_SESSION; addPrimaryKey constraintName=CONSTRAINT_OFFL_CL_SES_P...','',NULL,'4.29.1',NULL,NULL,'8099103264'),
('3.3.0','keycloak','META-INF/jpa-changelog-3.3.0.xml','2025-01-28 21:18:37',44,'EXECUTED','9:d48d6da5c6ccf667807f633fe489ce88','addColumn tableName=USER_ENTITY','',NULL,'4.29.1',NULL,NULL,'8099103264'),
('authz-3.4.0.CR1-resource-server-pk-change-part1','glavoie@gmail.com','META-INF/jpa-changelog-authz-3.4.0.CR1.xml','2025-01-28 21:18:37',45,'EXECUTED','9:dde36f7973e80d71fceee683bc5d2951','addColumn tableName=RESOURCE_SERVER_POLICY; addColumn tableName=RESOURCE_SERVER_RESOURCE; addColumn tableName=RESOURCE_SERVER_SCOPE','',NULL,'4.29.1',NULL,NULL,'8099103264'),
('authz-3.4.0.CR1-resource-server-pk-change-part2-KEYCLOAK-6095','hmlnarik@redhat.com','META-INF/jpa-changelog-authz-3.4.0.CR1.xml','2025-01-28 21:18:37',46,'EXECUTED','9:b855e9b0a406b34fa323235a0cf4f640','customChange','',NULL,'4.29.1',NULL,NULL,'8099103264'),
('authz-3.4.0.CR1-resource-server-pk-change-part3-fixed','glavoie@gmail.com','META-INF/jpa-changelog-authz-3.4.0.CR1.xml','2025-01-28 21:18:37',47,'MARK_RAN','9:51abbacd7b416c50c4421a8cabf7927e','dropIndex indexName=IDX_RES_SERV_POL_RES_SERV, tableName=RESOURCE_SERVER_POLICY; dropIndex indexName=IDX_RES_SRV_RES_RES_SRV, tableName=RESOURCE_SERVER_RESOURCE; dropIndex indexName=IDX_RES_SRV_SCOPE_RES_SRV, tableName=RESOURCE_SERVER_SCOPE','',NULL,'4.29.1',NULL,NULL,'8099103264'),
('authz-3.4.0.CR1-resource-server-pk-change-part3-fixed-nodropindex','glavoie@gmail.com','META-INF/jpa-changelog-authz-3.4.0.CR1.xml','2025-01-28 21:18:38',48,'EXECUTED','9:bdc99e567b3398bac83263d375aad143','addNotNullConstraint columnName=RESOURCE_SERVER_CLIENT_ID, tableName=RESOURCE_SERVER_POLICY; addNotNullConstraint columnName=RESOURCE_SERVER_CLIENT_ID, tableName=RESOURCE_SERVER_RESOURCE; addNotNullConstraint columnName=RESOURCE_SERVER_CLIENT_ID, ...','',NULL,'4.29.1',NULL,NULL,'8099103264'),
('authn-3.4.0.CR1-refresh-token-max-reuse','glavoie@gmail.com','META-INF/jpa-changelog-authz-3.4.0.CR1.xml','2025-01-28 21:18:38',49,'EXECUTED','9:d198654156881c46bfba39abd7769e69','addColumn tableName=REALM','',NULL,'4.29.1',NULL,NULL,'8099103264'),
('3.4.0','keycloak','META-INF/jpa-changelog-3.4.0.xml','2025-01-28 21:18:39',50,'EXECUTED','9:cfdd8736332ccdd72c5256ccb42335db','addPrimaryKey constraintName=CONSTRAINT_REALM_DEFAULT_ROLES, tableName=REALM_DEFAULT_ROLES; addPrimaryKey constraintName=CONSTRAINT_COMPOSITE_ROLE, tableName=COMPOSITE_ROLE; addPrimaryKey constraintName=CONSTR_REALM_DEFAULT_GROUPS, tableName=REALM...','',NULL,'4.29.1',NULL,NULL,'8099103264'),
('3.4.0-KEYCLOAK-5230','hmlnarik@redhat.com','META-INF/jpa-changelog-3.4.0.xml','2025-01-28 21:18:39',51,'EXECUTED','9:7c84de3d9bd84d7f077607c1a4dcb714','createIndex indexName=IDX_FU_ATTRIBUTE, tableName=FED_USER_ATTRIBUTE; createIndex indexName=IDX_FU_CONSENT, tableName=FED_USER_CONSENT; createIndex indexName=IDX_FU_CONSENT_RU, tableName=FED_USER_CONSENT; createIndex indexName=IDX_FU_CREDENTIAL, t...','',NULL,'4.29.1',NULL,NULL,'8099103264'),
('3.4.1','psilva@redhat.com','META-INF/jpa-changelog-3.4.1.xml','2025-01-28 21:18:39',52,'EXECUTED','9:5a6bb36cbefb6a9d6928452c0852af2d','modifyDataType columnName=VALUE, tableName=CLIENT_ATTRIBUTES','',NULL,'4.29.1',NULL,NULL,'8099103264'),
('3.4.2','keycloak','META-INF/jpa-changelog-3.4.2.xml','2025-01-28 21:18:39',53,'EXECUTED','9:8f23e334dbc59f82e0a328373ca6ced0','update tableName=REALM','',NULL,'4.29.1',NULL,NULL,'8099103264'),
('3.4.2-KEYCLOAK-5172','mkanis@redhat.com','META-INF/jpa-changelog-3.4.2.xml','2025-01-28 21:18:39',54,'EXECUTED','9:9156214268f09d970cdf0e1564d866af','update tableName=CLIENT','',NULL,'4.29.1',NULL,NULL,'8099103264'),
('4.0.0-KEYCLOAK-6335','bburke@redhat.com','META-INF/jpa-changelog-4.0.0.xml','2025-01-28 21:18:39',55,'EXECUTED','9:db806613b1ed154826c02610b7dbdf74','createTable tableName=CLIENT_AUTH_FLOW_BINDINGS; addPrimaryKey constraintName=C_CLI_FLOW_BIND, tableName=CLIENT_AUTH_FLOW_BINDINGS','',NULL,'4.29.1',NULL,NULL,'8099103264'),
('4.0.0-CLEANUP-UNUSED-TABLE','bburke@redhat.com','META-INF/jpa-changelog-4.0.0.xml','2025-01-28 21:18:39',56,'EXECUTED','9:229a041fb72d5beac76bb94a5fa709de','dropTable tableName=CLIENT_IDENTITY_PROV_MAPPING','',NULL,'4.29.1',NULL,NULL,'8099103264'),
('4.0.0-KEYCLOAK-6228','bburke@redhat.com','META-INF/jpa-changelog-4.0.0.xml','2025-01-28 21:18:40',57,'EXECUTED','9:079899dade9c1e683f26b2aa9ca6ff04','dropUniqueConstraint constraintName=UK_JKUWUVD56ONTGSUHOGM8UEWRT, tableName=USER_CONSENT; dropNotNullConstraint columnName=CLIENT_ID, tableName=USER_CONSENT; addColumn tableName=USER_CONSENT; addUniqueConstraint constraintName=UK_JKUWUVD56ONTGSUHO...','',NULL,'4.29.1',NULL,NULL,'8099103264'),
('4.0.0-KEYCLOAK-5579-fixed','mposolda@redhat.com','META-INF/jpa-changelog-4.0.0.xml','2025-01-28 21:18:42',58,'EXECUTED','9:139b79bcbbfe903bb1c2d2a4dbf001d9','dropForeignKeyConstraint baseTableName=CLIENT_TEMPLATE_ATTRIBUTES, constraintName=FK_CL_TEMPL_ATTR_TEMPL; renameTable newTableName=CLIENT_SCOPE_ATTRIBUTES, oldTableName=CLIENT_TEMPLATE_ATTRIBUTES; renameColumn newColumnName=SCOPE_ID, oldColumnName...','',NULL,'4.29.1',NULL,NULL,'8099103264'),
('authz-4.0.0.CR1','psilva@redhat.com','META-INF/jpa-changelog-authz-4.0.0.CR1.xml','2025-01-28 21:18:42',59,'EXECUTED','9:b55738ad889860c625ba2bf483495a04','createTable tableName=RESOURCE_SERVER_PERM_TICKET; addPrimaryKey constraintName=CONSTRAINT_FAPMT, tableName=RESOURCE_SERVER_PERM_TICKET; addForeignKeyConstraint baseTableName=RESOURCE_SERVER_PERM_TICKET, constraintName=FK_FRSRHO213XCX4WNKOG82SSPMT...','',NULL,'4.29.1',NULL,NULL,'8099103264'),
('authz-4.0.0.Beta3','psilva@redhat.com','META-INF/jpa-changelog-authz-4.0.0.Beta3.xml','2025-01-28 21:18:42',60,'EXECUTED','9:e0057eac39aa8fc8e09ac6cfa4ae15fe','addColumn tableName=RESOURCE_SERVER_POLICY; addColumn tableName=RESOURCE_SERVER_PERM_TICKET; addForeignKeyConstraint baseTableName=RESOURCE_SERVER_PERM_TICKET, constraintName=FK_FRSRPO2128CX4WNKOG82SSRFY, referencedTableName=RESOURCE_SERVER_POLICY','',NULL,'4.29.1',NULL,NULL,'8099103264'),
('authz-4.2.0.Final','mhajas@redhat.com','META-INF/jpa-changelog-authz-4.2.0.Final.xml','2025-01-28 21:18:42',61,'EXECUTED','9:42a33806f3a0443fe0e7feeec821326c','createTable tableName=RESOURCE_URIS; addForeignKeyConstraint baseTableName=RESOURCE_URIS, constraintName=FK_RESOURCE_SERVER_URIS, referencedTableName=RESOURCE_SERVER_RESOURCE; customChange; dropColumn columnName=URI, tableName=RESOURCE_SERVER_RESO...','',NULL,'4.29.1',NULL,NULL,'8099103264'),
('authz-4.2.0.Final-KEYCLOAK-9944','hmlnarik@redhat.com','META-INF/jpa-changelog-authz-4.2.0.Final.xml','2025-01-28 21:18:42',62,'EXECUTED','9:9968206fca46eecc1f51db9c024bfe56','addPrimaryKey constraintName=CONSTRAINT_RESOUR_URIS_PK, tableName=RESOURCE_URIS','',NULL,'4.29.1',NULL,NULL,'8099103264'),
('4.2.0-KEYCLOAK-6313','wadahiro@gmail.com','META-INF/jpa-changelog-4.2.0.xml','2025-01-28 21:18:42',63,'EXECUTED','9:92143a6daea0a3f3b8f598c97ce55c3d','addColumn tableName=REQUIRED_ACTION_PROVIDER','',NULL,'4.29.1',NULL,NULL,'8099103264'),
('4.3.0-KEYCLOAK-7984','wadahiro@gmail.com','META-INF/jpa-changelog-4.3.0.xml','2025-01-28 21:18:42',64,'EXECUTED','9:82bab26a27195d889fb0429003b18f40','update tableName=REQUIRED_ACTION_PROVIDER','',NULL,'4.29.1',NULL,NULL,'8099103264'),
('4.6.0-KEYCLOAK-7950','psilva@redhat.com','META-INF/jpa-changelog-4.6.0.xml','2025-01-28 21:18:42',65,'EXECUTED','9:e590c88ddc0b38b0ae4249bbfcb5abc3','update tableName=RESOURCE_SERVER_RESOURCE','',NULL,'4.29.1',NULL,NULL,'8099103264'),
('4.6.0-KEYCLOAK-8377','keycloak','META-INF/jpa-changelog-4.6.0.xml','2025-01-28 21:18:43',66,'EXECUTED','9:5c1f475536118dbdc38d5d7977950cc0','createTable tableName=ROLE_ATTRIBUTE; addPrimaryKey constraintName=CONSTRAINT_ROLE_ATTRIBUTE_PK, tableName=ROLE_ATTRIBUTE; addForeignKeyConstraint baseTableName=ROLE_ATTRIBUTE, constraintName=FK_ROLE_ATTRIBUTE_ID, referencedTableName=KEYCLOAK_ROLE...','',NULL,'4.29.1',NULL,NULL,'8099103264'),
('4.6.0-KEYCLOAK-8555','gideonray@gmail.com','META-INF/jpa-changelog-4.6.0.xml','2025-01-28 21:18:43',67,'EXECUTED','9:e7c9f5f9c4d67ccbbcc215440c718a17','createIndex indexName=IDX_COMPONENT_PROVIDER_TYPE, tableName=COMPONENT','',NULL,'4.29.1',NULL,NULL,'8099103264'),
('4.7.0-KEYCLOAK-1267','sguilhen@redhat.com','META-INF/jpa-changelog-4.7.0.xml','2025-01-28 21:18:43',68,'EXECUTED','9:88e0bfdda924690d6f4e430c53447dd5','addColumn tableName=REALM','',NULL,'4.29.1',NULL,NULL,'8099103264'),
('4.7.0-KEYCLOAK-7275','keycloak','META-INF/jpa-changelog-4.7.0.xml','2025-01-28 21:18:43',69,'EXECUTED','9:f53177f137e1c46b6a88c59ec1cb5218','renameColumn newColumnName=CREATED_ON, oldColumnName=LAST_SESSION_REFRESH, tableName=OFFLINE_USER_SESSION; addNotNullConstraint columnName=CREATED_ON, tableName=OFFLINE_USER_SESSION; addColumn tableName=OFFLINE_USER_SESSION; customChange; createIn...','',NULL,'4.29.1',NULL,NULL,'8099103264'),
('4.8.0-KEYCLOAK-8835','sguilhen@redhat.com','META-INF/jpa-changelog-4.8.0.xml','2025-01-28 21:18:43',70,'EXECUTED','9:a74d33da4dc42a37ec27121580d1459f','addNotNullConstraint columnName=SSO_MAX_LIFESPAN_REMEMBER_ME, tableName=REALM; addNotNullConstraint columnName=SSO_IDLE_TIMEOUT_REMEMBER_ME, tableName=REALM','',NULL,'4.29.1',NULL,NULL,'8099103264'),
('authz-7.0.0-KEYCLOAK-10443','psilva@redhat.com','META-INF/jpa-changelog-authz-7.0.0.xml','2025-01-28 21:18:43',71,'EXECUTED','9:fd4ade7b90c3b67fae0bfcfcb42dfb5f','addColumn tableName=RESOURCE_SERVER','',NULL,'4.29.1',NULL,NULL,'8099103264'),
('8.0.0-adding-credential-columns','keycloak','META-INF/jpa-changelog-8.0.0.xml','2025-01-28 21:18:43',72,'EXECUTED','9:aa072ad090bbba210d8f18781b8cebf4','addColumn tableName=CREDENTIAL; addColumn tableName=FED_USER_CREDENTIAL','',NULL,'4.29.1',NULL,NULL,'8099103264'),
('8.0.0-updating-credential-data-not-oracle-fixed','keycloak','META-INF/jpa-changelog-8.0.0.xml','2025-01-28 21:18:43',73,'EXECUTED','9:1ae6be29bab7c2aa376f6983b932be37','update tableName=CREDENTIAL; update tableName=CREDENTIAL; update tableName=CREDENTIAL; update tableName=FED_USER_CREDENTIAL; update tableName=FED_USER_CREDENTIAL; update tableName=FED_USER_CREDENTIAL','',NULL,'4.29.1',NULL,NULL,'8099103264'),
('8.0.0-updating-credential-data-oracle-fixed','keycloak','META-INF/jpa-changelog-8.0.0.xml','2025-01-28 21:18:43',74,'MARK_RAN','9:14706f286953fc9a25286dbd8fb30d97','update tableName=CREDENTIAL; update tableName=CREDENTIAL; update tableName=CREDENTIAL; update tableName=FED_USER_CREDENTIAL; update tableName=FED_USER_CREDENTIAL; update tableName=FED_USER_CREDENTIAL','',NULL,'4.29.1',NULL,NULL,'8099103264'),
('8.0.0-credential-cleanup-fixed','keycloak','META-INF/jpa-changelog-8.0.0.xml','2025-01-28 21:18:44',75,'EXECUTED','9:2b9cc12779be32c5b40e2e67711a218b','dropDefaultValue columnName=COUNTER, tableName=CREDENTIAL; dropDefaultValue columnName=DIGITS, tableName=CREDENTIAL; dropDefaultValue columnName=PERIOD, tableName=CREDENTIAL; dropDefaultValue columnName=ALGORITHM, tableName=CREDENTIAL; dropColumn ...','',NULL,'4.29.1',NULL,NULL,'8099103264'),
('8.0.0-resource-tag-support','keycloak','META-INF/jpa-changelog-8.0.0.xml','2025-01-28 21:18:44',76,'EXECUTED','9:91fa186ce7a5af127a2d7a91ee083cc5','addColumn tableName=MIGRATION_MODEL; createIndex indexName=IDX_UPDATE_TIME, tableName=MIGRATION_MODEL','',NULL,'4.29.1',NULL,NULL,'8099103264'),
('9.0.0-always-display-client','keycloak','META-INF/jpa-changelog-9.0.0.xml','2025-01-28 21:18:44',77,'EXECUTED','9:6335e5c94e83a2639ccd68dd24e2e5ad','addColumn tableName=CLIENT','',NULL,'4.29.1',NULL,NULL,'8099103264'),
('9.0.0-drop-constraints-for-column-increase','keycloak','META-INF/jpa-changelog-9.0.0.xml','2025-01-28 21:18:44',78,'MARK_RAN','9:6bdb5658951e028bfe16fa0a8228b530','dropUniqueConstraint constraintName=UK_FRSR6T700S9V50BU18WS5PMT, tableName=RESOURCE_SERVER_PERM_TICKET; dropUniqueConstraint constraintName=UK_FRSR6T700S9V50BU18WS5HA6, tableName=RESOURCE_SERVER_RESOURCE; dropPrimaryKey constraintName=CONSTRAINT_O...','',NULL,'4.29.1',NULL,NULL,'8099103264'),
('9.0.0-increase-column-size-federated-fk','keycloak','META-INF/jpa-changelog-9.0.0.xml','2025-01-28 21:18:44',79,'EXECUTED','9:d5bc15a64117ccad481ce8792d4c608f','modifyDataType columnName=CLIENT_ID, tableName=FED_USER_CONSENT; modifyDataType columnName=CLIENT_REALM_CONSTRAINT, tableName=KEYCLOAK_ROLE; modifyDataType columnName=OWNER, tableName=RESOURCE_SERVER_POLICY; modifyDataType columnName=CLIENT_ID, ta...','',NULL,'4.29.1',NULL,NULL,'8099103264'),
('9.0.0-recreate-constraints-after-column-increase','keycloak','META-INF/jpa-changelog-9.0.0.xml','2025-01-28 21:18:44',80,'MARK_RAN','9:077cba51999515f4d3e7ad5619ab592c','addNotNullConstraint columnName=CLIENT_ID, tableName=OFFLINE_CLIENT_SESSION; addNotNullConstraint columnName=OWNER, tableName=RESOURCE_SERVER_PERM_TICKET; addNotNullConstraint columnName=REQUESTER, tableName=RESOURCE_SERVER_PERM_TICKET; addNotNull...','',NULL,'4.29.1',NULL,NULL,'8099103264'),
('9.0.1-add-index-to-client.client_id','keycloak','META-INF/jpa-changelog-9.0.1.xml','2025-01-28 21:18:44',81,'EXECUTED','9:be969f08a163bf47c6b9e9ead8ac2afb','createIndex indexName=IDX_CLIENT_ID, tableName=CLIENT','',NULL,'4.29.1',NULL,NULL,'8099103264'),
('9.0.1-KEYCLOAK-12579-drop-constraints','keycloak','META-INF/jpa-changelog-9.0.1.xml','2025-01-28 21:18:44',82,'MARK_RAN','9:6d3bb4408ba5a72f39bd8a0b301ec6e3','dropUniqueConstraint constraintName=SIBLING_NAMES, tableName=KEYCLOAK_GROUP','',NULL,'4.29.1',NULL,NULL,'8099103264'),
('9.0.1-KEYCLOAK-12579-add-not-null-constraint','keycloak','META-INF/jpa-changelog-9.0.1.xml','2025-01-28 21:18:44',83,'EXECUTED','9:966bda61e46bebf3cc39518fbed52fa7','addNotNullConstraint columnName=PARENT_GROUP, tableName=KEYCLOAK_GROUP','',NULL,'4.29.1',NULL,NULL,'8099103264'),
('9.0.1-KEYCLOAK-12579-recreate-constraints','keycloak','META-INF/jpa-changelog-9.0.1.xml','2025-01-28 21:18:44',84,'MARK_RAN','9:8dcac7bdf7378e7d823cdfddebf72fda','addUniqueConstraint constraintName=SIBLING_NAMES, tableName=KEYCLOAK_GROUP','',NULL,'4.29.1',NULL,NULL,'8099103264'),
('9.0.1-add-index-to-events','keycloak','META-INF/jpa-changelog-9.0.1.xml','2025-01-28 21:18:44',85,'EXECUTED','9:7d93d602352a30c0c317e6a609b56599','createIndex indexName=IDX_EVENT_TIME, tableName=EVENT_ENTITY','',NULL,'4.29.1',NULL,NULL,'8099103264'),
('map-remove-ri','keycloak','META-INF/jpa-changelog-11.0.0.xml','2025-01-28 21:18:44',86,'EXECUTED','9:71c5969e6cdd8d7b6f47cebc86d37627','dropForeignKeyConstraint baseTableName=REALM, constraintName=FK_TRAF444KK6QRKMS7N56AIWQ5Y; dropForeignKeyConstraint baseTableName=KEYCLOAK_ROLE, constraintName=FK_KJHO5LE2C0RAL09FL8CM9WFW9','',NULL,'4.29.1',NULL,NULL,'8099103264'),
('map-remove-ri','keycloak','META-INF/jpa-changelog-12.0.0.xml','2025-01-28 21:18:44',87,'EXECUTED','9:a9ba7d47f065f041b7da856a81762021','dropForeignKeyConstraint baseTableName=REALM_DEFAULT_GROUPS, constraintName=FK_DEF_GROUPS_GROUP; dropForeignKeyConstraint baseTableName=REALM_DEFAULT_ROLES, constraintName=FK_H4WPD7W4HSOOLNI3H0SW7BTJE; dropForeignKeyConstraint baseTableName=CLIENT...','',NULL,'4.29.1',NULL,NULL,'8099103264'),
('12.1.0-add-realm-localization-table','keycloak','META-INF/jpa-changelog-12.0.0.xml','2025-01-28 21:18:44',88,'EXECUTED','9:fffabce2bc01e1a8f5110d5278500065','createTable tableName=REALM_LOCALIZATIONS; addPrimaryKey tableName=REALM_LOCALIZATIONS','',NULL,'4.29.1',NULL,NULL,'8099103264'),
('default-roles','keycloak','META-INF/jpa-changelog-13.0.0.xml','2025-01-28 21:18:44',89,'EXECUTED','9:fa8a5b5445e3857f4b010bafb5009957','addColumn tableName=REALM; customChange','',NULL,'4.29.1',NULL,NULL,'8099103264'),
('default-roles-cleanup','keycloak','META-INF/jpa-changelog-13.0.0.xml','2025-01-28 21:18:44',90,'EXECUTED','9:67ac3241df9a8582d591c5ed87125f39','dropTable tableName=REALM_DEFAULT_ROLES; dropTable tableName=CLIENT_DEFAULT_ROLES','',NULL,'4.29.1',NULL,NULL,'8099103264'),
('13.0.0-KEYCLOAK-16844','keycloak','META-INF/jpa-changelog-13.0.0.xml','2025-01-28 21:18:44',91,'EXECUTED','9:ad1194d66c937e3ffc82386c050ba089','createIndex indexName=IDX_OFFLINE_USS_PRELOAD, tableName=OFFLINE_USER_SESSION','',NULL,'4.29.1',NULL,NULL,'8099103264'),
('map-remove-ri-13.0.0','keycloak','META-INF/jpa-changelog-13.0.0.xml','2025-01-28 21:18:44',92,'EXECUTED','9:d9be619d94af5a2f5d07b9f003543b91','dropForeignKeyConstraint baseTableName=DEFAULT_CLIENT_SCOPE, constraintName=FK_R_DEF_CLI_SCOPE_SCOPE; dropForeignKeyConstraint baseTableName=CLIENT_SCOPE_CLIENT, constraintName=FK_C_CLI_SCOPE_SCOPE; dropForeignKeyConstraint baseTableName=CLIENT_SC...','',NULL,'4.29.1',NULL,NULL,'8099103264'),
('13.0.0-KEYCLOAK-17992-drop-constraints','keycloak','META-INF/jpa-changelog-13.0.0.xml','2025-01-28 21:18:44',93,'MARK_RAN','9:544d201116a0fcc5a5da0925fbbc3bde','dropPrimaryKey constraintName=C_CLI_SCOPE_BIND, tableName=CLIENT_SCOPE_CLIENT; dropIndex indexName=IDX_CLSCOPE_CL, tableName=CLIENT_SCOPE_CLIENT; dropIndex indexName=IDX_CL_CLSCOPE, tableName=CLIENT_SCOPE_CLIENT','',NULL,'4.29.1',NULL,NULL,'8099103264'),
('13.0.0-increase-column-size-federated','keycloak','META-INF/jpa-changelog-13.0.0.xml','2025-01-28 21:18:44',94,'EXECUTED','9:43c0c1055b6761b4b3e89de76d612ccf','modifyDataType columnName=CLIENT_ID, tableName=CLIENT_SCOPE_CLIENT; modifyDataType columnName=SCOPE_ID, tableName=CLIENT_SCOPE_CLIENT','',NULL,'4.29.1',NULL,NULL,'8099103264'),
('13.0.0-KEYCLOAK-17992-recreate-constraints','keycloak','META-INF/jpa-changelog-13.0.0.xml','2025-01-28 21:18:44',95,'MARK_RAN','9:8bd711fd0330f4fe980494ca43ab1139','addNotNullConstraint columnName=CLIENT_ID, tableName=CLIENT_SCOPE_CLIENT; addNotNullConstraint columnName=SCOPE_ID, tableName=CLIENT_SCOPE_CLIENT; addPrimaryKey constraintName=C_CLI_SCOPE_BIND, tableName=CLIENT_SCOPE_CLIENT; createIndex indexName=...','',NULL,'4.29.1',NULL,NULL,'8099103264'),
('json-string-accomodation-fixed','keycloak','META-INF/jpa-changelog-13.0.0.xml','2025-01-28 21:18:45',96,'EXECUTED','9:e07d2bc0970c348bb06fb63b1f82ddbf','addColumn tableName=REALM_ATTRIBUTE; update tableName=REALM_ATTRIBUTE; dropColumn columnName=VALUE, tableName=REALM_ATTRIBUTE; renameColumn newColumnName=VALUE, oldColumnName=VALUE_NEW, tableName=REALM_ATTRIBUTE','',NULL,'4.29.1',NULL,NULL,'8099103264'),
('14.0.0-KEYCLOAK-11019','keycloak','META-INF/jpa-changelog-14.0.0.xml','2025-01-28 21:18:45',97,'EXECUTED','9:24fb8611e97f29989bea412aa38d12b7','createIndex indexName=IDX_OFFLINE_CSS_PRELOAD, tableName=OFFLINE_CLIENT_SESSION; createIndex indexName=IDX_OFFLINE_USS_BY_USER, tableName=OFFLINE_USER_SESSION; createIndex indexName=IDX_OFFLINE_USS_BY_USERSESS, tableName=OFFLINE_USER_SESSION','',NULL,'4.29.1',NULL,NULL,'8099103264'),
('14.0.0-KEYCLOAK-18286','keycloak','META-INF/jpa-changelog-14.0.0.xml','2025-01-28 21:18:45',98,'MARK_RAN','9:259f89014ce2506ee84740cbf7163aa7','createIndex indexName=IDX_CLIENT_ATT_BY_NAME_VALUE, tableName=CLIENT_ATTRIBUTES','',NULL,'4.29.1',NULL,NULL,'8099103264'),
('14.0.0-KEYCLOAK-18286-revert','keycloak','META-INF/jpa-changelog-14.0.0.xml','2025-01-28 21:18:45',99,'MARK_RAN','9:04baaf56c116ed19951cbc2cca584022','dropIndex indexName=IDX_CLIENT_ATT_BY_NAME_VALUE, tableName=CLIENT_ATTRIBUTES','',NULL,'4.29.1',NULL,NULL,'8099103264'),
('14.0.0-KEYCLOAK-18286-supported-dbs','keycloak','META-INF/jpa-changelog-14.0.0.xml','2025-01-28 21:18:45',100,'EXECUTED','9:bd2bd0fc7768cf0845ac96a8786fa735','createIndex indexName=IDX_CLIENT_ATT_BY_NAME_VALUE, tableName=CLIENT_ATTRIBUTES','',NULL,'4.29.1',NULL,NULL,'8099103264'),
('14.0.0-KEYCLOAK-18286-unsupported-dbs','keycloak','META-INF/jpa-changelog-14.0.0.xml','2025-01-28 21:18:45',101,'MARK_RAN','9:d3d977031d431db16e2c181ce49d73e9','createIndex indexName=IDX_CLIENT_ATT_BY_NAME_VALUE, tableName=CLIENT_ATTRIBUTES','',NULL,'4.29.1',NULL,NULL,'8099103264'),
('KEYCLOAK-17267-add-index-to-user-attributes','keycloak','META-INF/jpa-changelog-14.0.0.xml','2025-01-28 21:18:45',102,'EXECUTED','9:0b305d8d1277f3a89a0a53a659ad274c','createIndex indexName=IDX_USER_ATTRIBUTE_NAME, tableName=USER_ATTRIBUTE','',NULL,'4.29.1',NULL,NULL,'8099103264'),
('KEYCLOAK-18146-add-saml-art-binding-identifier','keycloak','META-INF/jpa-changelog-14.0.0.xml','2025-01-28 21:18:45',103,'EXECUTED','9:2c374ad2cdfe20e2905a84c8fac48460','customChange','',NULL,'4.29.1',NULL,NULL,'8099103264'),
('15.0.0-KEYCLOAK-18467','keycloak','META-INF/jpa-changelog-15.0.0.xml','2025-01-28 21:18:45',104,'EXECUTED','9:47a760639ac597360a8219f5b768b4de','addColumn tableName=REALM_LOCALIZATIONS; update tableName=REALM_LOCALIZATIONS; dropColumn columnName=TEXTS, tableName=REALM_LOCALIZATIONS; renameColumn newColumnName=TEXTS, oldColumnName=TEXTS_NEW, tableName=REALM_LOCALIZATIONS; addNotNullConstrai...','',NULL,'4.29.1',NULL,NULL,'8099103264'),
('17.0.0-9562','keycloak','META-INF/jpa-changelog-17.0.0.xml','2025-01-28 21:18:45',105,'EXECUTED','9:a6272f0576727dd8cad2522335f5d99e','createIndex indexName=IDX_USER_SERVICE_ACCOUNT, tableName=USER_ENTITY','',NULL,'4.29.1',NULL,NULL,'8099103264'),
('18.0.0-10625-IDX_ADMIN_EVENT_TIME','keycloak','META-INF/jpa-changelog-18.0.0.xml','2025-01-28 21:18:45',106,'EXECUTED','9:015479dbd691d9cc8669282f4828c41d','createIndex indexName=IDX_ADMIN_EVENT_TIME, tableName=ADMIN_EVENT_ENTITY','',NULL,'4.29.1',NULL,NULL,'8099103264'),
('18.0.15-30992-index-consent','keycloak','META-INF/jpa-changelog-18.0.15.xml','2025-01-28 21:18:45',107,'EXECUTED','9:80071ede7a05604b1f4906f3bf3b00f0','createIndex indexName=IDX_USCONSENT_SCOPE_ID, tableName=USER_CONSENT_CLIENT_SCOPE','',NULL,'4.29.1',NULL,NULL,'8099103264'),
('19.0.0-10135','keycloak','META-INF/jpa-changelog-19.0.0.xml','2025-01-28 21:18:45',108,'EXECUTED','9:9518e495fdd22f78ad6425cc30630221','customChange','',NULL,'4.29.1',NULL,NULL,'8099103264'),
('20.0.0-12964-supported-dbs','keycloak','META-INF/jpa-changelog-20.0.0.xml','2025-01-28 21:18:45',109,'EXECUTED','9:f2e1331a71e0aa85e5608fe42f7f681c','createIndex indexName=IDX_GROUP_ATT_BY_NAME_VALUE, tableName=GROUP_ATTRIBUTE','',NULL,'4.29.1',NULL,NULL,'8099103264'),
('20.0.0-12964-unsupported-dbs','keycloak','META-INF/jpa-changelog-20.0.0.xml','2025-01-28 21:18:45',110,'MARK_RAN','9:1a6fcaa85e20bdeae0a9ce49b41946a5','createIndex indexName=IDX_GROUP_ATT_BY_NAME_VALUE, tableName=GROUP_ATTRIBUTE','',NULL,'4.29.1',NULL,NULL,'8099103264'),
('client-attributes-string-accomodation-fixed','keycloak','META-INF/jpa-changelog-20.0.0.xml','2025-01-28 21:18:45',111,'EXECUTED','9:3f332e13e90739ed0c35b0b25b7822ca','addColumn tableName=CLIENT_ATTRIBUTES; update tableName=CLIENT_ATTRIBUTES; dropColumn columnName=VALUE, tableName=CLIENT_ATTRIBUTES; renameColumn newColumnName=VALUE, oldColumnName=VALUE_NEW, tableName=CLIENT_ATTRIBUTES','',NULL,'4.29.1',NULL,NULL,'8099103264'),
('21.0.2-17277','keycloak','META-INF/jpa-changelog-21.0.2.xml','2025-01-28 21:18:45',112,'EXECUTED','9:7ee1f7a3fb8f5588f171fb9a6ab623c0','customChange','',NULL,'4.29.1',NULL,NULL,'8099103264'),
('21.1.0-19404','keycloak','META-INF/jpa-changelog-21.1.0.xml','2025-01-28 21:18:45',113,'EXECUTED','9:3d7e830b52f33676b9d64f7f2b2ea634','modifyDataType columnName=DECISION_STRATEGY, tableName=RESOURCE_SERVER_POLICY; modifyDataType columnName=LOGIC, tableName=RESOURCE_SERVER_POLICY; modifyDataType columnName=POLICY_ENFORCE_MODE, tableName=RESOURCE_SERVER','',NULL,'4.29.1',NULL,NULL,'8099103264'),
('21.1.0-19404-2','keycloak','META-INF/jpa-changelog-21.1.0.xml','2025-01-28 21:18:45',114,'MARK_RAN','9:627d032e3ef2c06c0e1f73d2ae25c26c','addColumn tableName=RESOURCE_SERVER_POLICY; update tableName=RESOURCE_SERVER_POLICY; dropColumn columnName=DECISION_STRATEGY, tableName=RESOURCE_SERVER_POLICY; renameColumn newColumnName=DECISION_STRATEGY, oldColumnName=DECISION_STRATEGY_NEW, tabl...','',NULL,'4.29.1',NULL,NULL,'8099103264'),
('22.0.0-17484-updated','keycloak','META-INF/jpa-changelog-22.0.0.xml','2025-01-28 21:18:45',115,'EXECUTED','9:90af0bfd30cafc17b9f4d6eccd92b8b3','customChange','',NULL,'4.29.1',NULL,NULL,'8099103264'),
('22.0.5-24031','keycloak','META-INF/jpa-changelog-22.0.0.xml','2025-01-28 21:18:45',116,'MARK_RAN','9:a60d2d7b315ec2d3eba9e2f145f9df28','customChange','',NULL,'4.29.1',NULL,NULL,'8099103264'),
('23.0.0-12062','keycloak','META-INF/jpa-changelog-23.0.0.xml','2025-01-28 21:18:45',117,'EXECUTED','9:2168fbe728fec46ae9baf15bf80927b8','addColumn tableName=COMPONENT_CONFIG; update tableName=COMPONENT_CONFIG; dropColumn columnName=VALUE, tableName=COMPONENT_CONFIG; renameColumn newColumnName=VALUE, oldColumnName=VALUE_NEW, tableName=COMPONENT_CONFIG','',NULL,'4.29.1',NULL,NULL,'8099103264'),
('23.0.0-17258','keycloak','META-INF/jpa-changelog-23.0.0.xml','2025-01-28 21:18:45',118,'EXECUTED','9:36506d679a83bbfda85a27ea1864dca8','addColumn tableName=EVENT_ENTITY','',NULL,'4.29.1',NULL,NULL,'8099103264'),
('24.0.0-9758','keycloak','META-INF/jpa-changelog-24.0.0.xml','2025-01-28 21:18:46',119,'EXECUTED','9:502c557a5189f600f0f445a9b49ebbce','addColumn tableName=USER_ATTRIBUTE; addColumn tableName=FED_USER_ATTRIBUTE; createIndex indexName=USER_ATTR_LONG_VALUES, tableName=USER_ATTRIBUTE; createIndex indexName=FED_USER_ATTR_LONG_VALUES, tableName=FED_USER_ATTRIBUTE; createIndex indexName...','',NULL,'4.29.1',NULL,NULL,'8099103264'),
('24.0.0-9758-2','keycloak','META-INF/jpa-changelog-24.0.0.xml','2025-01-28 21:18:46',120,'EXECUTED','9:bf0fdee10afdf597a987adbf291db7b2','customChange','',NULL,'4.29.1',NULL,NULL,'8099103264'),
('24.0.0-26618-drop-index-if-present','keycloak','META-INF/jpa-changelog-24.0.0.xml','2025-01-28 21:18:46',121,'EXECUTED','9:04baaf56c116ed19951cbc2cca584022','dropIndex indexName=IDX_CLIENT_ATT_BY_NAME_VALUE, tableName=CLIENT_ATTRIBUTES','',NULL,'4.29.1',NULL,NULL,'8099103264'),
('24.0.0-26618-reindex','keycloak','META-INF/jpa-changelog-24.0.0.xml','2025-01-28 21:18:46',122,'EXECUTED','9:bd2bd0fc7768cf0845ac96a8786fa735','createIndex indexName=IDX_CLIENT_ATT_BY_NAME_VALUE, tableName=CLIENT_ATTRIBUTES','',NULL,'4.29.1',NULL,NULL,'8099103264'),
('24.0.2-27228','keycloak','META-INF/jpa-changelog-24.0.2.xml','2025-01-28 21:18:46',123,'EXECUTED','9:eaee11f6b8aa25d2cc6a84fb86fc6238','customChange','',NULL,'4.29.1',NULL,NULL,'8099103264'),
('24.0.2-27967-drop-index-if-present','keycloak','META-INF/jpa-changelog-24.0.2.xml','2025-01-28 21:18:46',124,'MARK_RAN','9:04baaf56c116ed19951cbc2cca584022','dropIndex indexName=IDX_CLIENT_ATT_BY_NAME_VALUE, tableName=CLIENT_ATTRIBUTES','',NULL,'4.29.1',NULL,NULL,'8099103264'),
('24.0.2-27967-reindex','keycloak','META-INF/jpa-changelog-24.0.2.xml','2025-01-28 21:18:46',125,'MARK_RAN','9:d3d977031d431db16e2c181ce49d73e9','createIndex indexName=IDX_CLIENT_ATT_BY_NAME_VALUE, tableName=CLIENT_ATTRIBUTES','',NULL,'4.29.1',NULL,NULL,'8099103264'),
('25.0.0-28265-tables','keycloak','META-INF/jpa-changelog-25.0.0.xml','2025-01-28 21:18:46',126,'EXECUTED','9:deda2df035df23388af95bbd36c17cef','addColumn tableName=OFFLINE_USER_SESSION; addColumn tableName=OFFLINE_CLIENT_SESSION','',NULL,'4.29.1',NULL,NULL,'8099103264'),
('25.0.0-28265-index-creation','keycloak','META-INF/jpa-changelog-25.0.0.xml','2025-01-28 21:18:46',127,'EXECUTED','9:3e96709818458ae49f3c679ae58d263a','createIndex indexName=IDX_OFFLINE_USS_BY_LAST_SESSION_REFRESH, tableName=OFFLINE_USER_SESSION','',NULL,'4.29.1',NULL,NULL,'8099103264'),
('25.0.0-28265-index-cleanup-uss-createdon','keycloak','META-INF/jpa-changelog-25.0.0.xml','2025-01-28 21:18:46',128,'EXECUTED','9:78ab4fc129ed5e8265dbcc3485fba92f','dropIndex indexName=IDX_OFFLINE_USS_CREATEDON, tableName=OFFLINE_USER_SESSION','',NULL,'4.29.1',NULL,NULL,'8099103264'),
('25.0.0-28265-index-cleanup-uss-preload','keycloak','META-INF/jpa-changelog-25.0.0.xml','2025-01-28 21:18:46',129,'EXECUTED','9:de5f7c1f7e10994ed8b62e621d20eaab','dropIndex indexName=IDX_OFFLINE_USS_PRELOAD, tableName=OFFLINE_USER_SESSION','',NULL,'4.29.1',NULL,NULL,'8099103264'),
('25.0.0-28265-index-cleanup-uss-by-usersess','keycloak','META-INF/jpa-changelog-25.0.0.xml','2025-01-28 21:18:46',130,'EXECUTED','9:6eee220d024e38e89c799417ec33667f','dropIndex indexName=IDX_OFFLINE_USS_BY_USERSESS, tableName=OFFLINE_USER_SESSION','',NULL,'4.29.1',NULL,NULL,'8099103264'),
('25.0.0-28265-index-cleanup-css-preload','keycloak','META-INF/jpa-changelog-25.0.0.xml','2025-01-28 21:18:46',131,'EXECUTED','9:5411d2fb2891d3e8d63ddb55dfa3c0c9','dropIndex indexName=IDX_OFFLINE_CSS_PRELOAD, tableName=OFFLINE_CLIENT_SESSION','',NULL,'4.29.1',NULL,NULL,'8099103264'),
('25.0.0-28265-index-2-mysql','keycloak','META-INF/jpa-changelog-25.0.0.xml','2025-01-28 21:18:46',132,'EXECUTED','9:b7ef76036d3126bb83c2423bf4d449d6','createIndex indexName=IDX_OFFLINE_USS_BY_BROKER_SESSION_ID, tableName=OFFLINE_USER_SESSION','',NULL,'4.29.1',NULL,NULL,'8099103264'),
('25.0.0-28265-index-2-not-mysql','keycloak','META-INF/jpa-changelog-25.0.0.xml','2025-01-28 21:18:46',133,'MARK_RAN','9:23396cf51ab8bc1ae6f0cac7f9f6fcf7','createIndex indexName=IDX_OFFLINE_USS_BY_BROKER_SESSION_ID, tableName=OFFLINE_USER_SESSION','',NULL,'4.29.1',NULL,NULL,'8099103264'),
('25.0.0-org','keycloak','META-INF/jpa-changelog-25.0.0.xml','2025-01-28 21:18:46',134,'EXECUTED','9:5c859965c2c9b9c72136c360649af157','createTable tableName=ORG; addUniqueConstraint constraintName=UK_ORG_NAME, tableName=ORG; addUniqueConstraint constraintName=UK_ORG_GROUP, tableName=ORG; createTable tableName=ORG_DOMAIN','',NULL,'4.29.1',NULL,NULL,'8099103264'),
('unique-consentuser','keycloak','META-INF/jpa-changelog-25.0.0.xml','2025-01-28 21:18:46',135,'MARK_RAN','9:5857626a2ea8767e9a6c66bf3a2cb32f','customChange; dropUniqueConstraint constraintName=UK_JKUWUVD56ONTGSUHOGM8UEWRT, tableName=USER_CONSENT; addUniqueConstraint constraintName=UK_LOCAL_CONSENT, tableName=USER_CONSENT; addUniqueConstraint constraintName=UK_EXTERNAL_CONSENT, tableName=...','',NULL,'4.29.1',NULL,NULL,'8099103264'),
('unique-consentuser-mysql','keycloak','META-INF/jpa-changelog-25.0.0.xml','2025-01-28 21:18:46',136,'EXECUTED','9:b79478aad5adaa1bc428e31563f55e8e','customChange; dropUniqueConstraint constraintName=UK_JKUWUVD56ONTGSUHOGM8UEWRT, tableName=USER_CONSENT; addUniqueConstraint constraintName=UK_LOCAL_CONSENT, tableName=USER_CONSENT; addUniqueConstraint constraintName=UK_EXTERNAL_CONSENT, tableName=...','',NULL,'4.29.1',NULL,NULL,'8099103264'),
('25.0.0-28861-index-creation','keycloak','META-INF/jpa-changelog-25.0.0.xml','2025-01-28 21:18:46',137,'EXECUTED','9:b9acb58ac958d9ada0fe12a5d4794ab1','createIndex indexName=IDX_PERM_TICKET_REQUESTER, tableName=RESOURCE_SERVER_PERM_TICKET; createIndex indexName=IDX_PERM_TICKET_OWNER, tableName=RESOURCE_SERVER_PERM_TICKET','',NULL,'4.29.1',NULL,NULL,'8099103264'),
('26.0.0-org-alias','keycloak','META-INF/jpa-changelog-26.0.0.xml','2025-01-28 21:18:46',138,'EXECUTED','9:6ef7d63e4412b3c2d66ed179159886a4','addColumn tableName=ORG; update tableName=ORG; addNotNullConstraint columnName=ALIAS, tableName=ORG; addUniqueConstraint constraintName=UK_ORG_ALIAS, tableName=ORG','',NULL,'4.29.1',NULL,NULL,'8099103264'),
('26.0.0-org-group','keycloak','META-INF/jpa-changelog-26.0.0.xml','2025-01-28 21:18:46',139,'EXECUTED','9:da8e8087d80ef2ace4f89d8c5b9ca223','addColumn tableName=KEYCLOAK_GROUP; update tableName=KEYCLOAK_GROUP; addNotNullConstraint columnName=TYPE, tableName=KEYCLOAK_GROUP; customChange','',NULL,'4.29.1',NULL,NULL,'8099103264'),
('26.0.0-org-indexes','keycloak','META-INF/jpa-changelog-26.0.0.xml','2025-01-28 21:18:46',140,'EXECUTED','9:79b05dcd610a8c7f25ec05135eec0857','createIndex indexName=IDX_ORG_DOMAIN_ORG_ID, tableName=ORG_DOMAIN','',NULL,'4.29.1',NULL,NULL,'8099103264'),
('26.0.0-org-group-membership','keycloak','META-INF/jpa-changelog-26.0.0.xml','2025-01-28 21:18:46',141,'EXECUTED','9:a6ace2ce583a421d89b01ba2a28dc2d4','addColumn tableName=USER_GROUP_MEMBERSHIP; update tableName=USER_GROUP_MEMBERSHIP; addNotNullConstraint columnName=MEMBERSHIP_TYPE, tableName=USER_GROUP_MEMBERSHIP','',NULL,'4.29.1',NULL,NULL,'8099103264'),
('31296-persist-revoked-access-tokens','keycloak','META-INF/jpa-changelog-26.0.0.xml','2025-01-28 21:18:46',142,'EXECUTED','9:64ef94489d42a358e8304b0e245f0ed4','createTable tableName=REVOKED_TOKEN; addPrimaryKey constraintName=CONSTRAINT_RT, tableName=REVOKED_TOKEN','',NULL,'4.29.1',NULL,NULL,'8099103264'),
('31725-index-persist-revoked-access-tokens','keycloak','META-INF/jpa-changelog-26.0.0.xml','2025-01-28 21:18:46',143,'EXECUTED','9:b994246ec2bf7c94da881e1d28782c7b','createIndex indexName=IDX_REV_TOKEN_ON_EXPIRE, tableName=REVOKED_TOKEN','',NULL,'4.29.1',NULL,NULL,'8099103264'),
('26.0.0-idps-for-login','keycloak','META-INF/jpa-changelog-26.0.0.xml','2025-01-28 21:18:47',144,'EXECUTED','9:51f5fffadf986983d4bd59582c6c1604','addColumn tableName=IDENTITY_PROVIDER; createIndex indexName=IDX_IDP_REALM_ORG, tableName=IDENTITY_PROVIDER; createIndex indexName=IDX_IDP_FOR_LOGIN, tableName=IDENTITY_PROVIDER; customChange','',NULL,'4.29.1',NULL,NULL,'8099103264'),
('26.0.0-32583-drop-redundant-index-on-client-session','keycloak','META-INF/jpa-changelog-26.0.0.xml','2025-01-28 21:18:47',145,'EXECUTED','9:24972d83bf27317a055d234187bb4af9','dropIndex indexName=IDX_US_SESS_ID_ON_CL_SESS, tableName=OFFLINE_CLIENT_SESSION','',NULL,'4.29.1',NULL,NULL,'8099103264'),
('26.0.0.32582-remove-tables-user-session-user-session-note-and-client-session','keycloak','META-INF/jpa-changelog-26.0.0.xml','2025-01-28 21:18:47',146,'EXECUTED','9:febdc0f47f2ed241c59e60f58c3ceea5','dropTable tableName=CLIENT_SESSION_ROLE; dropTable tableName=CLIENT_SESSION_NOTE; dropTable tableName=CLIENT_SESSION_PROT_MAPPER; dropTable tableName=CLIENT_SESSION_AUTH_STATUS; dropTable tableName=CLIENT_USER_SESSION_NOTE; dropTable tableName=CLI...','',NULL,'4.29.1',NULL,NULL,'8099103264'),
('26.0.0-33201-org-redirect-url','keycloak','META-INF/jpa-changelog-26.0.0.xml','2025-01-28 21:18:47',147,'EXECUTED','9:4d0e22b0ac68ebe9794fa9cb752ea660','addColumn tableName=ORG','',NULL,'4.29.1',NULL,NULL,'8099103264'),
('29399-jdbc-ping-default','keycloak','META-INF/jpa-changelog-26.1.0.xml','2025-01-28 21:18:47',148,'EXECUTED','9:007dbe99d7203fca403b89d4edfdf21e','createTable tableName=JGROUPS_PING; addPrimaryKey constraintName=CONSTRAINT_JGROUPS_PING, tableName=JGROUPS_PING','',NULL,'4.29.1',NULL,NULL,'8099103264'),
('26.1.0-34013','keycloak','META-INF/jpa-changelog-26.1.0.xml','2025-01-28 21:18:47',149,'EXECUTED','9:e6b686a15759aef99a6d758a5c4c6a26','addColumn tableName=ADMIN_EVENT_ENTITY','',NULL,'4.29.1',NULL,NULL,'8099103264'),
('26.1.0-34380','keycloak','META-INF/jpa-changelog-26.1.0.xml','2025-01-28 21:18:47',150,'EXECUTED','9:ac8b9edb7c2b6c17a1c7a11fcf5ccf01','dropTable tableName=USERNAME_LOGIN_FAILURE','',NULL,'4.29.1',NULL,NULL,'8099103264');
/*!40000 ALTER TABLE `DATABASECHANGELOG` ENABLE KEYS */;
UNLOCK TABLES;

--
-- Table structure for table `DATABASECHANGELOGLOCK`
--

DROP TABLE IF EXISTS `DATABASECHANGELOGLOCK`;
/*!40101 SET @saved_cs_client     = @@character_set_client */;
/*!40101 SET character_set_client = utf8 */;
CREATE TABLE `DATABASECHANGELOGLOCK` (
  `ID` int(11) NOT NULL,
  `LOCKED` tinyint(1) NOT NULL,
  `LOCKGRANTED` datetime DEFAULT NULL,
  `LOCKEDBY` varchar(255) DEFAULT NULL,
  PRIMARY KEY (`ID`)
) ENGINE=InnoDB DEFAULT CHARSET=utf8mb3 COLLATE=utf8mb3_unicode_ci;
/*!40101 SET character_set_client = @saved_cs_client */;

--
-- Dumping data for table `DATABASECHANGELOGLOCK`
--

LOCK TABLES `DATABASECHANGELOGLOCK` WRITE;
/*!40000 ALTER TABLE `DATABASECHANGELOGLOCK` DISABLE KEYS */;
INSERT INTO `DATABASECHANGELOGLOCK` VALUES
(1,0,NULL,NULL),
(1000,0,NULL,NULL);
/*!40000 ALTER TABLE `DATABASECHANGELOGLOCK` ENABLE KEYS */;
UNLOCK TABLES;

--
-- Table structure for table `DEFAULT_CLIENT_SCOPE`
--

DROP TABLE IF EXISTS `DEFAULT_CLIENT_SCOPE`;
/*!40101 SET @saved_cs_client     = @@character_set_client */;
/*!40101 SET character_set_client = utf8 */;
CREATE TABLE `DEFAULT_CLIENT_SCOPE` (
  `REALM_ID` varchar(36) NOT NULL,
  `SCOPE_ID` varchar(36) NOT NULL,
  `DEFAULT_SCOPE` tinyint(1) NOT NULL DEFAULT 0,
  PRIMARY KEY (`REALM_ID`,`SCOPE_ID`),
  KEY `IDX_DEFCLS_REALM` (`REALM_ID`),
  KEY `IDX_DEFCLS_SCOPE` (`SCOPE_ID`),
  CONSTRAINT `FK_R_DEF_CLI_SCOPE_REALM` FOREIGN KEY (`REALM_ID`) REFERENCES `REALM` (`ID`)
) ENGINE=InnoDB DEFAULT CHARSET=utf8mb3 COLLATE=utf8mb3_unicode_ci;
/*!40101 SET character_set_client = @saved_cs_client */;

--
-- Dumping data for table `DEFAULT_CLIENT_SCOPE`
--

LOCK TABLES `DEFAULT_CLIENT_SCOPE` WRITE;
/*!40000 ALTER TABLE `DEFAULT_CLIENT_SCOPE` DISABLE KEYS */;
INSERT INTO `DEFAULT_CLIENT_SCOPE` VALUES
('4b357d97-725f-455d-a69c-4ec10fc47ccd','11940d0d-fa9f-465d-834a-f274ce9c6b72',1),
('4b357d97-725f-455d-a69c-4ec10fc47ccd','11ea7b03-1a3e-4428-9654-acb796ac6f58',1),
('4b357d97-725f-455d-a69c-4ec10fc47ccd','1d2cafd9-f0ee-46e7-8b99-924e47966a67',1),
('4b357d97-725f-455d-a69c-4ec10fc47ccd','300f1934-2cd5-442b-8017-59001d1a9bc6',0),
('4b357d97-725f-455d-a69c-4ec10fc47ccd','463c9405-e137-4a60-9db8-dd3b50ac8380',1),
('4b357d97-725f-455d-a69c-4ec10fc47ccd','6f9bc85a-c709-40d5-b6ac-b0c4d4ce43c3',0),
('4b357d97-725f-455d-a69c-4ec10fc47ccd','7e92b4e7-ca06-4a30-87c7-25b8288fc4c0',0),
('4b357d97-725f-455d-a69c-4ec10fc47ccd','8c0e93bc-5567-4f36-931b-9e1068f70bbe',1),
('4b357d97-725f-455d-a69c-4ec10fc47ccd','a067804b-1263-4010-afba-1a0485f09f85',1),
('4b357d97-725f-455d-a69c-4ec10fc47ccd','a6f17fcf-e9e4-43eb-9aac-3887afd22f2d',1),
('4b357d97-725f-455d-a69c-4ec10fc47ccd','ac3606b0-067c-4f17-8d0d-48cd17765c98',1),
('4b357d97-725f-455d-a69c-4ec10fc47ccd','c950dd7c-e375-4f9a-92de-edc41a3f695f',0),
('4b357d97-725f-455d-a69c-4ec10fc47ccd','e792e68f-2cf1-488e-b947-c9f438e8c21a',0),
('ef7f0780-7b02-40a8-adc9-27a5d400be72','016d9942-90d6-4638-9b77-2b6124f54178',1),
('ef7f0780-7b02-40a8-adc9-27a5d400be72','02d4db49-9558-4323-8936-535df3c129ff',0),
('ef7f0780-7b02-40a8-adc9-27a5d400be72','2cbfca5f-d1ef-4a01-93bd-d2f9b01b230e',0),
('ef7f0780-7b02-40a8-adc9-27a5d400be72','487120f3-1486-4daf-bf3d-e758e828383b',1),
('ef7f0780-7b02-40a8-adc9-27a5d400be72','69e0acc6-2cc5-4d3a-99f9-94d63bae1955',1),
('ef7f0780-7b02-40a8-adc9-27a5d400be72','6b907fd0-2e86-4d53-8348-ea99a599c73c',1),
('ef7f0780-7b02-40a8-adc9-27a5d400be72','c968866c-1fb0-45a0-9be3-605c5496e80a',0),
('ef7f0780-7b02-40a8-adc9-27a5d400be72','d3ef5247-17f3-4e5b-a683-3b566af71bfc',1),
('ef7f0780-7b02-40a8-adc9-27a5d400be72','d578e571-a741-475d-a57a-eb2b23976e0c',0),
('ef7f0780-7b02-40a8-adc9-27a5d400be72','d8081b43-c84d-470e-aa4c-5142ca65b793',0),
('ef7f0780-7b02-40a8-adc9-27a5d400be72','e21450cf-77ff-467b-b032-1532b32daec8',1),
('ef7f0780-7b02-40a8-adc9-27a5d400be72','e9158137-2347-4e17-8eb4-bec8f97304a8',1),
('ef7f0780-7b02-40a8-adc9-27a5d400be72','fdc44641-edf5-4f49-a96e-490db4f4499a',1);
/*!40000 ALTER TABLE `DEFAULT_CLIENT_SCOPE` ENABLE KEYS */;
UNLOCK TABLES;

--
-- Table structure for table `EVENT_ENTITY`
--

DROP TABLE IF EXISTS `EVENT_ENTITY`;
/*!40101 SET @saved_cs_client     = @@character_set_client */;
/*!40101 SET character_set_client = utf8 */;
CREATE TABLE `EVENT_ENTITY` (
  `ID` varchar(36) NOT NULL,
  `CLIENT_ID` varchar(255) DEFAULT NULL,
  `DETAILS_JSON` text DEFAULT NULL,
  `ERROR` varchar(255) DEFAULT NULL,
  `IP_ADDRESS` varchar(255) DEFAULT NULL,
  `REALM_ID` varchar(255) DEFAULT NULL,
  `SESSION_ID` varchar(255) DEFAULT NULL,
  `EVENT_TIME` bigint(20) DEFAULT NULL,
  `TYPE` varchar(255) DEFAULT NULL,
  `USER_ID` varchar(255) DEFAULT NULL,
  `DETAILS_JSON_LONG_VALUE` longtext CHARACTER SET utf8mb3 COLLATE utf8mb3_general_ci DEFAULT NULL,
  PRIMARY KEY (`ID`),
  KEY `IDX_EVENT_TIME` (`REALM_ID`,`EVENT_TIME`)
) ENGINE=InnoDB DEFAULT CHARSET=utf8mb3 COLLATE=utf8mb3_unicode_ci;
/*!40101 SET character_set_client = @saved_cs_client */;

--
-- Dumping data for table `EVENT_ENTITY`
--

LOCK TABLES `EVENT_ENTITY` WRITE;
/*!40000 ALTER TABLE `EVENT_ENTITY` DISABLE KEYS */;
/*!40000 ALTER TABLE `EVENT_ENTITY` ENABLE KEYS */;
UNLOCK TABLES;

--
-- Table structure for table `FEDERATED_IDENTITY`
--

DROP TABLE IF EXISTS `FEDERATED_IDENTITY`;
/*!40101 SET @saved_cs_client     = @@character_set_client */;
/*!40101 SET character_set_client = utf8 */;
CREATE TABLE `FEDERATED_IDENTITY` (
  `IDENTITY_PROVIDER` varchar(255) NOT NULL,
  `REALM_ID` varchar(36) DEFAULT NULL,
  `FEDERATED_USER_ID` varchar(255) DEFAULT NULL,
  `FEDERATED_USERNAME` varchar(255) DEFAULT NULL,
  `TOKEN` text DEFAULT NULL,
  `USER_ID` varchar(36) NOT NULL,
  PRIMARY KEY (`IDENTITY_PROVIDER`,`USER_ID`),
  KEY `IDX_FEDIDENTITY_USER` (`USER_ID`),
  KEY `IDX_FEDIDENTITY_FEDUSER` (`FEDERATED_USER_ID`),
  CONSTRAINT `FK404288B92EF007A6` FOREIGN KEY (`USER_ID`) REFERENCES `USER_ENTITY` (`ID`)
) ENGINE=InnoDB DEFAULT CHARSET=utf8mb3 COLLATE=utf8mb3_unicode_ci;
/*!40101 SET character_set_client = @saved_cs_client */;

--
-- Dumping data for table `FEDERATED_IDENTITY`
--

LOCK TABLES `FEDERATED_IDENTITY` WRITE;
/*!40000 ALTER TABLE `FEDERATED_IDENTITY` DISABLE KEYS */;
/*!40000 ALTER TABLE `FEDERATED_IDENTITY` ENABLE KEYS */;
UNLOCK TABLES;

--
-- Table structure for table `FEDERATED_USER`
--

DROP TABLE IF EXISTS `FEDERATED_USER`;
/*!40101 SET @saved_cs_client     = @@character_set_client */;
/*!40101 SET character_set_client = utf8 */;
CREATE TABLE `FEDERATED_USER` (
  `ID` varchar(255) NOT NULL,
  `STORAGE_PROVIDER_ID` varchar(255) DEFAULT NULL,
  `REALM_ID` varchar(36) NOT NULL,
  PRIMARY KEY (`ID`)
) ENGINE=InnoDB DEFAULT CHARSET=utf8mb3 COLLATE=utf8mb3_unicode_ci;
/*!40101 SET character_set_client = @saved_cs_client */;

--
-- Dumping data for table `FEDERATED_USER`
--

LOCK TABLES `FEDERATED_USER` WRITE;
/*!40000 ALTER TABLE `FEDERATED_USER` DISABLE KEYS */;
/*!40000 ALTER TABLE `FEDERATED_USER` ENABLE KEYS */;
UNLOCK TABLES;

--
-- Table structure for table `FED_USER_ATTRIBUTE`
--

DROP TABLE IF EXISTS `FED_USER_ATTRIBUTE`;
/*!40101 SET @saved_cs_client     = @@character_set_client */;
/*!40101 SET character_set_client = utf8 */;
CREATE TABLE `FED_USER_ATTRIBUTE` (
  `ID` varchar(36) NOT NULL,
  `NAME` varchar(255) NOT NULL,
  `USER_ID` varchar(255) NOT NULL,
  `REALM_ID` varchar(36) NOT NULL,
  `STORAGE_PROVIDER_ID` varchar(36) DEFAULT NULL,
  `VALUE` text DEFAULT NULL,
  `LONG_VALUE_HASH` binary(64) DEFAULT NULL,
  `LONG_VALUE_HASH_LOWER_CASE` binary(64) DEFAULT NULL,
  `LONG_VALUE` longtext CHARACTER SET utf8mb3 COLLATE utf8mb3_general_ci DEFAULT NULL,
  PRIMARY KEY (`ID`),
  KEY `IDX_FU_ATTRIBUTE` (`USER_ID`,`REALM_ID`,`NAME`),
  KEY `FED_USER_ATTR_LONG_VALUES` (`LONG_VALUE_HASH`,`NAME`),
  KEY `FED_USER_ATTR_LONG_VALUES_LOWER_CASE` (`LONG_VALUE_HASH_LOWER_CASE`,`NAME`)
) ENGINE=InnoDB DEFAULT CHARSET=utf8mb3 COLLATE=utf8mb3_unicode_ci;
/*!40101 SET character_set_client = @saved_cs_client */;

--
-- Dumping data for table `FED_USER_ATTRIBUTE`
--

LOCK TABLES `FED_USER_ATTRIBUTE` WRITE;
/*!40000 ALTER TABLE `FED_USER_ATTRIBUTE` DISABLE KEYS */;
/*!40000 ALTER TABLE `FED_USER_ATTRIBUTE` ENABLE KEYS */;
UNLOCK TABLES;

--
-- Table structure for table `FED_USER_CONSENT`
--

DROP TABLE IF EXISTS `FED_USER_CONSENT`;
/*!40101 SET @saved_cs_client     = @@character_set_client */;
/*!40101 SET character_set_client = utf8 */;
CREATE TABLE `FED_USER_CONSENT` (
  `ID` varchar(36) NOT NULL,
  `CLIENT_ID` varchar(255) DEFAULT NULL,
  `USER_ID` varchar(255) NOT NULL,
  `REALM_ID` varchar(36) NOT NULL,
  `STORAGE_PROVIDER_ID` varchar(36) DEFAULT NULL,
  `CREATED_DATE` bigint(20) DEFAULT NULL,
  `LAST_UPDATED_DATE` bigint(20) DEFAULT NULL,
  `CLIENT_STORAGE_PROVIDER` varchar(36) DEFAULT NULL,
  `EXTERNAL_CLIENT_ID` varchar(255) DEFAULT NULL,
  PRIMARY KEY (`ID`),
  KEY `IDX_FU_CONSENT` (`USER_ID`,`CLIENT_ID`),
  KEY `IDX_FU_CONSENT_RU` (`REALM_ID`,`USER_ID`),
  KEY `IDX_FU_CNSNT_EXT` (`USER_ID`,`CLIENT_STORAGE_PROVIDER`,`EXTERNAL_CLIENT_ID`)
) ENGINE=InnoDB DEFAULT CHARSET=utf8mb3 COLLATE=utf8mb3_unicode_ci;
/*!40101 SET character_set_client = @saved_cs_client */;

--
-- Dumping data for table `FED_USER_CONSENT`
--

LOCK TABLES `FED_USER_CONSENT` WRITE;
/*!40000 ALTER TABLE `FED_USER_CONSENT` DISABLE KEYS */;
/*!40000 ALTER TABLE `FED_USER_CONSENT` ENABLE KEYS */;
UNLOCK TABLES;

--
-- Table structure for table `FED_USER_CONSENT_CL_SCOPE`
--

DROP TABLE IF EXISTS `FED_USER_CONSENT_CL_SCOPE`;
/*!40101 SET @saved_cs_client     = @@character_set_client */;
/*!40101 SET character_set_client = utf8 */;
CREATE TABLE `FED_USER_CONSENT_CL_SCOPE` (
  `USER_CONSENT_ID` varchar(36) NOT NULL,
  `SCOPE_ID` varchar(36) NOT NULL,
  PRIMARY KEY (`USER_CONSENT_ID`,`SCOPE_ID`)
) ENGINE=InnoDB DEFAULT CHARSET=utf8mb3 COLLATE=utf8mb3_unicode_ci;
/*!40101 SET character_set_client = @saved_cs_client */;

--
-- Dumping data for table `FED_USER_CONSENT_CL_SCOPE`
--

LOCK TABLES `FED_USER_CONSENT_CL_SCOPE` WRITE;
/*!40000 ALTER TABLE `FED_USER_CONSENT_CL_SCOPE` DISABLE KEYS */;
/*!40000 ALTER TABLE `FED_USER_CONSENT_CL_SCOPE` ENABLE KEYS */;
UNLOCK TABLES;

--
-- Table structure for table `FED_USER_CREDENTIAL`
--

DROP TABLE IF EXISTS `FED_USER_CREDENTIAL`;
/*!40101 SET @saved_cs_client     = @@character_set_client */;
/*!40101 SET character_set_client = utf8 */;
CREATE TABLE `FED_USER_CREDENTIAL` (
  `ID` varchar(36) NOT NULL,
  `SALT` tinyblob DEFAULT NULL,
  `TYPE` varchar(255) DEFAULT NULL,
  `CREATED_DATE` bigint(20) DEFAULT NULL,
  `USER_ID` varchar(255) NOT NULL,
  `REALM_ID` varchar(36) NOT NULL,
  `STORAGE_PROVIDER_ID` varchar(36) DEFAULT NULL,
  `USER_LABEL` varchar(255) DEFAULT NULL,
  `SECRET_DATA` longtext DEFAULT NULL,
  `CREDENTIAL_DATA` longtext DEFAULT NULL,
  `PRIORITY` int(11) DEFAULT NULL,
  PRIMARY KEY (`ID`),
  KEY `IDX_FU_CREDENTIAL` (`USER_ID`,`TYPE`),
  KEY `IDX_FU_CREDENTIAL_RU` (`REALM_ID`,`USER_ID`)
) ENGINE=InnoDB DEFAULT CHARSET=utf8mb3 COLLATE=utf8mb3_unicode_ci;
/*!40101 SET character_set_client = @saved_cs_client */;

--
-- Dumping data for table `FED_USER_CREDENTIAL`
--

LOCK TABLES `FED_USER_CREDENTIAL` WRITE;
/*!40000 ALTER TABLE `FED_USER_CREDENTIAL` DISABLE KEYS */;
/*!40000 ALTER TABLE `FED_USER_CREDENTIAL` ENABLE KEYS */;
UNLOCK TABLES;

--
-- Table structure for table `FED_USER_GROUP_MEMBERSHIP`
--

DROP TABLE IF EXISTS `FED_USER_GROUP_MEMBERSHIP`;
/*!40101 SET @saved_cs_client     = @@character_set_client */;
/*!40101 SET character_set_client = utf8 */;
CREATE TABLE `FED_USER_GROUP_MEMBERSHIP` (
  `GROUP_ID` varchar(36) NOT NULL,
  `USER_ID` varchar(255) NOT NULL,
  `REALM_ID` varchar(36) NOT NULL,
  `STORAGE_PROVIDER_ID` varchar(36) DEFAULT NULL,
  PRIMARY KEY (`GROUP_ID`,`USER_ID`),
  KEY `IDX_FU_GROUP_MEMBERSHIP` (`USER_ID`,`GROUP_ID`),
  KEY `IDX_FU_GROUP_MEMBERSHIP_RU` (`REALM_ID`,`USER_ID`)
) ENGINE=InnoDB DEFAULT CHARSET=utf8mb3 COLLATE=utf8mb3_unicode_ci;
/*!40101 SET character_set_client = @saved_cs_client */;

--
-- Dumping data for table `FED_USER_GROUP_MEMBERSHIP`
--

LOCK TABLES `FED_USER_GROUP_MEMBERSHIP` WRITE;
/*!40000 ALTER TABLE `FED_USER_GROUP_MEMBERSHIP` DISABLE KEYS */;
/*!40000 ALTER TABLE `FED_USER_GROUP_MEMBERSHIP` ENABLE KEYS */;
UNLOCK TABLES;

--
-- Table structure for table `FED_USER_REQUIRED_ACTION`
--

DROP TABLE IF EXISTS `FED_USER_REQUIRED_ACTION`;
/*!40101 SET @saved_cs_client     = @@character_set_client */;
/*!40101 SET character_set_client = utf8 */;
CREATE TABLE `FED_USER_REQUIRED_ACTION` (
  `REQUIRED_ACTION` varchar(255) NOT NULL DEFAULT ' ',
  `USER_ID` varchar(255) NOT NULL,
  `REALM_ID` varchar(36) NOT NULL,
  `STORAGE_PROVIDER_ID` varchar(36) DEFAULT NULL,
  PRIMARY KEY (`REQUIRED_ACTION`,`USER_ID`),
  KEY `IDX_FU_REQUIRED_ACTION` (`USER_ID`,`REQUIRED_ACTION`),
  KEY `IDX_FU_REQUIRED_ACTION_RU` (`REALM_ID`,`USER_ID`)
) ENGINE=InnoDB DEFAULT CHARSET=utf8mb3 COLLATE=utf8mb3_unicode_ci;
/*!40101 SET character_set_client = @saved_cs_client */;

--
-- Dumping data for table `FED_USER_REQUIRED_ACTION`
--

LOCK TABLES `FED_USER_REQUIRED_ACTION` WRITE;
/*!40000 ALTER TABLE `FED_USER_REQUIRED_ACTION` DISABLE KEYS */;
/*!40000 ALTER TABLE `FED_USER_REQUIRED_ACTION` ENABLE KEYS */;
UNLOCK TABLES;

--
-- Table structure for table `FED_USER_ROLE_MAPPING`
--

DROP TABLE IF EXISTS `FED_USER_ROLE_MAPPING`;
/*!40101 SET @saved_cs_client     = @@character_set_client */;
/*!40101 SET character_set_client = utf8 */;
CREATE TABLE `FED_USER_ROLE_MAPPING` (
  `ROLE_ID` varchar(36) NOT NULL,
  `USER_ID` varchar(255) NOT NULL,
  `REALM_ID` varchar(36) NOT NULL,
  `STORAGE_PROVIDER_ID` varchar(36) DEFAULT NULL,
  PRIMARY KEY (`ROLE_ID`,`USER_ID`),
  KEY `IDX_FU_ROLE_MAPPING` (`USER_ID`,`ROLE_ID`),
  KEY `IDX_FU_ROLE_MAPPING_RU` (`REALM_ID`,`USER_ID`)
) ENGINE=InnoDB DEFAULT CHARSET=utf8mb3 COLLATE=utf8mb3_unicode_ci;
/*!40101 SET character_set_client = @saved_cs_client */;

--
-- Dumping data for table `FED_USER_ROLE_MAPPING`
--

LOCK TABLES `FED_USER_ROLE_MAPPING` WRITE;
/*!40000 ALTER TABLE `FED_USER_ROLE_MAPPING` DISABLE KEYS */;
/*!40000 ALTER TABLE `FED_USER_ROLE_MAPPING` ENABLE KEYS */;
UNLOCK TABLES;

--
-- Table structure for table `GROUP_ATTRIBUTE`
--

DROP TABLE IF EXISTS `GROUP_ATTRIBUTE`;
/*!40101 SET @saved_cs_client     = @@character_set_client */;
/*!40101 SET character_set_client = utf8 */;
CREATE TABLE `GROUP_ATTRIBUTE` (
  `ID` varchar(36) NOT NULL DEFAULT 'sybase-needs-something-here',
  `NAME` varchar(255) NOT NULL,
  `VALUE` varchar(255) CHARACTER SET utf8mb3 COLLATE utf8mb3_general_ci DEFAULT NULL,
  `GROUP_ID` varchar(36) NOT NULL,
  PRIMARY KEY (`ID`),
  KEY `IDX_GROUP_ATTR_GROUP` (`GROUP_ID`),
  KEY `IDX_GROUP_ATT_BY_NAME_VALUE` (`NAME`,`VALUE`),
  CONSTRAINT `FK_GROUP_ATTRIBUTE_GROUP` FOREIGN KEY (`GROUP_ID`) REFERENCES `KEYCLOAK_GROUP` (`ID`)
) ENGINE=InnoDB DEFAULT CHARSET=utf8mb3 COLLATE=utf8mb3_unicode_ci;
/*!40101 SET character_set_client = @saved_cs_client */;

--
-- Dumping data for table `GROUP_ATTRIBUTE`
--

LOCK TABLES `GROUP_ATTRIBUTE` WRITE;
/*!40000 ALTER TABLE `GROUP_ATTRIBUTE` DISABLE KEYS */;
/*!40000 ALTER TABLE `GROUP_ATTRIBUTE` ENABLE KEYS */;
UNLOCK TABLES;

--
-- Table structure for table `GROUP_ROLE_MAPPING`
--

DROP TABLE IF EXISTS `GROUP_ROLE_MAPPING`;
/*!40101 SET @saved_cs_client     = @@character_set_client */;
/*!40101 SET character_set_client = utf8 */;
CREATE TABLE `GROUP_ROLE_MAPPING` (
  `ROLE_ID` varchar(36) NOT NULL,
  `GROUP_ID` varchar(36) NOT NULL,
  PRIMARY KEY (`ROLE_ID`,`GROUP_ID`),
  KEY `IDX_GROUP_ROLE_MAPP_GROUP` (`GROUP_ID`),
  CONSTRAINT `FK_GROUP_ROLE_GROUP` FOREIGN KEY (`GROUP_ID`) REFERENCES `KEYCLOAK_GROUP` (`ID`)
) ENGINE=InnoDB DEFAULT CHARSET=utf8mb3 COLLATE=utf8mb3_unicode_ci;
/*!40101 SET character_set_client = @saved_cs_client */;

--
-- Dumping data for table `GROUP_ROLE_MAPPING`
--

LOCK TABLES `GROUP_ROLE_MAPPING` WRITE;
/*!40000 ALTER TABLE `GROUP_ROLE_MAPPING` DISABLE KEYS */;
/*!40000 ALTER TABLE `GROUP_ROLE_MAPPING` ENABLE KEYS */;
UNLOCK TABLES;

--
-- Table structure for table `IDENTITY_PROVIDER`
--

DROP TABLE IF EXISTS `IDENTITY_PROVIDER`;
/*!40101 SET @saved_cs_client     = @@character_set_client */;
/*!40101 SET character_set_client = utf8 */;
CREATE TABLE `IDENTITY_PROVIDER` (
  `INTERNAL_ID` varchar(36) NOT NULL,
  `ENABLED` tinyint(1) NOT NULL DEFAULT 0,
  `PROVIDER_ALIAS` varchar(255) DEFAULT NULL,
  `PROVIDER_ID` varchar(255) DEFAULT NULL,
  `STORE_TOKEN` tinyint(1) NOT NULL DEFAULT 0,
  `AUTHENTICATE_BY_DEFAULT` tinyint(1) NOT NULL DEFAULT 0,
  `REALM_ID` varchar(36) DEFAULT NULL,
  `ADD_TOKEN_ROLE` tinyint(1) NOT NULL DEFAULT 1,
  `TRUST_EMAIL` tinyint(1) NOT NULL DEFAULT 0,
  `FIRST_BROKER_LOGIN_FLOW_ID` varchar(36) DEFAULT NULL,
  `POST_BROKER_LOGIN_FLOW_ID` varchar(36) DEFAULT NULL,
  `PROVIDER_DISPLAY_NAME` varchar(255) DEFAULT NULL,
  `LINK_ONLY` tinyint(1) NOT NULL DEFAULT 0,
  `ORGANIZATION_ID` varchar(255) DEFAULT NULL,
  `HIDE_ON_LOGIN` tinyint(1) DEFAULT 0,
  PRIMARY KEY (`INTERNAL_ID`),
  UNIQUE KEY `UK_2DAELWNIBJI49AVXSRTUF6XJ33` (`PROVIDER_ALIAS`,`REALM_ID`),
  KEY `IDX_IDENT_PROV_REALM` (`REALM_ID`),
  KEY `IDX_IDP_REALM_ORG` (`REALM_ID`,`ORGANIZATION_ID`),
  KEY `IDX_IDP_FOR_LOGIN` (`REALM_ID`,`ENABLED`,`LINK_ONLY`,`HIDE_ON_LOGIN`,`ORGANIZATION_ID`),
  CONSTRAINT `FK2B4EBC52AE5C3B34` FOREIGN KEY (`REALM_ID`) REFERENCES `REALM` (`ID`)
) ENGINE=InnoDB DEFAULT CHARSET=utf8mb3 COLLATE=utf8mb3_unicode_ci;
/*!40101 SET character_set_client = @saved_cs_client */;

--
-- Dumping data for table `IDENTITY_PROVIDER`
--

LOCK TABLES `IDENTITY_PROVIDER` WRITE;
/*!40000 ALTER TABLE `IDENTITY_PROVIDER` DISABLE KEYS */;
/*!40000 ALTER TABLE `IDENTITY_PROVIDER` ENABLE KEYS */;
UNLOCK TABLES;

--
-- Table structure for table `IDENTITY_PROVIDER_CONFIG`
--

DROP TABLE IF EXISTS `IDENTITY_PROVIDER_CONFIG`;
/*!40101 SET @saved_cs_client     = @@character_set_client */;
/*!40101 SET character_set_client = utf8 */;
CREATE TABLE `IDENTITY_PROVIDER_CONFIG` (
  `IDENTITY_PROVIDER_ID` varchar(36) NOT NULL,
  `VALUE` longtext DEFAULT NULL,
  `NAME` varchar(255) NOT NULL,
  PRIMARY KEY (`IDENTITY_PROVIDER_ID`,`NAME`),
  CONSTRAINT `FKDC4897CF864C4E43` FOREIGN KEY (`IDENTITY_PROVIDER_ID`) REFERENCES `IDENTITY_PROVIDER` (`INTERNAL_ID`)
) ENGINE=InnoDB DEFAULT CHARSET=utf8mb3 COLLATE=utf8mb3_unicode_ci;
/*!40101 SET character_set_client = @saved_cs_client */;

--
-- Dumping data for table `IDENTITY_PROVIDER_CONFIG`
--

LOCK TABLES `IDENTITY_PROVIDER_CONFIG` WRITE;
/*!40000 ALTER TABLE `IDENTITY_PROVIDER_CONFIG` DISABLE KEYS */;
/*!40000 ALTER TABLE `IDENTITY_PROVIDER_CONFIG` ENABLE KEYS */;
UNLOCK TABLES;

--
-- Table structure for table `IDENTITY_PROVIDER_MAPPER`
--

DROP TABLE IF EXISTS `IDENTITY_PROVIDER_MAPPER`;
/*!40101 SET @saved_cs_client     = @@character_set_client */;
/*!40101 SET character_set_client = utf8 */;
CREATE TABLE `IDENTITY_PROVIDER_MAPPER` (
  `ID` varchar(36) NOT NULL,
  `NAME` varchar(255) NOT NULL,
  `IDP_ALIAS` varchar(255) NOT NULL,
  `IDP_MAPPER_NAME` varchar(255) NOT NULL,
  `REALM_ID` varchar(36) NOT NULL,
  PRIMARY KEY (`ID`),
  KEY `IDX_ID_PROV_MAPP_REALM` (`REALM_ID`),
  CONSTRAINT `FK_IDPM_REALM` FOREIGN KEY (`REALM_ID`) REFERENCES `REALM` (`ID`)
) ENGINE=InnoDB DEFAULT CHARSET=utf8mb3 COLLATE=utf8mb3_unicode_ci;
/*!40101 SET character_set_client = @saved_cs_client */;

--
-- Dumping data for table `IDENTITY_PROVIDER_MAPPER`
--

LOCK TABLES `IDENTITY_PROVIDER_MAPPER` WRITE;
/*!40000 ALTER TABLE `IDENTITY_PROVIDER_MAPPER` DISABLE KEYS */;
/*!40000 ALTER TABLE `IDENTITY_PROVIDER_MAPPER` ENABLE KEYS */;
UNLOCK TABLES;

--
-- Table structure for table `IDP_MAPPER_CONFIG`
--

DROP TABLE IF EXISTS `IDP_MAPPER_CONFIG`;
/*!40101 SET @saved_cs_client     = @@character_set_client */;
/*!40101 SET character_set_client = utf8 */;
CREATE TABLE `IDP_MAPPER_CONFIG` (
  `IDP_MAPPER_ID` varchar(36) NOT NULL,
  `VALUE` longtext DEFAULT NULL,
  `NAME` varchar(255) NOT NULL,
  PRIMARY KEY (`IDP_MAPPER_ID`,`NAME`),
  CONSTRAINT `FK_IDPMCONFIG` FOREIGN KEY (`IDP_MAPPER_ID`) REFERENCES `IDENTITY_PROVIDER_MAPPER` (`ID`)
) ENGINE=InnoDB DEFAULT CHARSET=utf8mb3 COLLATE=utf8mb3_unicode_ci;
/*!40101 SET character_set_client = @saved_cs_client */;

--
-- Dumping data for table `IDP_MAPPER_CONFIG`
--

LOCK TABLES `IDP_MAPPER_CONFIG` WRITE;
/*!40000 ALTER TABLE `IDP_MAPPER_CONFIG` DISABLE KEYS */;
/*!40000 ALTER TABLE `IDP_MAPPER_CONFIG` ENABLE KEYS */;
UNLOCK TABLES;

--
-- Table structure for table `JGROUPS_PING`
--

DROP TABLE IF EXISTS `JGROUPS_PING`;
/*!40101 SET @saved_cs_client     = @@character_set_client */;
/*!40101 SET character_set_client = utf8 */;
CREATE TABLE `JGROUPS_PING` (
  `address` varchar(200) NOT NULL,
  `name` varchar(200) DEFAULT NULL,
  `cluster_name` varchar(200) NOT NULL,
  `ip` varchar(200) NOT NULL,
  `coord` tinyint(1) DEFAULT NULL,
  PRIMARY KEY (`address`)
) ENGINE=InnoDB DEFAULT CHARSET=utf8mb3 COLLATE=utf8mb3_unicode_ci;
/*!40101 SET character_set_client = @saved_cs_client */;

--
-- Dumping data for table `JGROUPS_PING`
--

LOCK TABLES `JGROUPS_PING` WRITE;
/*!40000 ALTER TABLE `JGROUPS_PING` DISABLE KEYS */;
INSERT INTO `JGROUPS_PING` VALUES
('uuid://a9787948-11e5-41ff-99f4-3d393c76e251','b74b79934041-24091','ISPN','172.18.0.3:7800',1);
/*!40000 ALTER TABLE `JGROUPS_PING` ENABLE KEYS */;
UNLOCK TABLES;

--
-- Table structure for table `KEYCLOAK_GROUP`
--

DROP TABLE IF EXISTS `KEYCLOAK_GROUP`;
/*!40101 SET @saved_cs_client     = @@character_set_client */;
/*!40101 SET character_set_client = utf8 */;
CREATE TABLE `KEYCLOAK_GROUP` (
  `ID` varchar(36) NOT NULL,
  `NAME` varchar(255) CHARACTER SET utf8mb3 COLLATE utf8mb3_general_ci DEFAULT NULL,
  `PARENT_GROUP` varchar(36) NOT NULL,
  `REALM_ID` varchar(36) DEFAULT NULL,
  `TYPE` int(11) NOT NULL,
  PRIMARY KEY (`ID`),
  UNIQUE KEY `SIBLING_NAMES` (`REALM_ID`,`PARENT_GROUP`,`NAME`)
) ENGINE=InnoDB DEFAULT CHARSET=utf8mb3 COLLATE=utf8mb3_unicode_ci;
/*!40101 SET character_set_client = @saved_cs_client */;

--
-- Dumping data for table `KEYCLOAK_GROUP`
--

LOCK TABLES `KEYCLOAK_GROUP` WRITE;
/*!40000 ALTER TABLE `KEYCLOAK_GROUP` DISABLE KEYS */;
/*!40000 ALTER TABLE `KEYCLOAK_GROUP` ENABLE KEYS */;
UNLOCK TABLES;

--
-- Table structure for table `KEYCLOAK_ROLE`
--

DROP TABLE IF EXISTS `KEYCLOAK_ROLE`;
/*!40101 SET @saved_cs_client     = @@character_set_client */;
/*!40101 SET character_set_client = utf8 */;
CREATE TABLE `KEYCLOAK_ROLE` (
  `ID` varchar(36) NOT NULL,
  `CLIENT_REALM_CONSTRAINT` varchar(255) DEFAULT NULL,
  `CLIENT_ROLE` tinyint(1) DEFAULT NULL,
  `DESCRIPTION` varchar(255) CHARACTER SET utf8mb3 COLLATE utf8mb3_general_ci DEFAULT NULL,
  `NAME` varchar(255) CHARACTER SET utf8mb3 COLLATE utf8mb3_general_ci DEFAULT NULL,
  `REALM_ID` varchar(255) DEFAULT NULL,
  `CLIENT` varchar(36) DEFAULT NULL,
  `REALM` varchar(36) DEFAULT NULL,
  PRIMARY KEY (`ID`),
  UNIQUE KEY `UK_J3RWUVD56ONTGSUHOGM184WW2-2` (`NAME`,`CLIENT_REALM_CONSTRAINT`),
  KEY `IDX_KEYCLOAK_ROLE_CLIENT` (`CLIENT`),
  KEY `IDX_KEYCLOAK_ROLE_REALM` (`REALM`),
  CONSTRAINT `FK_6VYQFE4CN4WLQ8R6KT5VDSJ5C` FOREIGN KEY (`REALM`) REFERENCES `REALM` (`ID`)
) ENGINE=InnoDB DEFAULT CHARSET=utf8mb3 COLLATE=utf8mb3_unicode_ci;
/*!40101 SET character_set_client = @saved_cs_client */;

--
-- Dumping data for table `KEYCLOAK_ROLE`
--

LOCK TABLES `KEYCLOAK_ROLE` WRITE;
/*!40000 ALTER TABLE `KEYCLOAK_ROLE` DISABLE KEYS */;
INSERT INTO `KEYCLOAK_ROLE` VALUES
('0014400c-c621-4cb7-bdb2-5be0ba95b02c','dd07457e-1f12-4501-a3c0-90767e740e24',1,'${role_query-realms}','query-realms','ef7f0780-7b02-40a8-adc9-27a5d400be72','dd07457e-1f12-4501-a3c0-90767e740e24',NULL),
('01a91d0e-0d51-4a05-9398-4241740d5e52','dd07457e-1f12-4501-a3c0-90767e740e24',1,'${role_view-events}','view-events','ef7f0780-7b02-40a8-adc9-27a5d400be72','dd07457e-1f12-4501-a3c0-90767e740e24',NULL),
('0285a1da-1419-4fef-85b0-092637786d42','dd07457e-1f12-4501-a3c0-90767e740e24',1,'${role_manage-clients}','manage-clients','ef7f0780-7b02-40a8-adc9-27a5d400be72','dd07457e-1f12-4501-a3c0-90767e740e24',NULL),
('0c0619f9-7132-4b0d-89f3-0c4171e292db','6697b6a3-054a-47cb-b67c-927960c231be',1,'${role_query-realms}','query-realms','4b357d97-725f-455d-a69c-4ec10fc47ccd','6697b6a3-054a-47cb-b67c-927960c231be',NULL),
('11be35e4-a37b-4626-ad22-9a8ec9336c0a','421ee220-93d8-45fe-aecb-5e2cfbb1b924',1,'${role_delete-account}','delete-account','4b357d97-725f-455d-a69c-4ec10fc47ccd','421ee220-93d8-45fe-aecb-5e2cfbb1b924',NULL),
('135d9390-bded-4fb6-81c0-143575a80c66','dd07457e-1f12-4501-a3c0-90767e740e24',1,'${role_manage-authorization}','manage-authorization','ef7f0780-7b02-40a8-adc9-27a5d400be72','dd07457e-1f12-4501-a3c0-90767e740e24',NULL),
('14e178c1-6933-49d5-ae27-280ae84dc63e','4b357d97-725f-455d-a69c-4ec10fc47ccd',0,'${role_offline-access}','offline_access','4b357d97-725f-455d-a69c-4ec10fc47ccd',NULL,NULL),
('14fd530d-d494-4a1d-a231-d91d84688a65','9ce13e38-7d3e-43b5-a05a-639f0262a878',1,'${role_manage-users}','manage-users','4b357d97-725f-455d-a69c-4ec10fc47ccd','9ce13e38-7d3e-43b5-a05a-639f0262a878',NULL),
('17d926d7-c97a-41a8-aad5-159d8ba98ed1','dd07457e-1f12-4501-a3c0-90767e740e24',1,'${role_view-users}','view-users','ef7f0780-7b02-40a8-adc9-27a5d400be72','dd07457e-1f12-4501-a3c0-90767e740e24',NULL),
('184fc86b-cdcf-4ec2-8d4e-35768f14be49','4b357d97-725f-455d-a69c-4ec10fc47ccd',0,'${role_uma_authorization}','uma_authorization','4b357d97-725f-455d-a69c-4ec10fc47ccd',NULL,NULL),
('1a0200e5-7643-4b11-9ce5-5ea43597963b','e51f8d72-05be-42d3-91ed-95a0ba13f72e',1,'${role_read-token}','read-token','4b357d97-725f-455d-a69c-4ec10fc47ccd','e51f8d72-05be-42d3-91ed-95a0ba13f72e',NULL),
('1a1ced7a-c5a4-4cec-a7db-a88e3060fb81','9ce13e38-7d3e-43b5-a05a-639f0262a878',1,'${role_impersonation}','impersonation','4b357d97-725f-455d-a69c-4ec10fc47ccd','9ce13e38-7d3e-43b5-a05a-639f0262a878',NULL),
('1bf2625b-aa3d-45c0-a96a-6912eb20d95c','6697b6a3-054a-47cb-b67c-927960c231be',1,'${role_query-users}','query-users','4b357d97-725f-455d-a69c-4ec10fc47ccd','6697b6a3-054a-47cb-b67c-927960c231be',NULL),
('1c26b222-c515-43c9-8d9b-fe2512a63b95','dd07457e-1f12-4501-a3c0-90767e740e24',1,'${role_view-clients}','view-clients','ef7f0780-7b02-40a8-adc9-27a5d400be72','dd07457e-1f12-4501-a3c0-90767e740e24',NULL),
('1f835096-71ce-4b66-aecb-671da62a1015','20b29d46-708a-4516-a58a-8b370ba4d215',1,'${role_manage-account}','manage-account','ef7f0780-7b02-40a8-adc9-27a5d400be72','20b29d46-708a-4516-a58a-8b370ba4d215',NULL),
('20413e1e-58fd-46e8-b642-7fdd145688d4','6697b6a3-054a-47cb-b67c-927960c231be',1,'${role_manage-events}','manage-events','4b357d97-725f-455d-a69c-4ec10fc47ccd','6697b6a3-054a-47cb-b67c-927960c231be',NULL),
('286ab202-d2fa-4d4c-a2f5-6efd22191a64','ef7f0780-7b02-40a8-adc9-27a5d400be72',0,'${role_default-roles}','default-roles-hpc-cluster','ef7f0780-7b02-40a8-adc9-27a5d400be72',NULL,NULL),
('29503a5e-eedc-4732-a4dc-710e8dc4c4b5','9ce13e38-7d3e-43b5-a05a-639f0262a878',1,'${role_view-users}','view-users','4b357d97-725f-455d-a69c-4ec10fc47ccd','9ce13e38-7d3e-43b5-a05a-639f0262a878',NULL),
('29e91c79-9850-4aeb-81ed-f544a377bbfd','6697b6a3-054a-47cb-b67c-927960c231be',1,'${role_manage-clients}','manage-clients','4b357d97-725f-455d-a69c-4ec10fc47ccd','6697b6a3-054a-47cb-b67c-927960c231be',NULL),
('33bed96a-8443-4fcf-a481-8a5d1eb8049a','9ce13e38-7d3e-43b5-a05a-639f0262a878',1,'${role_view-realm}','view-realm','4b357d97-725f-455d-a69c-4ec10fc47ccd','9ce13e38-7d3e-43b5-a05a-639f0262a878',NULL),
('3d60d554-dabd-45ca-8da4-b1e149190b3f','6697b6a3-054a-47cb-b67c-927960c231be',1,'${role_manage-realm}','manage-realm','4b357d97-725f-455d-a69c-4ec10fc47ccd','6697b6a3-054a-47cb-b67c-927960c231be',NULL),
('41286826-665a-4829-8789-40f0b1b640e7','20b29d46-708a-4516-a58a-8b370ba4d215',1,'${role_view-groups}','view-groups','ef7f0780-7b02-40a8-adc9-27a5d400be72','20b29d46-708a-4516-a58a-8b370ba4d215',NULL),
('4c1012f7-8738-4433-b46e-8a5cc02078a1','65a7c5c1-6757-417f-ade3-3bf2dda257ca',1,'${role_read-token}','read-token','ef7f0780-7b02-40a8-adc9-27a5d400be72','65a7c5c1-6757-417f-ade3-3bf2dda257ca',NULL),
('4c963e4a-1e25-4355-813a-43fe4df89b90','421ee220-93d8-45fe-aecb-5e2cfbb1b924',1,'${role_view-groups}','view-groups','4b357d97-725f-455d-a69c-4ec10fc47ccd','421ee220-93d8-45fe-aecb-5e2cfbb1b924',NULL),
('556f5055-c6d2-49db-86a5-202aa73a0267','dd07457e-1f12-4501-a3c0-90767e740e24',1,'${role_view-identity-providers}','view-identity-providers','ef7f0780-7b02-40a8-adc9-27a5d400be72','dd07457e-1f12-4501-a3c0-90767e740e24',NULL),
('55a93c02-523c-4725-b7cb-a1439759a831','6697b6a3-054a-47cb-b67c-927960c231be',1,'${role_view-events}','view-events','4b357d97-725f-455d-a69c-4ec10fc47ccd','6697b6a3-054a-47cb-b67c-927960c231be',NULL),
('5696b85f-09be-4e17-a8f5-6958467241bd','dd07457e-1f12-4501-a3c0-90767e740e24',1,'${role_manage-realm}','manage-realm','ef7f0780-7b02-40a8-adc9-27a5d400be72','dd07457e-1f12-4501-a3c0-90767e740e24',NULL),
('58ad3bea-f78d-44fb-a72e-e6430e78cf18','ef7f0780-7b02-40a8-adc9-27a5d400be72',0,'${role_offline-access}','offline_access','ef7f0780-7b02-40a8-adc9-27a5d400be72',NULL,NULL),
('5994d98e-efad-40a8-a2fa-a1214336dd0e','421ee220-93d8-45fe-aecb-5e2cfbb1b924',1,'${role_view-consent}','view-consent','4b357d97-725f-455d-a69c-4ec10fc47ccd','421ee220-93d8-45fe-aecb-5e2cfbb1b924',NULL),
('5dbbd0be-7986-4aac-a142-85a5f60eb86e','421ee220-93d8-45fe-aecb-5e2cfbb1b924',1,'${role_manage-consent}','manage-consent','4b357d97-725f-455d-a69c-4ec10fc47ccd','421ee220-93d8-45fe-aecb-5e2cfbb1b924',NULL),
('5e51b9b8-17d5-400b-81c9-b43ecbf1edcc','20b29d46-708a-4516-a58a-8b370ba4d215',1,'${role_manage-consent}','manage-consent','ef7f0780-7b02-40a8-adc9-27a5d400be72','20b29d46-708a-4516-a58a-8b370ba4d215',NULL),
('5e5a672f-e36e-4cad-903c-822957980527','ef7f0780-7b02-40a8-adc9-27a5d400be72',0,'${role_uma_authorization}','uma_authorization','ef7f0780-7b02-40a8-adc9-27a5d400be72',NULL,NULL),
('64ca09d0-72b1-4348-ac2a-be4ddfa549bc','dd07457e-1f12-4501-a3c0-90767e740e24',1,'${role_realm-admin}','realm-admin','ef7f0780-7b02-40a8-adc9-27a5d400be72','dd07457e-1f12-4501-a3c0-90767e740e24',NULL),
('67ee6868-516b-4db1-ba83-1943f9611dbe','9ce13e38-7d3e-43b5-a05a-639f0262a878',1,'${role_manage-identity-providers}','manage-identity-providers','4b357d97-725f-455d-a69c-4ec10fc47ccd','9ce13e38-7d3e-43b5-a05a-639f0262a878',NULL),
('687c18ef-3faa-46be-a061-c76aa08a676f','9ce13e38-7d3e-43b5-a05a-639f0262a878',1,'${role_view-identity-providers}','view-identity-providers','4b357d97-725f-455d-a69c-4ec10fc47ccd','9ce13e38-7d3e-43b5-a05a-639f0262a878',NULL),
('6e4012f8-b244-401d-a50b-fd4243fa244e','20b29d46-708a-4516-a58a-8b370ba4d215',1,'${role_view-applications}','view-applications','ef7f0780-7b02-40a8-adc9-27a5d400be72','20b29d46-708a-4516-a58a-8b370ba4d215',NULL),
('7c96cfe2-4476-4ea6-a6a1-f165a2d215d8','dd07457e-1f12-4501-a3c0-90767e740e24',1,'${role_impersonation}','impersonation','ef7f0780-7b02-40a8-adc9-27a5d400be72','dd07457e-1f12-4501-a3c0-90767e740e24',NULL),
('7d55fc22-d580-496d-8f9b-ca237f5327bd','9ce13e38-7d3e-43b5-a05a-639f0262a878',1,'${role_manage-clients}','manage-clients','4b357d97-725f-455d-a69c-4ec10fc47ccd','9ce13e38-7d3e-43b5-a05a-639f0262a878',NULL),
('88824ba9-a109-4109-b67f-dd0b61ef1fba','9ce13e38-7d3e-43b5-a05a-639f0262a878',1,'${role_view-clients}','view-clients','4b357d97-725f-455d-a69c-4ec10fc47ccd','9ce13e38-7d3e-43b5-a05a-639f0262a878',NULL),
('889d2203-8005-4b90-bdc5-f4ae6fd039e5','6697b6a3-054a-47cb-b67c-927960c231be',1,'${role_manage-identity-providers}','manage-identity-providers','4b357d97-725f-455d-a69c-4ec10fc47ccd','6697b6a3-054a-47cb-b67c-927960c231be',NULL),
('8a2c19d7-2aeb-4c08-ae9c-f683b9cc9411','6697b6a3-054a-47cb-b67c-927960c231be',1,'${role_view-users}','view-users','4b357d97-725f-455d-a69c-4ec10fc47ccd','6697b6a3-054a-47cb-b67c-927960c231be',NULL),
('8c51b3b3-92b2-4831-a496-9a529326a7fb','dd07457e-1f12-4501-a3c0-90767e740e24',1,'${role_query-groups}','query-groups','ef7f0780-7b02-40a8-adc9-27a5d400be72','dd07457e-1f12-4501-a3c0-90767e740e24',NULL),
('8f8090ea-164c-4a05-b05f-3d6c76a393ef','6697b6a3-054a-47cb-b67c-927960c231be',1,'${role_query-clients}','query-clients','4b357d97-725f-455d-a69c-4ec10fc47ccd','6697b6a3-054a-47cb-b67c-927960c231be',NULL),
('905501fd-84b2-4ea1-95e0-414769b8fa73','4b357d97-725f-455d-a69c-4ec10fc47ccd',0,'${role_admin}','admin','4b357d97-725f-455d-a69c-4ec10fc47ccd',NULL,NULL),
('953a668d-7541-4f7f-8a83-9d0f519afe85','dd07457e-1f12-4501-a3c0-90767e740e24',1,'${role_query-users}','query-users','ef7f0780-7b02-40a8-adc9-27a5d400be72','dd07457e-1f12-4501-a3c0-90767e740e24',NULL),
('a1860d0b-5510-48af-a01b-1cce2cd01a2b','421ee220-93d8-45fe-aecb-5e2cfbb1b924',1,'${role_manage-account}','manage-account','4b357d97-725f-455d-a69c-4ec10fc47ccd','421ee220-93d8-45fe-aecb-5e2cfbb1b924',NULL),
('a7adada3-6f54-405d-8307-7b4e9707f967','421ee220-93d8-45fe-aecb-5e2cfbb1b924',1,'${role_manage-account-links}','manage-account-links','4b357d97-725f-455d-a69c-4ec10fc47ccd','421ee220-93d8-45fe-aecb-5e2cfbb1b924',NULL),
('a9ed7ca6-ada4-4d24-bc1d-e8abd545e97c','6697b6a3-054a-47cb-b67c-927960c231be',1,'${role_view-realm}','view-realm','4b357d97-725f-455d-a69c-4ec10fc47ccd','6697b6a3-054a-47cb-b67c-927960c231be',NULL),
('ab714c01-eeef-4605-9eb1-5661b829e6b5','9ce13e38-7d3e-43b5-a05a-639f0262a878',1,'${role_manage-authorization}','manage-authorization','4b357d97-725f-455d-a69c-4ec10fc47ccd','9ce13e38-7d3e-43b5-a05a-639f0262a878',NULL),
('ad7cba94-14e8-4d31-bf88-6e375f1cbe10','dd07457e-1f12-4501-a3c0-90767e740e24',1,'${role_manage-identity-providers}','manage-identity-providers','ef7f0780-7b02-40a8-adc9-27a5d400be72','dd07457e-1f12-4501-a3c0-90767e740e24',NULL),
('b10ddf58-2e1e-4332-a87c-7d54b8157798','6697b6a3-054a-47cb-b67c-927960c231be',1,'${role_create-client}','create-client','4b357d97-725f-455d-a69c-4ec10fc47ccd','6697b6a3-054a-47cb-b67c-927960c231be',NULL),
('b6246cd5-bdc9-4d2a-a049-e5ecfb6d67bd','9ce13e38-7d3e-43b5-a05a-639f0262a878',1,'${role_query-groups}','query-groups','4b357d97-725f-455d-a69c-4ec10fc47ccd','9ce13e38-7d3e-43b5-a05a-639f0262a878',NULL),
('c2470d4d-445e-4887-a9d3-b9c1722d1483','9ce13e38-7d3e-43b5-a05a-639f0262a878',1,'${role_query-clients}','query-clients','4b357d97-725f-455d-a69c-4ec10fc47ccd','9ce13e38-7d3e-43b5-a05a-639f0262a878',NULL),
('c6a6d149-3957-4182-ac0c-8ea5cf107956','6697b6a3-054a-47cb-b67c-927960c231be',1,'${role_manage-users}','manage-users','4b357d97-725f-455d-a69c-4ec10fc47ccd','6697b6a3-054a-47cb-b67c-927960c231be',NULL),
('c9f1ebb6-1986-4d59-a50d-fcf554b3beff','6697b6a3-054a-47cb-b67c-927960c231be',1,'${role_view-clients}','view-clients','4b357d97-725f-455d-a69c-4ec10fc47ccd','6697b6a3-054a-47cb-b67c-927960c231be',NULL),
('d264fa07-a62e-4990-918d-4560c1d8e052','9ce13e38-7d3e-43b5-a05a-639f0262a878',1,'${role_create-client}','create-client','4b357d97-725f-455d-a69c-4ec10fc47ccd','9ce13e38-7d3e-43b5-a05a-639f0262a878',NULL),
('d5bbb37c-b99b-4890-a091-f6ea5957e1fd','4b357d97-725f-455d-a69c-4ec10fc47ccd',0,'${role_default-roles}','default-roles-master','4b357d97-725f-455d-a69c-4ec10fc47ccd',NULL,NULL),
('d615a350-e962-4601-9c7c-bd96d019649b','421ee220-93d8-45fe-aecb-5e2cfbb1b924',1,'${role_view-profile}','view-profile','4b357d97-725f-455d-a69c-4ec10fc47ccd','421ee220-93d8-45fe-aecb-5e2cfbb1b924',NULL),
('d75623ba-5f59-4af1-afff-d15e536757fb','9ce13e38-7d3e-43b5-a05a-639f0262a878',1,'${role_manage-events}','manage-events','4b357d97-725f-455d-a69c-4ec10fc47ccd','9ce13e38-7d3e-43b5-a05a-639f0262a878',NULL),
('d9248e27-7060-4f25-ae77-fcbaa05d8cdc','9ce13e38-7d3e-43b5-a05a-639f0262a878',1,'${role_query-users}','query-users','4b357d97-725f-455d-a69c-4ec10fc47ccd','9ce13e38-7d3e-43b5-a05a-639f0262a878',NULL),
('da6b66c7-148a-4ad0-96a6-a904ac669c3b','20b29d46-708a-4516-a58a-8b370ba4d215',1,'${role_delete-account}','delete-account','ef7f0780-7b02-40a8-adc9-27a5d400be72','20b29d46-708a-4516-a58a-8b370ba4d215',NULL),
('da6fcaeb-a08a-4204-aef2-d25e41a8cfed','20b29d46-708a-4516-a58a-8b370ba4d215',1,'${role_manage-account-links}','manage-account-links','ef7f0780-7b02-40a8-adc9-27a5d400be72','20b29d46-708a-4516-a58a-8b370ba4d215',NULL),
('dbeeb8a4-eed4-4602-95ba-8185b6a08d78','9ce13e38-7d3e-43b5-a05a-639f0262a878',1,'${role_view-events}','view-events','4b357d97-725f-455d-a69c-4ec10fc47ccd','9ce13e38-7d3e-43b5-a05a-639f0262a878',NULL),
('df7bacae-2922-4c33-b1bb-e51f0b62a0c4','dd07457e-1f12-4501-a3c0-90767e740e24',1,'${role_manage-users}','manage-users','ef7f0780-7b02-40a8-adc9-27a5d400be72','dd07457e-1f12-4501-a3c0-90767e740e24',NULL),
('dffffc85-a1fa-4a7f-ac69-8c4c4317666e','6697b6a3-054a-47cb-b67c-927960c231be',1,'${role_view-identity-providers}','view-identity-providers','4b357d97-725f-455d-a69c-4ec10fc47ccd','6697b6a3-054a-47cb-b67c-927960c231be',NULL),
('e0854642-a425-4e7d-b6cc-3b6a403bc42d','6697b6a3-054a-47cb-b67c-927960c231be',1,'${role_impersonation}','impersonation','4b357d97-725f-455d-a69c-4ec10fc47ccd','6697b6a3-054a-47cb-b67c-927960c231be',NULL),
('e09ed6b9-84b1-4857-8c00-248eb6802ce6','dd07457e-1f12-4501-a3c0-90767e740e24',1,'${role_create-client}','create-client','ef7f0780-7b02-40a8-adc9-27a5d400be72','dd07457e-1f12-4501-a3c0-90767e740e24',NULL),
('e113f0e5-9973-48f6-8118-b545839a129d','dd07457e-1f12-4501-a3c0-90767e740e24',1,'${role_view-realm}','view-realm','ef7f0780-7b02-40a8-adc9-27a5d400be72','dd07457e-1f12-4501-a3c0-90767e740e24',NULL),
('e1b5a463-c8e2-4340-b346-ca60479f1f50','6697b6a3-054a-47cb-b67c-927960c231be',1,'${role_manage-authorization}','manage-authorization','4b357d97-725f-455d-a69c-4ec10fc47ccd','6697b6a3-054a-47cb-b67c-927960c231be',NULL),
('e26eb438-a11e-40da-835f-fe59ab70882b','4b357d97-725f-455d-a69c-4ec10fc47ccd',0,'${role_create-realm}','create-realm','4b357d97-725f-455d-a69c-4ec10fc47ccd',NULL,NULL),
('e7b31008-6d8b-437d-86e3-fa755d312d85','9ce13e38-7d3e-43b5-a05a-639f0262a878',1,'${role_manage-realm}','manage-realm','4b357d97-725f-455d-a69c-4ec10fc47ccd','9ce13e38-7d3e-43b5-a05a-639f0262a878',NULL),
('e7dcbd12-ee7d-4f2e-97cd-74ed528dfd94','9ce13e38-7d3e-43b5-a05a-639f0262a878',1,'${role_view-authorization}','view-authorization','4b357d97-725f-455d-a69c-4ec10fc47ccd','9ce13e38-7d3e-43b5-a05a-639f0262a878',NULL),
('eae480a2-5b7f-439f-92ca-58cec055e9d2','dd07457e-1f12-4501-a3c0-90767e740e24',1,'${role_view-authorization}','view-authorization','ef7f0780-7b02-40a8-adc9-27a5d400be72','dd07457e-1f12-4501-a3c0-90767e740e24',NULL),
('ebdf905c-0c95-4227-a93c-df536de3b32a','6697b6a3-054a-47cb-b67c-927960c231be',1,'${role_query-groups}','query-groups','4b357d97-725f-455d-a69c-4ec10fc47ccd','6697b6a3-054a-47cb-b67c-927960c231be',NULL),
('f0b94964-ba46-4cb7-af35-1adbeb21f106','dd07457e-1f12-4501-a3c0-90767e740e24',1,'${role_query-clients}','query-clients','ef7f0780-7b02-40a8-adc9-27a5d400be72','dd07457e-1f12-4501-a3c0-90767e740e24',NULL),
('f6752221-1fab-4fdd-a1d9-a8670a2190ea','dd07457e-1f12-4501-a3c0-90767e740e24',1,'${role_manage-events}','manage-events','ef7f0780-7b02-40a8-adc9-27a5d400be72','dd07457e-1f12-4501-a3c0-90767e740e24',NULL),
('f9119a7b-44c2-4ef6-9c65-d82bb41dbcc3','20b29d46-708a-4516-a58a-8b370ba4d215',1,'${role_view-consent}','view-consent','ef7f0780-7b02-40a8-adc9-27a5d400be72','20b29d46-708a-4516-a58a-8b370ba4d215',NULL),
('f91940ce-ae92-47e8-a40c-48e4409f2dbe','9ce13e38-7d3e-43b5-a05a-639f0262a878',1,'${role_query-realms}','query-realms','4b357d97-725f-455d-a69c-4ec10fc47ccd','9ce13e38-7d3e-43b5-a05a-639f0262a878',NULL),
('fbec65fb-6156-49c9-9fe1-92a0af166212','421ee220-93d8-45fe-aecb-5e2cfbb1b924',1,'${role_view-applications}','view-applications','4b357d97-725f-455d-a69c-4ec10fc47ccd','421ee220-93d8-45fe-aecb-5e2cfbb1b924',NULL),
('fd84bd4e-739f-4859-b5de-601cbc60ee90','6697b6a3-054a-47cb-b67c-927960c231be',1,'${role_view-authorization}','view-authorization','4b357d97-725f-455d-a69c-4ec10fc47ccd','6697b6a3-054a-47cb-b67c-927960c231be',NULL),
('fea00bf4-f5de-4256-a815-530a7a753fba','20b29d46-708a-4516-a58a-8b370ba4d215',1,'${role_view-profile}','view-profile','ef7f0780-7b02-40a8-adc9-27a5d400be72','20b29d46-708a-4516-a58a-8b370ba4d215',NULL);
/*!40000 ALTER TABLE `KEYCLOAK_ROLE` ENABLE KEYS */;
UNLOCK TABLES;

--
-- Table structure for table `MIGRATION_MODEL`
--

DROP TABLE IF EXISTS `MIGRATION_MODEL`;
/*!40101 SET @saved_cs_client     = @@character_set_client */;
/*!40101 SET character_set_client = utf8 */;
CREATE TABLE `MIGRATION_MODEL` (
  `ID` varchar(36) NOT NULL,
  `VERSION` varchar(36) DEFAULT NULL,
  `UPDATE_TIME` bigint(20) NOT NULL DEFAULT 0,
  PRIMARY KEY (`ID`),
  KEY `IDX_UPDATE_TIME` (`UPDATE_TIME`)
) ENGINE=InnoDB DEFAULT CHARSET=utf8mb3 COLLATE=utf8mb3_unicode_ci;
/*!40101 SET character_set_client = @saved_cs_client */;

--
-- Dumping data for table `MIGRATION_MODEL`
--

LOCK TABLES `MIGRATION_MODEL` WRITE;
/*!40000 ALTER TABLE `MIGRATION_MODEL` DISABLE KEYS */;
INSERT INTO `MIGRATION_MODEL` VALUES
('dz74c','26.1.0',1738099128);
/*!40000 ALTER TABLE `MIGRATION_MODEL` ENABLE KEYS */;
UNLOCK TABLES;

--
-- Table structure for table `OFFLINE_CLIENT_SESSION`
--

DROP TABLE IF EXISTS `OFFLINE_CLIENT_SESSION`;
/*!40101 SET @saved_cs_client     = @@character_set_client */;
/*!40101 SET character_set_client = utf8 */;
CREATE TABLE `OFFLINE_CLIENT_SESSION` (
  `USER_SESSION_ID` varchar(36) NOT NULL,
  `CLIENT_ID` varchar(255) NOT NULL,
  `OFFLINE_FLAG` varchar(4) NOT NULL,
  `TIMESTAMP` int(11) DEFAULT NULL,
  `DATA` longtext DEFAULT NULL,
  `CLIENT_STORAGE_PROVIDER` varchar(36) NOT NULL DEFAULT 'local',
  `EXTERNAL_CLIENT_ID` varchar(255) NOT NULL DEFAULT 'local',
  `VERSION` int(11) DEFAULT 0,
  PRIMARY KEY (`USER_SESSION_ID`,`CLIENT_ID`,`CLIENT_STORAGE_PROVIDER`,`EXTERNAL_CLIENT_ID`,`OFFLINE_FLAG`)
) ENGINE=InnoDB DEFAULT CHARSET=utf8mb3 COLLATE=utf8mb3_unicode_ci;
/*!40101 SET character_set_client = @saved_cs_client */;

--
-- Dumping data for table `OFFLINE_CLIENT_SESSION`
--

LOCK TABLES `OFFLINE_CLIENT_SESSION` WRITE;
/*!40000 ALTER TABLE `OFFLINE_CLIENT_SESSION` DISABLE KEYS */;
INSERT INTO `OFFLINE_CLIENT_SESSION` VALUES
('41ff657b-1bbc-46ac-9636-03c3fc2dad4f','b99f5ca5-96fb-4d8f-9de4-1304df9f7505','0',1738260994,'{\"authMethod\":\"openid-connect\",\"redirectUri\":\"https://keycloak:7443/admin/master/console/\",\"notes\":{\"clientId\":\"b99f5ca5-96fb-4d8f-9de4-1304df9f7505\",\"iss\":\"https://keycloak:7443/realms/master\",\"startedAt\":\"1738258730\",\"response_type\":\"code\",\"level-of-authentication\":\"-1\",\"code_challenge_method\":\"S256\",\"nonce\":\"db77ba2c-5d06-46d6-be55-2f28163015e3\",\"response_mode\":\"query\",\"scope\":\"openid\",\"userSessionStartedAt\":\"1738258730\",\"redirect_uri\":\"https://keycloak:7443/admin/master/console/\",\"state\":\"744fdf5c-dd25-4a29-8fe3-7210108754af\",\"code_challenge\":\"JEG9qi8ikyDCcP5x6D0BPtG9RV2dxg7SVCeQhbumun8\"}}','local','local',7),
('e6cfe26b-3076-485a-ab75-7074bd91ee88','b99f5ca5-96fb-4d8f-9de4-1304df9f7505','0',1738261595,'{\"authMethod\":\"openid-connect\",\"redirectUri\":\"https://keycloak:7443/admin/master/console/#/HPC-Cluster/sessions\",\"notes\":{\"clientId\":\"b99f5ca5-96fb-4d8f-9de4-1304df9f7505\",\"iss\":\"https://keycloak:7443/realms/master\",\"startedAt\":\"1738261366\",\"response_type\":\"code\",\"level-of-authentication\":\"-1\",\"code_challenge_method\":\"S256\",\"nonce\":\"13928546-0b72-4a38-81bc-72ae08d488c7\",\"response_mode\":\"query\",\"scope\":\"openid\",\"userSessionStartedAt\":\"1738261366\",\"redirect_uri\":\"https://keycloak:7443/admin/master/console/#/HPC-Cluster/sessions\",\"state\":\"f35750db-2409-4092-9330-a1d471170fed\",\"code_challenge\":\"nL-WHhj7ZkgHLsjkeKO1pSi9e-UiPr8iwZzHg7SZRiU\",\"prompt\":\"none\",\"SSO_AUTH\":\"true\"}}','local','local',4);
/*!40000 ALTER TABLE `OFFLINE_CLIENT_SESSION` ENABLE KEYS */;
UNLOCK TABLES;

--
-- Table structure for table `OFFLINE_USER_SESSION`
--

DROP TABLE IF EXISTS `OFFLINE_USER_SESSION`;
/*!40101 SET @saved_cs_client     = @@character_set_client */;
/*!40101 SET character_set_client = utf8 */;
CREATE TABLE `OFFLINE_USER_SESSION` (
  `USER_SESSION_ID` varchar(36) NOT NULL,
  `USER_ID` varchar(255) DEFAULT NULL,
  `REALM_ID` varchar(36) NOT NULL,
  `CREATED_ON` int(11) NOT NULL,
  `OFFLINE_FLAG` varchar(4) NOT NULL,
  `DATA` longtext DEFAULT NULL,
  `LAST_SESSION_REFRESH` int(11) NOT NULL DEFAULT 0,
  `BROKER_SESSION_ID` text DEFAULT NULL,
  `VERSION` int(11) DEFAULT 0,
  PRIMARY KEY (`USER_SESSION_ID`,`OFFLINE_FLAG`),
  KEY `IDX_OFFLINE_USS_BY_USER` (`USER_ID`,`REALM_ID`,`OFFLINE_FLAG`),
  KEY `IDX_OFFLINE_USS_BY_LAST_SESSION_REFRESH` (`REALM_ID`,`OFFLINE_FLAG`,`LAST_SESSION_REFRESH`),
  KEY `IDX_OFFLINE_USS_BY_BROKER_SESSION_ID` (`BROKER_SESSION_ID`(255),`REALM_ID`)
) ENGINE=InnoDB DEFAULT CHARSET=utf8mb3 COLLATE=utf8mb3_unicode_ci;
/*!40101 SET character_set_client = @saved_cs_client */;

--
-- Dumping data for table `OFFLINE_USER_SESSION`
--

LOCK TABLES `OFFLINE_USER_SESSION` WRITE;
/*!40000 ALTER TABLE `OFFLINE_USER_SESSION` DISABLE KEYS */;
INSERT INTO `OFFLINE_USER_SESSION` VALUES
('41ff657b-1bbc-46ac-9636-03c3fc2dad4f','e934d182-ea69-4923-bae1-e3d6059aa799','4b357d97-725f-455d-a69c-4ec10fc47ccd',1738258730,'0','{\"ipAddress\":\"172.18.0.1\",\"authMethod\":\"openid-connect\",\"rememberMe\":false,\"started\":0,\"notes\":{\"KC_DEVICE_NOTE\":\"eyJpcEFkZHJlc3MiOiIxNzIuMTguMC4xIiwib3MiOiJXaW5kb3dzIiwib3NWZXJzaW9uIjoiMTAiLCJicm93c2VyIjoiRWRnZS8xMzIuMC4wIiwiZGV2aWNlIjoiT3RoZXIiLCJsYXN0QWNjZXNzIjowLCJtb2JpbGUiOmZhbHNlfQ==\",\"AUTH_TIME\":\"1738258730\",\"authenticators-completed\":\"{\\\"3f51ff8f-d67a-4eff-a6ef-d5172875c8ec\\\":1738258730}\"},\"state\":\"LOGGED_IN\"}',1738260994,NULL,7),
('e6cfe26b-3076-485a-ab75-7074bd91ee88','e934d182-ea69-4923-bae1-e3d6059aa799','4b357d97-725f-455d-a69c-4ec10fc47ccd',1738261366,'0','{\"ipAddress\":\"172.18.0.1\",\"authMethod\":\"openid-connect\",\"rememberMe\":false,\"started\":0,\"notes\":{\"KC_DEVICE_NOTE\":\"eyJpcEFkZHJlc3MiOiIxNzIuMTguMC4xIiwib3MiOiJXaW5kb3dzIiwib3NWZXJzaW9uIjoiMTAiLCJicm93c2VyIjoiRWRnZS8xMzIuMC4wIiwiZGV2aWNlIjoiT3RoZXIiLCJsYXN0QWNjZXNzIjowLCJtb2JpbGUiOmZhbHNlfQ==\",\"AUTH_TIME\":\"1738261366\",\"authenticators-completed\":\"{\\\"3f51ff8f-d67a-4eff-a6ef-d5172875c8ec\\\":1738261366,\\\"fb3c94d5-808f-4954-a07b-ba33acec7fea\\\":1738261594}\"},\"state\":\"LOGGED_IN\"}',1738261595,NULL,4);
/*!40000 ALTER TABLE `OFFLINE_USER_SESSION` ENABLE KEYS */;
UNLOCK TABLES;

--
-- Table structure for table `ORG`
--

DROP TABLE IF EXISTS `ORG`;
/*!40101 SET @saved_cs_client     = @@character_set_client */;
/*!40101 SET character_set_client = utf8 */;
CREATE TABLE `ORG` (
  `ID` varchar(255) NOT NULL,
  `ENABLED` tinyint(1) NOT NULL,
  `REALM_ID` varchar(255) NOT NULL,
  `GROUP_ID` varchar(255) NOT NULL,
  `NAME` varchar(255) NOT NULL,
  `DESCRIPTION` text DEFAULT NULL,
  `ALIAS` varchar(255) NOT NULL,
  `REDIRECT_URL` text DEFAULT NULL,
  PRIMARY KEY (`ID`),
  UNIQUE KEY `UK_ORG_NAME` (`REALM_ID`,`NAME`),
  UNIQUE KEY `UK_ORG_GROUP` (`GROUP_ID`),
  UNIQUE KEY `UK_ORG_ALIAS` (`REALM_ID`,`ALIAS`)
) ENGINE=InnoDB DEFAULT CHARSET=utf8mb3 COLLATE=utf8mb3_unicode_ci;
/*!40101 SET character_set_client = @saved_cs_client */;

--
-- Dumping data for table `ORG`
--

LOCK TABLES `ORG` WRITE;
/*!40000 ALTER TABLE `ORG` DISABLE KEYS */;
/*!40000 ALTER TABLE `ORG` ENABLE KEYS */;
UNLOCK TABLES;

--
-- Table structure for table `ORG_DOMAIN`
--

DROP TABLE IF EXISTS `ORG_DOMAIN`;
/*!40101 SET @saved_cs_client     = @@character_set_client */;
/*!40101 SET character_set_client = utf8 */;
CREATE TABLE `ORG_DOMAIN` (
  `ID` varchar(36) NOT NULL,
  `NAME` varchar(255) NOT NULL,
  `VERIFIED` tinyint(1) NOT NULL,
  `ORG_ID` varchar(255) NOT NULL,
  PRIMARY KEY (`ID`,`NAME`),
  KEY `IDX_ORG_DOMAIN_ORG_ID` (`ORG_ID`)
) ENGINE=InnoDB DEFAULT CHARSET=utf8mb3 COLLATE=utf8mb3_unicode_ci;
/*!40101 SET character_set_client = @saved_cs_client */;

--
-- Dumping data for table `ORG_DOMAIN`
--

LOCK TABLES `ORG_DOMAIN` WRITE;
/*!40000 ALTER TABLE `ORG_DOMAIN` DISABLE KEYS */;
/*!40000 ALTER TABLE `ORG_DOMAIN` ENABLE KEYS */;
UNLOCK TABLES;

--
-- Table structure for table `POLICY_CONFIG`
--

DROP TABLE IF EXISTS `POLICY_CONFIG`;
/*!40101 SET @saved_cs_client     = @@character_set_client */;
/*!40101 SET character_set_client = utf8 */;
CREATE TABLE `POLICY_CONFIG` (
  `POLICY_ID` varchar(36) NOT NULL,
  `NAME` varchar(255) NOT NULL,
  `VALUE` longtext DEFAULT NULL,
  PRIMARY KEY (`POLICY_ID`,`NAME`),
  CONSTRAINT `FKDC34197CF864C4E43` FOREIGN KEY (`POLICY_ID`) REFERENCES `RESOURCE_SERVER_POLICY` (`ID`)
) ENGINE=InnoDB DEFAULT CHARSET=utf8mb3 COLLATE=utf8mb3_unicode_ci;
/*!40101 SET character_set_client = @saved_cs_client */;

--
-- Dumping data for table `POLICY_CONFIG`
--

LOCK TABLES `POLICY_CONFIG` WRITE;
/*!40000 ALTER TABLE `POLICY_CONFIG` DISABLE KEYS */;
/*!40000 ALTER TABLE `POLICY_CONFIG` ENABLE KEYS */;
UNLOCK TABLES;

--
-- Table structure for table `PROTOCOL_MAPPER`
--

DROP TABLE IF EXISTS `PROTOCOL_MAPPER`;
/*!40101 SET @saved_cs_client     = @@character_set_client */;
/*!40101 SET character_set_client = utf8 */;
CREATE TABLE `PROTOCOL_MAPPER` (
  `ID` varchar(36) NOT NULL,
  `NAME` varchar(255) NOT NULL,
  `PROTOCOL` varchar(255) NOT NULL,
  `PROTOCOL_MAPPER_NAME` varchar(255) NOT NULL,
  `CLIENT_ID` varchar(36) DEFAULT NULL,
  `CLIENT_SCOPE_ID` varchar(36) DEFAULT NULL,
  PRIMARY KEY (`ID`),
  KEY `IDX_PROTOCOL_MAPPER_CLIENT` (`CLIENT_ID`),
  KEY `IDX_CLSCOPE_PROTMAP` (`CLIENT_SCOPE_ID`),
  CONSTRAINT `FK_CLI_SCOPE_MAPPER` FOREIGN KEY (`CLIENT_SCOPE_ID`) REFERENCES `CLIENT_SCOPE` (`ID`),
  CONSTRAINT `FK_PCM_REALM` FOREIGN KEY (`CLIENT_ID`) REFERENCES `CLIENT` (`ID`)
) ENGINE=InnoDB DEFAULT CHARSET=utf8mb3 COLLATE=utf8mb3_unicode_ci;
/*!40101 SET character_set_client = @saved_cs_client */;

--
-- Dumping data for table `PROTOCOL_MAPPER`
--

LOCK TABLES `PROTOCOL_MAPPER` WRITE;
/*!40000 ALTER TABLE `PROTOCOL_MAPPER` DISABLE KEYS */;
INSERT INTO `PROTOCOL_MAPPER` VALUES
('070a5057-5b79-4351-9207-2538dc3687ec','phone number','openid-connect','oidc-usermodel-attribute-mapper',NULL,'300f1934-2cd5-442b-8017-59001d1a9bc6'),
('1681fe33-4777-4273-83ff-aa58e736e930','email verified','openid-connect','oidc-usermodel-property-mapper',NULL,'e21450cf-77ff-467b-b032-1532b32daec8'),
('1e9813c8-addf-485f-94c7-60dfb53ba309','zoneinfo','openid-connect','oidc-usermodel-attribute-mapper',NULL,'11ea7b03-1a3e-4428-9654-acb796ac6f58'),
('20264073-05f4-46cd-8875-fe73ca58d2f5','zoneinfo','openid-connect','oidc-usermodel-attribute-mapper',NULL,'69e0acc6-2cc5-4d3a-99f9-94d63bae1955'),
('21061e82-03a6-4271-b270-ad7171757545','nickname','openid-connect','oidc-usermodel-attribute-mapper',NULL,'11ea7b03-1a3e-4428-9654-acb796ac6f58'),
('23c24de2-7041-4647-8fd2-bcf1e34defef','role list','saml','saml-role-list-mapper',NULL,'1d2cafd9-f0ee-46e7-8b99-924e47966a67'),
('243c613e-51b0-4354-948b-ddf50bc47b46','middle name','openid-connect','oidc-usermodel-attribute-mapper',NULL,'69e0acc6-2cc5-4d3a-99f9-94d63bae1955'),
('266dfafc-3af5-45a0-b719-e3f2ce00742b','Client ID','openid-connect','oidc-usersessionmodel-note-mapper',NULL,'ed7b4945-c748-4ee7-8a03-1af60863bf4a'),
('293d0156-cbc3-4437-a45d-e6b4d465c0a7','organization','saml','saml-organization-membership-mapper',NULL,'463c9405-e137-4a60-9db8-dd3b50ac8380'),
('31487494-5024-4941-ae16-38a47b302c0f','phone number verified','openid-connect','oidc-usermodel-attribute-mapper',NULL,'300f1934-2cd5-442b-8017-59001d1a9bc6'),
('3372a6ff-63db-40b1-91f2-caec2857085e','organization','openid-connect','oidc-organization-membership-mapper',NULL,'7e92b4e7-ca06-4a30-87c7-25b8288fc4c0'),
('34cb2156-a383-4794-ac96-a851b6fd18cd','profile','openid-connect','oidc-usermodel-attribute-mapper',NULL,'11ea7b03-1a3e-4428-9654-acb796ac6f58'),
('3eae5718-a5cb-42a0-a773-047f68d4b5f4','Client ID','openid-connect','oidc-usersessionmodel-note-mapper',NULL,'e0be7652-b77b-424f-a304-206c1293db8e'),
('476b66b1-4756-4e3f-b782-0c9465c84215','audience resolve','openid-connect','oidc-audience-resolve-mapper','fa329ca7-51dd-493f-ad1a-9771f9ba5583',NULL),
('477a9164-402e-47e3-ae0e-c6bc2dbd640a','phone number verified','openid-connect','oidc-usermodel-attribute-mapper',NULL,'c968866c-1fb0-45a0-9be3-605c5496e80a'),
('4a8db012-b7d4-4f73-b3f1-0508a011a897','Client Host','openid-connect','oidc-usersessionmodel-note-mapper',NULL,'ed7b4945-c748-4ee7-8a03-1af60863bf4a'),
('4aa1238b-d617-4221-8850-fe84919f075a','allowed web origins','openid-connect','oidc-allowed-origins-mapper',NULL,'ac3606b0-067c-4f17-8d0d-48cd17765c98'),
('521b9879-98e3-44ff-bd18-99a6b1e78a0f','username','openid-connect','oidc-usermodel-attribute-mapper',NULL,'11ea7b03-1a3e-4428-9654-acb796ac6f58'),
('52bc43f0-c2d9-43a9-97d3-dfddc968f095','client roles','openid-connect','oidc-usermodel-client-role-mapper',NULL,'a6f17fcf-e9e4-43eb-9aac-3887afd22f2d'),
('531e051b-c948-44f9-8747-f942c3552e62','audience resolve','openid-connect','oidc-audience-resolve-mapper','c744b425-9717-4c46-812e-c10fec7501d4',NULL),
('541603f5-ccf5-43b1-9b3f-576c76b9c46c','Client IP Address','openid-connect','oidc-usersessionmodel-note-mapper',NULL,'ed7b4945-c748-4ee7-8a03-1af60863bf4a'),
('553b6a7e-2a7d-47fa-9143-3f500a850b52','sub','openid-connect','oidc-sub-mapper',NULL,'487120f3-1486-4daf-bf3d-e758e828383b'),
('5b8604ff-fac8-4be4-8a7c-7c1b0e73a9e7','upn','openid-connect','oidc-usermodel-attribute-mapper',NULL,'6f9bc85a-c709-40d5-b6ac-b0c4d4ce43c3'),
('5dada18a-0da3-482c-a4ce-1cb5a79410ed','audience resolve','openid-connect','oidc-audience-resolve-mapper',NULL,'a6f17fcf-e9e4-43eb-9aac-3887afd22f2d'),
('607a864c-aa12-4de8-b96e-258c8439020c','full name','openid-connect','oidc-full-name-mapper',NULL,'11ea7b03-1a3e-4428-9654-acb796ac6f58'),
('62462f56-8c9e-4c60-811d-c5688a468dc5','website','openid-connect','oidc-usermodel-attribute-mapper',NULL,'11ea7b03-1a3e-4428-9654-acb796ac6f58'),
('65a8adf0-3133-48cf-867e-9945cf3be670','realm roles','openid-connect','oidc-usermodel-realm-role-mapper',NULL,'a6f17fcf-e9e4-43eb-9aac-3887afd22f2d'),
('6a6aa130-f9ba-4f3a-9d53-ed669218a4e1','Client Host','openid-connect','oidc-usersessionmodel-note-mapper',NULL,'e0be7652-b77b-424f-a304-206c1293db8e'),
('6abe91e6-dfb0-4fcc-b902-8a6e09979bc4','groups','openid-connect','oidc-usermodel-realm-role-mapper',NULL,'6f9bc85a-c709-40d5-b6ac-b0c4d4ce43c3'),
('6bb2c4b8-7051-438e-bd86-9eebce03fdb8','address','openid-connect','oidc-address-mapper',NULL,'d8081b43-c84d-470e-aa4c-5142ca65b793'),
('719f604d-ee56-4a25-9bdb-13620ad9d8c1','sub','openid-connect','oidc-sub-mapper',NULL,'a067804b-1263-4010-afba-1a0485f09f85'),
('763e861a-e8c1-4ee5-b599-92b5f95d7b7c','audience resolve','openid-connect','oidc-audience-resolve-mapper',NULL,'6b907fd0-2e86-4d53-8348-ea99a599c73c'),
('76c6297e-a003-432f-9118-7e9574a3085a','website','openid-connect','oidc-usermodel-attribute-mapper',NULL,'69e0acc6-2cc5-4d3a-99f9-94d63bae1955'),
('8356434a-2a3c-4539-84bc-03c46a409f67','client roles','openid-connect','oidc-usermodel-client-role-mapper',NULL,'6b907fd0-2e86-4d53-8348-ea99a599c73c'),
('84585bdf-beaf-4605-830b-5ca54ffbd8be','Client IP Address','openid-connect','oidc-usersessionmodel-note-mapper',NULL,'e0be7652-b77b-424f-a304-206c1293db8e'),
('8554f4b6-bf1d-41de-8def-55b0a3039cec','family name','openid-connect','oidc-usermodel-attribute-mapper',NULL,'11ea7b03-1a3e-4428-9654-acb796ac6f58'),
('87e740f4-3691-4126-bf4e-8fd7debab60d','given name','openid-connect','oidc-usermodel-attribute-mapper',NULL,'69e0acc6-2cc5-4d3a-99f9-94d63bae1955'),
('8a9cc9c9-8e46-4861-a44b-18616c66454a','gender','openid-connect','oidc-usermodel-attribute-mapper',NULL,'69e0acc6-2cc5-4d3a-99f9-94d63bae1955'),
('8c84876c-cdbb-443d-9368-2c11b8087753','email','openid-connect','oidc-usermodel-attribute-mapper',NULL,'11940d0d-fa9f-465d-834a-f274ce9c6b72'),
('911b4053-55d3-4e78-9aee-9bef0516987e','picture','openid-connect','oidc-usermodel-attribute-mapper',NULL,'11ea7b03-1a3e-4428-9654-acb796ac6f58'),
('93358b98-0c67-4d4c-9156-70ff8c779aa5','groups','openid-connect','oidc-usermodel-realm-role-mapper',NULL,'02d4db49-9558-4323-8936-535df3c129ff'),
('94ecb2ec-6532-4a55-81a5-e6d08128cc33','locale','openid-connect','oidc-usermodel-attribute-mapper',NULL,'69e0acc6-2cc5-4d3a-99f9-94d63bae1955'),
('a90b7581-7f46-4a21-8627-29694674ef4d','locale','openid-connect','oidc-usermodel-attribute-mapper','28a040c7-c316-46d3-a473-1026fa7f8168',NULL),
('ad0cee46-55cb-4c21-8739-16093b8cfdb0','email','openid-connect','oidc-usermodel-attribute-mapper',NULL,'e21450cf-77ff-467b-b032-1532b32daec8'),
('adbc98f0-1d27-4a23-9622-955764fa5043','realm roles','openid-connect','oidc-usermodel-realm-role-mapper',NULL,'6b907fd0-2e86-4d53-8348-ea99a599c73c'),
('aef50d91-b540-4880-9033-a4f567143242','role list','saml','saml-role-list-mapper',NULL,'d3ef5247-17f3-4e5b-a683-3b566af71bfc'),
('b13a5241-4a15-4558-9033-d3888a2e69ed','updated at','openid-connect','oidc-usermodel-attribute-mapper',NULL,'11ea7b03-1a3e-4428-9654-acb796ac6f58'),
('b9b35ac2-8e6b-4cdb-a852-cabc9b642b83','email verified','openid-connect','oidc-usermodel-property-mapper',NULL,'11940d0d-fa9f-465d-834a-f274ce9c6b72'),
('bcb0764d-1c83-43e8-ae0d-d9626dab4a51','allowed web origins','openid-connect','oidc-allowed-origins-mapper',NULL,'016d9942-90d6-4638-9b77-2b6124f54178'),
('bea9ed22-a90c-47c8-9471-496e6fff51d0','given name','openid-connect','oidc-usermodel-attribute-mapper',NULL,'11ea7b03-1a3e-4428-9654-acb796ac6f58'),
('c3793da7-015c-470b-969c-60a00c7d3feb','updated at','openid-connect','oidc-usermodel-attribute-mapper',NULL,'69e0acc6-2cc5-4d3a-99f9-94d63bae1955'),
('c3e272e5-2c24-453d-b58c-099292e6ae17','acr loa level','openid-connect','oidc-acr-mapper',NULL,'e9158137-2347-4e17-8eb4-bec8f97304a8'),
('d11893bb-b6da-407a-bce4-c507178042ff','organization','openid-connect','oidc-organization-membership-mapper',NULL,'d578e571-a741-475d-a57a-eb2b23976e0c'),
('d373d13e-e2fe-4afb-bc1f-a08cf4ca9228','profile','openid-connect','oidc-usermodel-attribute-mapper',NULL,'69e0acc6-2cc5-4d3a-99f9-94d63bae1955'),
('d46c0921-0099-4e07-8671-a90afc196d74','organization','saml','saml-organization-membership-mapper',NULL,'fdc44641-edf5-4f49-a96e-490db4f4499a'),
('d8fd7633-72b1-4740-a051-6bf82da7d943','middle name','openid-connect','oidc-usermodel-attribute-mapper',NULL,'11ea7b03-1a3e-4428-9654-acb796ac6f58'),
('db2f3fdb-a228-4774-9012-e7900acf83b6','locale','openid-connect','oidc-usermodel-attribute-mapper','b99f5ca5-96fb-4d8f-9de4-1304df9f7505',NULL),
('dd8f3a31-55c0-4964-b60d-335651f4a830','locale','openid-connect','oidc-usermodel-attribute-mapper',NULL,'11ea7b03-1a3e-4428-9654-acb796ac6f58'),
('deca8973-617e-47a2-8762-96fdf1aa114c','gender','openid-connect','oidc-usermodel-attribute-mapper',NULL,'11ea7b03-1a3e-4428-9654-acb796ac6f58'),
('df3ec767-841e-4c2f-b287-e3069e92cdc8','picture','openid-connect','oidc-usermodel-attribute-mapper',NULL,'69e0acc6-2cc5-4d3a-99f9-94d63bae1955'),
('e0d9c441-d265-4ad4-8de4-fa7b863fe1dd','username','openid-connect','oidc-usermodel-attribute-mapper',NULL,'69e0acc6-2cc5-4d3a-99f9-94d63bae1955'),
('e578af03-dd14-4315-b53b-62f8330a7f5e','birthdate','openid-connect','oidc-usermodel-attribute-mapper',NULL,'69e0acc6-2cc5-4d3a-99f9-94d63bae1955'),
('e86e54e8-ce26-4a03-8884-e2e399852014','birthdate','openid-connect','oidc-usermodel-attribute-mapper',NULL,'11ea7b03-1a3e-4428-9654-acb796ac6f58'),
('ea7129b9-e6f3-4a30-a6c9-4a299ccd5bdd','acr loa level','openid-connect','oidc-acr-mapper',NULL,'8c0e93bc-5567-4f36-931b-9e1068f70bbe'),
('ebc68c51-db44-4db0-a613-23db12b0be27','upn','openid-connect','oidc-usermodel-attribute-mapper',NULL,'02d4db49-9558-4323-8936-535df3c129ff'),
('ebd7c5d8-d854-4f4e-b17e-400d0e6cdcc5','family name','openid-connect','oidc-usermodel-attribute-mapper',NULL,'69e0acc6-2cc5-4d3a-99f9-94d63bae1955'),
('f0546a38-e044-461e-a68f-bddbe84e399b','phone number','openid-connect','oidc-usermodel-attribute-mapper',NULL,'c968866c-1fb0-45a0-9be3-605c5496e80a'),
('f112da83-d273-4876-88b5-6b4aea2fea1b','nickname','openid-connect','oidc-usermodel-attribute-mapper',NULL,'69e0acc6-2cc5-4d3a-99f9-94d63bae1955'),
('f144a666-e6c4-4f8b-97ec-611bd2871361','auth_time','openid-connect','oidc-usersessionmodel-note-mapper',NULL,'a067804b-1263-4010-afba-1a0485f09f85'),
('f83ee186-b577-4d5f-bf08-738e333813fa','full name','openid-connect','oidc-full-name-mapper',NULL,'69e0acc6-2cc5-4d3a-99f9-94d63bae1955'),
('fd74841d-2c97-4fcf-a0b4-3b7995c28099','address','openid-connect','oidc-address-mapper',NULL,'e792e68f-2cf1-488e-b947-c9f438e8c21a'),
('ff3b57bd-b8b3-4763-bb15-c1bcfc08346c','auth_time','openid-connect','oidc-usersessionmodel-note-mapper',NULL,'487120f3-1486-4daf-bf3d-e758e828383b');
/*!40000 ALTER TABLE `PROTOCOL_MAPPER` ENABLE KEYS */;
UNLOCK TABLES;

--
-- Table structure for table `PROTOCOL_MAPPER_CONFIG`
--

DROP TABLE IF EXISTS `PROTOCOL_MAPPER_CONFIG`;
/*!40101 SET @saved_cs_client     = @@character_set_client */;
/*!40101 SET character_set_client = utf8 */;
CREATE TABLE `PROTOCOL_MAPPER_CONFIG` (
  `PROTOCOL_MAPPER_ID` varchar(36) NOT NULL,
  `VALUE` longtext DEFAULT NULL,
  `NAME` varchar(255) NOT NULL,
  PRIMARY KEY (`PROTOCOL_MAPPER_ID`,`NAME`),
  CONSTRAINT `FK_PMCONFIG` FOREIGN KEY (`PROTOCOL_MAPPER_ID`) REFERENCES `PROTOCOL_MAPPER` (`ID`)
) ENGINE=InnoDB DEFAULT CHARSET=utf8mb3 COLLATE=utf8mb3_unicode_ci;
/*!40101 SET character_set_client = @saved_cs_client */;

--
-- Dumping data for table `PROTOCOL_MAPPER_CONFIG`
--

LOCK TABLES `PROTOCOL_MAPPER_CONFIG` WRITE;
/*!40000 ALTER TABLE `PROTOCOL_MAPPER_CONFIG` DISABLE KEYS */;
INSERT INTO `PROTOCOL_MAPPER_CONFIG` VALUES
('070a5057-5b79-4351-9207-2538dc3687ec','true','access.token.claim'),
('070a5057-5b79-4351-9207-2538dc3687ec','phone_number','claim.name'),
('070a5057-5b79-4351-9207-2538dc3687ec','true','id.token.claim'),
('070a5057-5b79-4351-9207-2538dc3687ec','true','introspection.token.claim'),
('070a5057-5b79-4351-9207-2538dc3687ec','String','jsonType.label'),
('070a5057-5b79-4351-9207-2538dc3687ec','phoneNumber','user.attribute'),
('070a5057-5b79-4351-9207-2538dc3687ec','true','userinfo.token.claim'),
('1681fe33-4777-4273-83ff-aa58e736e930','true','access.token.claim'),
('1681fe33-4777-4273-83ff-aa58e736e930','email_verified','claim.name'),
('1681fe33-4777-4273-83ff-aa58e736e930','true','id.token.claim'),
('1681fe33-4777-4273-83ff-aa58e736e930','true','introspection.token.claim'),
('1681fe33-4777-4273-83ff-aa58e736e930','boolean','jsonType.label'),
('1681fe33-4777-4273-83ff-aa58e736e930','emailVerified','user.attribute'),
('1681fe33-4777-4273-83ff-aa58e736e930','true','userinfo.token.claim'),
('1e9813c8-addf-485f-94c7-60dfb53ba309','true','access.token.claim'),
('1e9813c8-addf-485f-94c7-60dfb53ba309','zoneinfo','claim.name'),
('1e9813c8-addf-485f-94c7-60dfb53ba309','true','id.token.claim'),
('1e9813c8-addf-485f-94c7-60dfb53ba309','true','introspection.token.claim'),
('1e9813c8-addf-485f-94c7-60dfb53ba309','String','jsonType.label'),
('1e9813c8-addf-485f-94c7-60dfb53ba309','zoneinfo','user.attribute'),
('1e9813c8-addf-485f-94c7-60dfb53ba309','true','userinfo.token.claim'),
('20264073-05f4-46cd-8875-fe73ca58d2f5','true','access.token.claim'),
('20264073-05f4-46cd-8875-fe73ca58d2f5','zoneinfo','claim.name'),
('20264073-05f4-46cd-8875-fe73ca58d2f5','true','id.token.claim'),
('20264073-05f4-46cd-8875-fe73ca58d2f5','true','introspection.token.claim'),
('20264073-05f4-46cd-8875-fe73ca58d2f5','String','jsonType.label'),
('20264073-05f4-46cd-8875-fe73ca58d2f5','zoneinfo','user.attribute'),
('20264073-05f4-46cd-8875-fe73ca58d2f5','true','userinfo.token.claim'),
('21061e82-03a6-4271-b270-ad7171757545','true','access.token.claim'),
('21061e82-03a6-4271-b270-ad7171757545','nickname','claim.name'),
('21061e82-03a6-4271-b270-ad7171757545','true','id.token.claim'),
('21061e82-03a6-4271-b270-ad7171757545','true','introspection.token.claim'),
('21061e82-03a6-4271-b270-ad7171757545','String','jsonType.label'),
('21061e82-03a6-4271-b270-ad7171757545','nickname','user.attribute'),
('21061e82-03a6-4271-b270-ad7171757545','true','userinfo.token.claim'),
('23c24de2-7041-4647-8fd2-bcf1e34defef','Role','attribute.name'),
('23c24de2-7041-4647-8fd2-bcf1e34defef','Basic','attribute.nameformat'),
('23c24de2-7041-4647-8fd2-bcf1e34defef','false','single'),
('243c613e-51b0-4354-948b-ddf50bc47b46','true','access.token.claim'),
('243c613e-51b0-4354-948b-ddf50bc47b46','middle_name','claim.name'),
('243c613e-51b0-4354-948b-ddf50bc47b46','true','id.token.claim'),
('243c613e-51b0-4354-948b-ddf50bc47b46','true','introspection.token.claim'),
('243c613e-51b0-4354-948b-ddf50bc47b46','String','jsonType.label'),
('243c613e-51b0-4354-948b-ddf50bc47b46','middleName','user.attribute'),
('243c613e-51b0-4354-948b-ddf50bc47b46','true','userinfo.token.claim'),
('266dfafc-3af5-45a0-b719-e3f2ce00742b','true','access.token.claim'),
('266dfafc-3af5-45a0-b719-e3f2ce00742b','client_id','claim.name'),
('266dfafc-3af5-45a0-b719-e3f2ce00742b','true','id.token.claim'),
('266dfafc-3af5-45a0-b719-e3f2ce00742b','true','introspection.token.claim'),
('266dfafc-3af5-45a0-b719-e3f2ce00742b','String','jsonType.label'),
('266dfafc-3af5-45a0-b719-e3f2ce00742b','client_id','user.session.note'),
('31487494-5024-4941-ae16-38a47b302c0f','true','access.token.claim'),
('31487494-5024-4941-ae16-38a47b302c0f','phone_number_verified','claim.name'),
('31487494-5024-4941-ae16-38a47b302c0f','true','id.token.claim'),
('31487494-5024-4941-ae16-38a47b302c0f','true','introspection.token.claim'),
('31487494-5024-4941-ae16-38a47b302c0f','boolean','jsonType.label'),
('31487494-5024-4941-ae16-38a47b302c0f','phoneNumberVerified','user.attribute'),
('31487494-5024-4941-ae16-38a47b302c0f','true','userinfo.token.claim'),
('3372a6ff-63db-40b1-91f2-caec2857085e','true','access.token.claim'),
('3372a6ff-63db-40b1-91f2-caec2857085e','organization','claim.name'),
('3372a6ff-63db-40b1-91f2-caec2857085e','true','id.token.claim'),
('3372a6ff-63db-40b1-91f2-caec2857085e','true','introspection.token.claim'),
('3372a6ff-63db-40b1-91f2-caec2857085e','String','jsonType.label'),
('3372a6ff-63db-40b1-91f2-caec2857085e','true','multivalued'),
('34cb2156-a383-4794-ac96-a851b6fd18cd','true','access.token.claim'),
('34cb2156-a383-4794-ac96-a851b6fd18cd','profile','claim.name'),
('34cb2156-a383-4794-ac96-a851b6fd18cd','true','id.token.claim'),
('34cb2156-a383-4794-ac96-a851b6fd18cd','true','introspection.token.claim'),
('34cb2156-a383-4794-ac96-a851b6fd18cd','String','jsonType.label'),
('34cb2156-a383-4794-ac96-a851b6fd18cd','profile','user.attribute'),
('34cb2156-a383-4794-ac96-a851b6fd18cd','true','userinfo.token.claim'),
('3eae5718-a5cb-42a0-a773-047f68d4b5f4','true','access.token.claim'),
('3eae5718-a5cb-42a0-a773-047f68d4b5f4','client_id','claim.name'),
('3eae5718-a5cb-42a0-a773-047f68d4b5f4','true','id.token.claim'),
('3eae5718-a5cb-42a0-a773-047f68d4b5f4','true','introspection.token.claim'),
('3eae5718-a5cb-42a0-a773-047f68d4b5f4','String','jsonType.label'),
('3eae5718-a5cb-42a0-a773-047f68d4b5f4','client_id','user.session.note'),
('477a9164-402e-47e3-ae0e-c6bc2dbd640a','true','access.token.claim'),
('477a9164-402e-47e3-ae0e-c6bc2dbd640a','phone_number_verified','claim.name'),
('477a9164-402e-47e3-ae0e-c6bc2dbd640a','true','id.token.claim'),
('477a9164-402e-47e3-ae0e-c6bc2dbd640a','true','introspection.token.claim'),
('477a9164-402e-47e3-ae0e-c6bc2dbd640a','boolean','jsonType.label'),
('477a9164-402e-47e3-ae0e-c6bc2dbd640a','phoneNumberVerified','user.attribute'),
('477a9164-402e-47e3-ae0e-c6bc2dbd640a','true','userinfo.token.claim'),
('4a8db012-b7d4-4f73-b3f1-0508a011a897','true','access.token.claim'),
('4a8db012-b7d4-4f73-b3f1-0508a011a897','clientHost','claim.name'),
('4a8db012-b7d4-4f73-b3f1-0508a011a897','true','id.token.claim'),
('4a8db012-b7d4-4f73-b3f1-0508a011a897','true','introspection.token.claim'),
('4a8db012-b7d4-4f73-b3f1-0508a011a897','String','jsonType.label'),
('4a8db012-b7d4-4f73-b3f1-0508a011a897','clientHost','user.session.note'),
('4aa1238b-d617-4221-8850-fe84919f075a','true','access.token.claim'),
('4aa1238b-d617-4221-8850-fe84919f075a','true','introspection.token.claim'),
('521b9879-98e3-44ff-bd18-99a6b1e78a0f','true','access.token.claim'),
('521b9879-98e3-44ff-bd18-99a6b1e78a0f','preferred_username','claim.name'),
('521b9879-98e3-44ff-bd18-99a6b1e78a0f','true','id.token.claim'),
('521b9879-98e3-44ff-bd18-99a6b1e78a0f','true','introspection.token.claim'),
('521b9879-98e3-44ff-bd18-99a6b1e78a0f','String','jsonType.label'),
('521b9879-98e3-44ff-bd18-99a6b1e78a0f','username','user.attribute'),
('521b9879-98e3-44ff-bd18-99a6b1e78a0f','true','userinfo.token.claim'),
('52bc43f0-c2d9-43a9-97d3-dfddc968f095','true','access.token.claim'),
('52bc43f0-c2d9-43a9-97d3-dfddc968f095','resource_access.${client_id}.roles','claim.name'),
('52bc43f0-c2d9-43a9-97d3-dfddc968f095','true','introspection.token.claim'),
('52bc43f0-c2d9-43a9-97d3-dfddc968f095','String','jsonType.label'),
('52bc43f0-c2d9-43a9-97d3-dfddc968f095','true','multivalued'),
('52bc43f0-c2d9-43a9-97d3-dfddc968f095','foo','user.attribute'),
('541603f5-ccf5-43b1-9b3f-576c76b9c46c','true','access.token.claim'),
('541603f5-ccf5-43b1-9b3f-576c76b9c46c','clientAddress','claim.name'),
('541603f5-ccf5-43b1-9b3f-576c76b9c46c','true','id.token.claim'),
('541603f5-ccf5-43b1-9b3f-576c76b9c46c','true','introspection.token.claim'),
('541603f5-ccf5-43b1-9b3f-576c76b9c46c','String','jsonType.label'),
('541603f5-ccf5-43b1-9b3f-576c76b9c46c','clientAddress','user.session.note'),
('553b6a7e-2a7d-47fa-9143-3f500a850b52','true','access.token.claim'),
('553b6a7e-2a7d-47fa-9143-3f500a850b52','true','introspection.token.claim'),
('5b8604ff-fac8-4be4-8a7c-7c1b0e73a9e7','true','access.token.claim'),
('5b8604ff-fac8-4be4-8a7c-7c1b0e73a9e7','upn','claim.name'),
('5b8604ff-fac8-4be4-8a7c-7c1b0e73a9e7','true','id.token.claim'),
('5b8604ff-fac8-4be4-8a7c-7c1b0e73a9e7','true','introspection.token.claim'),
('5b8604ff-fac8-4be4-8a7c-7c1b0e73a9e7','String','jsonType.label'),
('5b8604ff-fac8-4be4-8a7c-7c1b0e73a9e7','username','user.attribute'),
('5b8604ff-fac8-4be4-8a7c-7c1b0e73a9e7','true','userinfo.token.claim'),
('5dada18a-0da3-482c-a4ce-1cb5a79410ed','true','access.token.claim'),
('5dada18a-0da3-482c-a4ce-1cb5a79410ed','true','introspection.token.claim'),
('607a864c-aa12-4de8-b96e-258c8439020c','true','access.token.claim'),
('607a864c-aa12-4de8-b96e-258c8439020c','true','id.token.claim'),
('607a864c-aa12-4de8-b96e-258c8439020c','true','introspection.token.claim'),
('607a864c-aa12-4de8-b96e-258c8439020c','true','userinfo.token.claim'),
('62462f56-8c9e-4c60-811d-c5688a468dc5','true','access.token.claim'),
('62462f56-8c9e-4c60-811d-c5688a468dc5','website','claim.name'),
('62462f56-8c9e-4c60-811d-c5688a468dc5','true','id.token.claim'),
('62462f56-8c9e-4c60-811d-c5688a468dc5','true','introspection.token.claim'),
('62462f56-8c9e-4c60-811d-c5688a468dc5','String','jsonType.label'),
('62462f56-8c9e-4c60-811d-c5688a468dc5','website','user.attribute'),
('62462f56-8c9e-4c60-811d-c5688a468dc5','true','userinfo.token.claim'),
('65a8adf0-3133-48cf-867e-9945cf3be670','true','access.token.claim'),
('65a8adf0-3133-48cf-867e-9945cf3be670','realm_access.roles','claim.name'),
('65a8adf0-3133-48cf-867e-9945cf3be670','true','introspection.token.claim'),
('65a8adf0-3133-48cf-867e-9945cf3be670','String','jsonType.label'),
('65a8adf0-3133-48cf-867e-9945cf3be670','true','multivalued'),
('65a8adf0-3133-48cf-867e-9945cf3be670','foo','user.attribute'),
('6a6aa130-f9ba-4f3a-9d53-ed669218a4e1','true','access.token.claim'),
('6a6aa130-f9ba-4f3a-9d53-ed669218a4e1','clientHost','claim.name'),
('6a6aa130-f9ba-4f3a-9d53-ed669218a4e1','true','id.token.claim'),
('6a6aa130-f9ba-4f3a-9d53-ed669218a4e1','true','introspection.token.claim'),
('6a6aa130-f9ba-4f3a-9d53-ed669218a4e1','String','jsonType.label'),
('6a6aa130-f9ba-4f3a-9d53-ed669218a4e1','clientHost','user.session.note'),
('6abe91e6-dfb0-4fcc-b902-8a6e09979bc4','true','access.token.claim'),
('6abe91e6-dfb0-4fcc-b902-8a6e09979bc4','groups','claim.name'),
('6abe91e6-dfb0-4fcc-b902-8a6e09979bc4','true','id.token.claim'),
('6abe91e6-dfb0-4fcc-b902-8a6e09979bc4','true','introspection.token.claim'),
('6abe91e6-dfb0-4fcc-b902-8a6e09979bc4','String','jsonType.label'),
('6abe91e6-dfb0-4fcc-b902-8a6e09979bc4','true','multivalued'),
('6abe91e6-dfb0-4fcc-b902-8a6e09979bc4','foo','user.attribute'),
('6bb2c4b8-7051-438e-bd86-9eebce03fdb8','true','access.token.claim'),
('6bb2c4b8-7051-438e-bd86-9eebce03fdb8','true','id.token.claim'),
('6bb2c4b8-7051-438e-bd86-9eebce03fdb8','true','introspection.token.claim'),
('6bb2c4b8-7051-438e-bd86-9eebce03fdb8','country','user.attribute.country'),
('6bb2c4b8-7051-438e-bd86-9eebce03fdb8','formatted','user.attribute.formatted'),
('6bb2c4b8-7051-438e-bd86-9eebce03fdb8','locality','user.attribute.locality'),
('6bb2c4b8-7051-438e-bd86-9eebce03fdb8','postal_code','user.attribute.postal_code'),
('6bb2c4b8-7051-438e-bd86-9eebce03fdb8','region','user.attribute.region'),
('6bb2c4b8-7051-438e-bd86-9eebce03fdb8','street','user.attribute.street'),
('6bb2c4b8-7051-438e-bd86-9eebce03fdb8','true','userinfo.token.claim'),
('719f604d-ee56-4a25-9bdb-13620ad9d8c1','true','access.token.claim'),
('719f604d-ee56-4a25-9bdb-13620ad9d8c1','true','introspection.token.claim'),
('763e861a-e8c1-4ee5-b599-92b5f95d7b7c','true','access.token.claim'),
('763e861a-e8c1-4ee5-b599-92b5f95d7b7c','true','introspection.token.claim'),
('76c6297e-a003-432f-9118-7e9574a3085a','true','access.token.claim'),
('76c6297e-a003-432f-9118-7e9574a3085a','website','claim.name'),
('76c6297e-a003-432f-9118-7e9574a3085a','true','id.token.claim'),
('76c6297e-a003-432f-9118-7e9574a3085a','true','introspection.token.claim'),
('76c6297e-a003-432f-9118-7e9574a3085a','String','jsonType.label'),
('76c6297e-a003-432f-9118-7e9574a3085a','website','user.attribute'),
('76c6297e-a003-432f-9118-7e9574a3085a','true','userinfo.token.claim'),
('8356434a-2a3c-4539-84bc-03c46a409f67','true','access.token.claim'),
('8356434a-2a3c-4539-84bc-03c46a409f67','resource_access.${client_id}.roles','claim.name'),
('8356434a-2a3c-4539-84bc-03c46a409f67','true','introspection.token.claim'),
('8356434a-2a3c-4539-84bc-03c46a409f67','String','jsonType.label'),
('8356434a-2a3c-4539-84bc-03c46a409f67','true','multivalued'),
('8356434a-2a3c-4539-84bc-03c46a409f67','foo','user.attribute'),
('84585bdf-beaf-4605-830b-5ca54ffbd8be','true','access.token.claim'),
('84585bdf-beaf-4605-830b-5ca54ffbd8be','clientAddress','claim.name'),
('84585bdf-beaf-4605-830b-5ca54ffbd8be','true','id.token.claim'),
('84585bdf-beaf-4605-830b-5ca54ffbd8be','true','introspection.token.claim'),
('84585bdf-beaf-4605-830b-5ca54ffbd8be','String','jsonType.label'),
('84585bdf-beaf-4605-830b-5ca54ffbd8be','clientAddress','user.session.note'),
('8554f4b6-bf1d-41de-8def-55b0a3039cec','true','access.token.claim'),
('8554f4b6-bf1d-41de-8def-55b0a3039cec','family_name','claim.name'),
('8554f4b6-bf1d-41de-8def-55b0a3039cec','true','id.token.claim'),
('8554f4b6-bf1d-41de-8def-55b0a3039cec','true','introspection.token.claim'),
('8554f4b6-bf1d-41de-8def-55b0a3039cec','String','jsonType.label'),
('8554f4b6-bf1d-41de-8def-55b0a3039cec','lastName','user.attribute'),
('8554f4b6-bf1d-41de-8def-55b0a3039cec','true','userinfo.token.claim'),
('87e740f4-3691-4126-bf4e-8fd7debab60d','true','access.token.claim'),
('87e740f4-3691-4126-bf4e-8fd7debab60d','given_name','claim.name'),
('87e740f4-3691-4126-bf4e-8fd7debab60d','true','id.token.claim'),
('87e740f4-3691-4126-bf4e-8fd7debab60d','true','introspection.token.claim'),
('87e740f4-3691-4126-bf4e-8fd7debab60d','String','jsonType.label'),
('87e740f4-3691-4126-bf4e-8fd7debab60d','firstName','user.attribute'),
('87e740f4-3691-4126-bf4e-8fd7debab60d','true','userinfo.token.claim'),
('8a9cc9c9-8e46-4861-a44b-18616c66454a','true','access.token.claim'),
('8a9cc9c9-8e46-4861-a44b-18616c66454a','gender','claim.name'),
('8a9cc9c9-8e46-4861-a44b-18616c66454a','true','id.token.claim'),
('8a9cc9c9-8e46-4861-a44b-18616c66454a','true','introspection.token.claim'),
('8a9cc9c9-8e46-4861-a44b-18616c66454a','String','jsonType.label'),
('8a9cc9c9-8e46-4861-a44b-18616c66454a','gender','user.attribute'),
('8a9cc9c9-8e46-4861-a44b-18616c66454a','true','userinfo.token.claim'),
('8c84876c-cdbb-443d-9368-2c11b8087753','true','access.token.claim'),
('8c84876c-cdbb-443d-9368-2c11b8087753','email','claim.name'),
('8c84876c-cdbb-443d-9368-2c11b8087753','true','id.token.claim'),
('8c84876c-cdbb-443d-9368-2c11b8087753','true','introspection.token.claim'),
('8c84876c-cdbb-443d-9368-2c11b8087753','String','jsonType.label'),
('8c84876c-cdbb-443d-9368-2c11b8087753','email','user.attribute'),
('8c84876c-cdbb-443d-9368-2c11b8087753','true','userinfo.token.claim'),
('911b4053-55d3-4e78-9aee-9bef0516987e','true','access.token.claim'),
('911b4053-55d3-4e78-9aee-9bef0516987e','picture','claim.name'),
('911b4053-55d3-4e78-9aee-9bef0516987e','true','id.token.claim'),
('911b4053-55d3-4e78-9aee-9bef0516987e','true','introspection.token.claim'),
('911b4053-55d3-4e78-9aee-9bef0516987e','String','jsonType.label'),
('911b4053-55d3-4e78-9aee-9bef0516987e','picture','user.attribute'),
('911b4053-55d3-4e78-9aee-9bef0516987e','true','userinfo.token.claim'),
('93358b98-0c67-4d4c-9156-70ff8c779aa5','true','access.token.claim'),
('93358b98-0c67-4d4c-9156-70ff8c779aa5','groups','claim.name'),
('93358b98-0c67-4d4c-9156-70ff8c779aa5','true','id.token.claim'),
('93358b98-0c67-4d4c-9156-70ff8c779aa5','true','introspection.token.claim'),
('93358b98-0c67-4d4c-9156-70ff8c779aa5','String','jsonType.label'),
('93358b98-0c67-4d4c-9156-70ff8c779aa5','true','multivalued'),
('93358b98-0c67-4d4c-9156-70ff8c779aa5','foo','user.attribute'),
('94ecb2ec-6532-4a55-81a5-e6d08128cc33','true','access.token.claim'),
('94ecb2ec-6532-4a55-81a5-e6d08128cc33','locale','claim.name'),
('94ecb2ec-6532-4a55-81a5-e6d08128cc33','true','id.token.claim'),
('94ecb2ec-6532-4a55-81a5-e6d08128cc33','true','introspection.token.claim'),
('94ecb2ec-6532-4a55-81a5-e6d08128cc33','String','jsonType.label'),
('94ecb2ec-6532-4a55-81a5-e6d08128cc33','locale','user.attribute'),
('94ecb2ec-6532-4a55-81a5-e6d08128cc33','true','userinfo.token.claim'),
('a90b7581-7f46-4a21-8627-29694674ef4d','true','access.token.claim'),
('a90b7581-7f46-4a21-8627-29694674ef4d','locale','claim.name'),
('a90b7581-7f46-4a21-8627-29694674ef4d','true','id.token.claim'),
('a90b7581-7f46-4a21-8627-29694674ef4d','true','introspection.token.claim'),
('a90b7581-7f46-4a21-8627-29694674ef4d','String','jsonType.label'),
('a90b7581-7f46-4a21-8627-29694674ef4d','locale','user.attribute'),
('a90b7581-7f46-4a21-8627-29694674ef4d','true','userinfo.token.claim'),
('ad0cee46-55cb-4c21-8739-16093b8cfdb0','true','access.token.claim'),
('ad0cee46-55cb-4c21-8739-16093b8cfdb0','email','claim.name'),
('ad0cee46-55cb-4c21-8739-16093b8cfdb0','true','id.token.claim'),
('ad0cee46-55cb-4c21-8739-16093b8cfdb0','true','introspection.token.claim'),
('ad0cee46-55cb-4c21-8739-16093b8cfdb0','String','jsonType.label'),
('ad0cee46-55cb-4c21-8739-16093b8cfdb0','email','user.attribute'),
('ad0cee46-55cb-4c21-8739-16093b8cfdb0','true','userinfo.token.claim'),
('adbc98f0-1d27-4a23-9622-955764fa5043','true','access.token.claim'),
('adbc98f0-1d27-4a23-9622-955764fa5043','realm_access.roles','claim.name'),
('adbc98f0-1d27-4a23-9622-955764fa5043','true','introspection.token.claim'),
('adbc98f0-1d27-4a23-9622-955764fa5043','String','jsonType.label'),
('adbc98f0-1d27-4a23-9622-955764fa5043','true','multivalued'),
('adbc98f0-1d27-4a23-9622-955764fa5043','foo','user.attribute'),
('aef50d91-b540-4880-9033-a4f567143242','Role','attribute.name'),
('aef50d91-b540-4880-9033-a4f567143242','Basic','attribute.nameformat'),
('aef50d91-b540-4880-9033-a4f567143242','false','single'),
('b13a5241-4a15-4558-9033-d3888a2e69ed','true','access.token.claim'),
('b13a5241-4a15-4558-9033-d3888a2e69ed','updated_at','claim.name'),
('b13a5241-4a15-4558-9033-d3888a2e69ed','true','id.token.claim'),
('b13a5241-4a15-4558-9033-d3888a2e69ed','true','introspection.token.claim'),
('b13a5241-4a15-4558-9033-d3888a2e69ed','long','jsonType.label'),
('b13a5241-4a15-4558-9033-d3888a2e69ed','updatedAt','user.attribute'),
('b13a5241-4a15-4558-9033-d3888a2e69ed','true','userinfo.token.claim'),
('b9b35ac2-8e6b-4cdb-a852-cabc9b642b83','true','access.token.claim'),
('b9b35ac2-8e6b-4cdb-a852-cabc9b642b83','email_verified','claim.name'),
('b9b35ac2-8e6b-4cdb-a852-cabc9b642b83','true','id.token.claim'),
('b9b35ac2-8e6b-4cdb-a852-cabc9b642b83','true','introspection.token.claim'),
('b9b35ac2-8e6b-4cdb-a852-cabc9b642b83','boolean','jsonType.label'),
('b9b35ac2-8e6b-4cdb-a852-cabc9b642b83','emailVerified','user.attribute'),
('b9b35ac2-8e6b-4cdb-a852-cabc9b642b83','true','userinfo.token.claim'),
('bcb0764d-1c83-43e8-ae0d-d9626dab4a51','true','access.token.claim'),
('bcb0764d-1c83-43e8-ae0d-d9626dab4a51','true','introspection.token.claim'),
('bea9ed22-a90c-47c8-9471-496e6fff51d0','true','access.token.claim'),
('bea9ed22-a90c-47c8-9471-496e6fff51d0','given_name','claim.name'),
('bea9ed22-a90c-47c8-9471-496e6fff51d0','true','id.token.claim'),
('bea9ed22-a90c-47c8-9471-496e6fff51d0','true','introspection.token.claim'),
('bea9ed22-a90c-47c8-9471-496e6fff51d0','String','jsonType.label'),
('bea9ed22-a90c-47c8-9471-496e6fff51d0','firstName','user.attribute'),
('bea9ed22-a90c-47c8-9471-496e6fff51d0','true','userinfo.token.claim'),
('c3793da7-015c-470b-969c-60a00c7d3feb','true','access.token.claim'),
('c3793da7-015c-470b-969c-60a00c7d3feb','updated_at','claim.name'),
('c3793da7-015c-470b-969c-60a00c7d3feb','true','id.token.claim'),
('c3793da7-015c-470b-969c-60a00c7d3feb','true','introspection.token.claim'),
('c3793da7-015c-470b-969c-60a00c7d3feb','long','jsonType.label'),
('c3793da7-015c-470b-969c-60a00c7d3feb','updatedAt','user.attribute'),
('c3793da7-015c-470b-969c-60a00c7d3feb','true','userinfo.token.claim'),
('c3e272e5-2c24-453d-b58c-099292e6ae17','true','access.token.claim'),
('c3e272e5-2c24-453d-b58c-099292e6ae17','true','id.token.claim'),
('c3e272e5-2c24-453d-b58c-099292e6ae17','true','introspection.token.claim'),
('d11893bb-b6da-407a-bce4-c507178042ff','true','access.token.claim'),
('d11893bb-b6da-407a-bce4-c507178042ff','organization','claim.name'),
('d11893bb-b6da-407a-bce4-c507178042ff','true','id.token.claim'),
('d11893bb-b6da-407a-bce4-c507178042ff','true','introspection.token.claim'),
('d11893bb-b6da-407a-bce4-c507178042ff','String','jsonType.label'),
('d11893bb-b6da-407a-bce4-c507178042ff','true','multivalued'),
('d373d13e-e2fe-4afb-bc1f-a08cf4ca9228','true','access.token.claim'),
('d373d13e-e2fe-4afb-bc1f-a08cf4ca9228','profile','claim.name'),
('d373d13e-e2fe-4afb-bc1f-a08cf4ca9228','true','id.token.claim'),
('d373d13e-e2fe-4afb-bc1f-a08cf4ca9228','true','introspection.token.claim'),
('d373d13e-e2fe-4afb-bc1f-a08cf4ca9228','String','jsonType.label'),
('d373d13e-e2fe-4afb-bc1f-a08cf4ca9228','profile','user.attribute'),
('d373d13e-e2fe-4afb-bc1f-a08cf4ca9228','true','userinfo.token.claim'),
('d8fd7633-72b1-4740-a051-6bf82da7d943','true','access.token.claim'),
('d8fd7633-72b1-4740-a051-6bf82da7d943','middle_name','claim.name'),
('d8fd7633-72b1-4740-a051-6bf82da7d943','true','id.token.claim'),
('d8fd7633-72b1-4740-a051-6bf82da7d943','true','introspection.token.claim'),
('d8fd7633-72b1-4740-a051-6bf82da7d943','String','jsonType.label'),
('d8fd7633-72b1-4740-a051-6bf82da7d943','middleName','user.attribute'),
('d8fd7633-72b1-4740-a051-6bf82da7d943','true','userinfo.token.claim'),
('db2f3fdb-a228-4774-9012-e7900acf83b6','true','access.token.claim'),
('db2f3fdb-a228-4774-9012-e7900acf83b6','locale','claim.name'),
('db2f3fdb-a228-4774-9012-e7900acf83b6','true','id.token.claim'),
('db2f3fdb-a228-4774-9012-e7900acf83b6','true','introspection.token.claim'),
('db2f3fdb-a228-4774-9012-e7900acf83b6','String','jsonType.label'),
('db2f3fdb-a228-4774-9012-e7900acf83b6','locale','user.attribute'),
('db2f3fdb-a228-4774-9012-e7900acf83b6','true','userinfo.token.claim'),
('dd8f3a31-55c0-4964-b60d-335651f4a830','true','access.token.claim'),
('dd8f3a31-55c0-4964-b60d-335651f4a830','locale','claim.name'),
('dd8f3a31-55c0-4964-b60d-335651f4a830','true','id.token.claim'),
('dd8f3a31-55c0-4964-b60d-335651f4a830','true','introspection.token.claim'),
('dd8f3a31-55c0-4964-b60d-335651f4a830','String','jsonType.label'),
('dd8f3a31-55c0-4964-b60d-335651f4a830','locale','user.attribute'),
('dd8f3a31-55c0-4964-b60d-335651f4a830','true','userinfo.token.claim'),
('deca8973-617e-47a2-8762-96fdf1aa114c','true','access.token.claim'),
('deca8973-617e-47a2-8762-96fdf1aa114c','gender','claim.name'),
('deca8973-617e-47a2-8762-96fdf1aa114c','true','id.token.claim'),
('deca8973-617e-47a2-8762-96fdf1aa114c','true','introspection.token.claim'),
('deca8973-617e-47a2-8762-96fdf1aa114c','String','jsonType.label'),
('deca8973-617e-47a2-8762-96fdf1aa114c','gender','user.attribute'),
('deca8973-617e-47a2-8762-96fdf1aa114c','true','userinfo.token.claim'),
('df3ec767-841e-4c2f-b287-e3069e92cdc8','true','access.token.claim'),
('df3ec767-841e-4c2f-b287-e3069e92cdc8','picture','claim.name'),
('df3ec767-841e-4c2f-b287-e3069e92cdc8','true','id.token.claim'),
('df3ec767-841e-4c2f-b287-e3069e92cdc8','true','introspection.token.claim'),
('df3ec767-841e-4c2f-b287-e3069e92cdc8','String','jsonType.label'),
('df3ec767-841e-4c2f-b287-e3069e92cdc8','picture','user.attribute'),
('df3ec767-841e-4c2f-b287-e3069e92cdc8','true','userinfo.token.claim'),
('e0d9c441-d265-4ad4-8de4-fa7b863fe1dd','true','access.token.claim'),
('e0d9c441-d265-4ad4-8de4-fa7b863fe1dd','preferred_username','claim.name'),
('e0d9c441-d265-4ad4-8de4-fa7b863fe1dd','true','id.token.claim'),
('e0d9c441-d265-4ad4-8de4-fa7b863fe1dd','true','introspection.token.claim'),
('e0d9c441-d265-4ad4-8de4-fa7b863fe1dd','String','jsonType.label'),
('e0d9c441-d265-4ad4-8de4-fa7b863fe1dd','username','user.attribute'),
('e0d9c441-d265-4ad4-8de4-fa7b863fe1dd','true','userinfo.token.claim'),
('e578af03-dd14-4315-b53b-62f8330a7f5e','true','access.token.claim'),
('e578af03-dd14-4315-b53b-62f8330a7f5e','birthdate','claim.name'),
('e578af03-dd14-4315-b53b-62f8330a7f5e','true','id.token.claim'),
('e578af03-dd14-4315-b53b-62f8330a7f5e','true','introspection.token.claim'),
('e578af03-dd14-4315-b53b-62f8330a7f5e','String','jsonType.label'),
('e578af03-dd14-4315-b53b-62f8330a7f5e','birthdate','user.attribute'),
('e578af03-dd14-4315-b53b-62f8330a7f5e','true','userinfo.token.claim'),
('e86e54e8-ce26-4a03-8884-e2e399852014','true','access.token.claim'),
('e86e54e8-ce26-4a03-8884-e2e399852014','birthdate','claim.name'),
('e86e54e8-ce26-4a03-8884-e2e399852014','true','id.token.claim'),
('e86e54e8-ce26-4a03-8884-e2e399852014','true','introspection.token.claim'),
('e86e54e8-ce26-4a03-8884-e2e399852014','String','jsonType.label'),
('e86e54e8-ce26-4a03-8884-e2e399852014','birthdate','user.attribute'),
('e86e54e8-ce26-4a03-8884-e2e399852014','true','userinfo.token.claim'),
('ea7129b9-e6f3-4a30-a6c9-4a299ccd5bdd','true','access.token.claim'),
('ea7129b9-e6f3-4a30-a6c9-4a299ccd5bdd','true','id.token.claim'),
('ea7129b9-e6f3-4a30-a6c9-4a299ccd5bdd','true','introspection.token.claim'),
('ebc68c51-db44-4db0-a613-23db12b0be27','true','access.token.claim'),
('ebc68c51-db44-4db0-a613-23db12b0be27','upn','claim.name'),
('ebc68c51-db44-4db0-a613-23db12b0be27','true','id.token.claim'),
('ebc68c51-db44-4db0-a613-23db12b0be27','true','introspection.token.claim'),
('ebc68c51-db44-4db0-a613-23db12b0be27','String','jsonType.label'),
('ebc68c51-db44-4db0-a613-23db12b0be27','username','user.attribute'),
('ebc68c51-db44-4db0-a613-23db12b0be27','true','userinfo.token.claim'),
('ebd7c5d8-d854-4f4e-b17e-400d0e6cdcc5','true','access.token.claim'),
('ebd7c5d8-d854-4f4e-b17e-400d0e6cdcc5','family_name','claim.name'),
('ebd7c5d8-d854-4f4e-b17e-400d0e6cdcc5','true','id.token.claim'),
('ebd7c5d8-d854-4f4e-b17e-400d0e6cdcc5','true','introspection.token.claim'),
('ebd7c5d8-d854-4f4e-b17e-400d0e6cdcc5','String','jsonType.label'),
('ebd7c5d8-d854-4f4e-b17e-400d0e6cdcc5','lastName','user.attribute'),
('ebd7c5d8-d854-4f4e-b17e-400d0e6cdcc5','true','userinfo.token.claim'),
('f0546a38-e044-461e-a68f-bddbe84e399b','true','access.token.claim'),
('f0546a38-e044-461e-a68f-bddbe84e399b','phone_number','claim.name'),
('f0546a38-e044-461e-a68f-bddbe84e399b','true','id.token.claim'),
('f0546a38-e044-461e-a68f-bddbe84e399b','true','introspection.token.claim'),
('f0546a38-e044-461e-a68f-bddbe84e399b','String','jsonType.label'),
('f0546a38-e044-461e-a68f-bddbe84e399b','phoneNumber','user.attribute'),
('f0546a38-e044-461e-a68f-bddbe84e399b','true','userinfo.token.claim'),
('f112da83-d273-4876-88b5-6b4aea2fea1b','true','access.token.claim'),
('f112da83-d273-4876-88b5-6b4aea2fea1b','nickname','claim.name'),
('f112da83-d273-4876-88b5-6b4aea2fea1b','true','id.token.claim'),
('f112da83-d273-4876-88b5-6b4aea2fea1b','true','introspection.token.claim'),
('f112da83-d273-4876-88b5-6b4aea2fea1b','String','jsonType.label'),
('f112da83-d273-4876-88b5-6b4aea2fea1b','nickname','user.attribute'),
('f112da83-d273-4876-88b5-6b4aea2fea1b','true','userinfo.token.claim'),
('f144a666-e6c4-4f8b-97ec-611bd2871361','true','access.token.claim'),
('f144a666-e6c4-4f8b-97ec-611bd2871361','auth_time','claim.name'),
('f144a666-e6c4-4f8b-97ec-611bd2871361','true','id.token.claim'),
('f144a666-e6c4-4f8b-97ec-611bd2871361','true','introspection.token.claim'),
('f144a666-e6c4-4f8b-97ec-611bd2871361','long','jsonType.label'),
('f144a666-e6c4-4f8b-97ec-611bd2871361','AUTH_TIME','user.session.note'),
('f83ee186-b577-4d5f-bf08-738e333813fa','true','access.token.claim'),
('f83ee186-b577-4d5f-bf08-738e333813fa','true','id.token.claim'),
('f83ee186-b577-4d5f-bf08-738e333813fa','true','introspection.token.claim'),
('f83ee186-b577-4d5f-bf08-738e333813fa','true','userinfo.token.claim'),
('fd74841d-2c97-4fcf-a0b4-3b7995c28099','true','access.token.claim'),
('fd74841d-2c97-4fcf-a0b4-3b7995c28099','true','id.token.claim'),
('fd74841d-2c97-4fcf-a0b4-3b7995c28099','true','introspection.token.claim'),
('fd74841d-2c97-4fcf-a0b4-3b7995c28099','country','user.attribute.country'),
('fd74841d-2c97-4fcf-a0b4-3b7995c28099','formatted','user.attribute.formatted'),
('fd74841d-2c97-4fcf-a0b4-3b7995c28099','locality','user.attribute.locality'),
('fd74841d-2c97-4fcf-a0b4-3b7995c28099','postal_code','user.attribute.postal_code'),
('fd74841d-2c97-4fcf-a0b4-3b7995c28099','region','user.attribute.region'),
('fd74841d-2c97-4fcf-a0b4-3b7995c28099','street','user.attribute.street'),
('fd74841d-2c97-4fcf-a0b4-3b7995c28099','true','userinfo.token.claim'),
('ff3b57bd-b8b3-4763-bb15-c1bcfc08346c','true','access.token.claim'),
('ff3b57bd-b8b3-4763-bb15-c1bcfc08346c','auth_time','claim.name'),
('ff3b57bd-b8b3-4763-bb15-c1bcfc08346c','true','id.token.claim'),
('ff3b57bd-b8b3-4763-bb15-c1bcfc08346c','true','introspection.token.claim'),
('ff3b57bd-b8b3-4763-bb15-c1bcfc08346c','long','jsonType.label'),
('ff3b57bd-b8b3-4763-bb15-c1bcfc08346c','AUTH_TIME','user.session.note');
/*!40000 ALTER TABLE `PROTOCOL_MAPPER_CONFIG` ENABLE KEYS */;
UNLOCK TABLES;

--
-- Table structure for table `REALM`
--

DROP TABLE IF EXISTS `REALM`;
/*!40101 SET @saved_cs_client     = @@character_set_client */;
/*!40101 SET character_set_client = utf8 */;
CREATE TABLE `REALM` (
  `ID` varchar(36) NOT NULL,
  `ACCESS_CODE_LIFESPAN` int(11) DEFAULT NULL,
  `USER_ACTION_LIFESPAN` int(11) DEFAULT NULL,
  `ACCESS_TOKEN_LIFESPAN` int(11) DEFAULT NULL,
  `ACCOUNT_THEME` varchar(255) DEFAULT NULL,
  `ADMIN_THEME` varchar(255) DEFAULT NULL,
  `EMAIL_THEME` varchar(255) DEFAULT NULL,
  `ENABLED` tinyint(1) NOT NULL DEFAULT 0,
  `EVENTS_ENABLED` tinyint(1) NOT NULL DEFAULT 0,
  `EVENTS_EXPIRATION` bigint(20) DEFAULT NULL,
  `LOGIN_THEME` varchar(255) DEFAULT NULL,
  `NAME` varchar(255) DEFAULT NULL,
  `NOT_BEFORE` int(11) DEFAULT NULL,
  `PASSWORD_POLICY` text DEFAULT NULL,
  `REGISTRATION_ALLOWED` tinyint(1) NOT NULL DEFAULT 0,
  `REMEMBER_ME` tinyint(1) NOT NULL DEFAULT 0,
  `RESET_PASSWORD_ALLOWED` tinyint(1) NOT NULL DEFAULT 0,
  `SOCIAL` tinyint(1) NOT NULL DEFAULT 0,
  `SSL_REQUIRED` varchar(255) DEFAULT NULL,
  `SSO_IDLE_TIMEOUT` int(11) DEFAULT NULL,
  `SSO_MAX_LIFESPAN` int(11) DEFAULT NULL,
  `UPDATE_PROFILE_ON_SOC_LOGIN` tinyint(1) NOT NULL DEFAULT 0,
  `VERIFY_EMAIL` tinyint(1) NOT NULL DEFAULT 0,
  `MASTER_ADMIN_CLIENT` varchar(36) DEFAULT NULL,
  `LOGIN_LIFESPAN` int(11) DEFAULT NULL,
  `INTERNATIONALIZATION_ENABLED` tinyint(1) NOT NULL DEFAULT 0,
  `DEFAULT_LOCALE` varchar(255) DEFAULT NULL,
  `REG_EMAIL_AS_USERNAME` tinyint(1) NOT NULL DEFAULT 0,
  `ADMIN_EVENTS_ENABLED` tinyint(1) NOT NULL DEFAULT 0,
  `ADMIN_EVENTS_DETAILS_ENABLED` tinyint(1) NOT NULL DEFAULT 0,
  `EDIT_USERNAME_ALLOWED` tinyint(1) NOT NULL DEFAULT 0,
  `OTP_POLICY_COUNTER` int(11) DEFAULT 0,
  `OTP_POLICY_WINDOW` int(11) DEFAULT 1,
  `OTP_POLICY_PERIOD` int(11) DEFAULT 30,
  `OTP_POLICY_DIGITS` int(11) DEFAULT 6,
  `OTP_POLICY_ALG` varchar(36) DEFAULT 'HmacSHA1',
  `OTP_POLICY_TYPE` varchar(36) DEFAULT 'totp',
  `BROWSER_FLOW` varchar(36) DEFAULT NULL,
  `REGISTRATION_FLOW` varchar(36) DEFAULT NULL,
  `DIRECT_GRANT_FLOW` varchar(36) DEFAULT NULL,
  `RESET_CREDENTIALS_FLOW` varchar(36) DEFAULT NULL,
  `CLIENT_AUTH_FLOW` varchar(36) DEFAULT NULL,
  `OFFLINE_SESSION_IDLE_TIMEOUT` int(11) DEFAULT 0,
  `REVOKE_REFRESH_TOKEN` tinyint(1) NOT NULL DEFAULT 0,
  `ACCESS_TOKEN_LIFE_IMPLICIT` int(11) DEFAULT 0,
  `LOGIN_WITH_EMAIL_ALLOWED` tinyint(1) NOT NULL DEFAULT 1,
  `DUPLICATE_EMAILS_ALLOWED` tinyint(1) NOT NULL DEFAULT 0,
  `DOCKER_AUTH_FLOW` varchar(36) DEFAULT NULL,
  `REFRESH_TOKEN_MAX_REUSE` int(11) DEFAULT 0,
  `ALLOW_USER_MANAGED_ACCESS` tinyint(1) NOT NULL DEFAULT 0,
  `SSO_MAX_LIFESPAN_REMEMBER_ME` int(11) NOT NULL,
  `SSO_IDLE_TIMEOUT_REMEMBER_ME` int(11) NOT NULL,
  `DEFAULT_ROLE` varchar(255) DEFAULT NULL,
  PRIMARY KEY (`ID`),
  UNIQUE KEY `UK_ORVSDMLA56612EAEFIQ6WL5OI` (`NAME`),
  KEY `IDX_REALM_MASTER_ADM_CLI` (`MASTER_ADMIN_CLIENT`)
) ENGINE=InnoDB DEFAULT CHARSET=utf8mb3 COLLATE=utf8mb3_unicode_ci;
/*!40101 SET character_set_client = @saved_cs_client */;

--
-- Dumping data for table `REALM`
--

LOCK TABLES `REALM` WRITE;
/*!40000 ALTER TABLE `REALM` DISABLE KEYS */;
INSERT INTO `REALM` VALUES
('4b357d97-725f-455d-a69c-4ec10fc47ccd',60,300,60,NULL,NULL,NULL,1,0,0,NULL,'master',0,NULL,0,0,0,0,'EXTERNAL',1800,36000,0,0,'6697b6a3-054a-47cb-b67c-927960c231be',1800,0,NULL,0,0,0,0,0,1,30,6,'HmacSHA1','totp','a8bd44de-2940-4472-baca-5911afcdd894','7efe1b0b-e1a1-4a5f-8b9a-326235fe2cba','ba815172-df2c-4269-9561-7e50d101f612','7a233d75-223f-48cc-9184-6683e2835e0d','a8eb6ee9-ffd6-4293-a804-f3220dc78a2f',2592000,0,900,1,0,'08db61ba-4cdf-40af-ba71-cecf59670174',0,0,0,0,'d5bbb37c-b99b-4890-a091-f6ea5957e1fd'),
('ef7f0780-7b02-40a8-adc9-27a5d400be72',60,300,300,NULL,NULL,NULL,1,0,0,NULL,'HPC-Cluster',0,NULL,0,0,1,0,'EXTERNAL',1800,36000,0,0,'9ce13e38-7d3e-43b5-a05a-639f0262a878',1800,0,NULL,0,0,0,0,0,1,30,6,'HmacSHA1','totp','8a4cddbd-4f2d-4416-8be6-1917cbfb6db4','c9e13a99-0bef-493d-b589-796b3ac8b4a8','6ce2e766-59db-469b-84b0-f0c2858f7424','2f923d38-ed7b-414b-8ebb-1040e058f041','b815ab4d-21e3-49e9-aacb-61a965f47860',2592000,0,900,1,0,'61ad2429-18c8-42bb-9ed3-f72794d5a34f',0,0,0,0,'286ab202-d2fa-4d4c-a2f5-6efd22191a64');
/*!40000 ALTER TABLE `REALM` ENABLE KEYS */;
UNLOCK TABLES;

--
-- Table structure for table `REALM_ATTRIBUTE`
--

DROP TABLE IF EXISTS `REALM_ATTRIBUTE`;
/*!40101 SET @saved_cs_client     = @@character_set_client */;
/*!40101 SET character_set_client = utf8 */;
CREATE TABLE `REALM_ATTRIBUTE` (
  `NAME` varchar(255) NOT NULL,
  `REALM_ID` varchar(36) NOT NULL,
  `VALUE` longtext CHARACTER SET utf8mb3 COLLATE utf8mb3_general_ci DEFAULT NULL,
  PRIMARY KEY (`NAME`,`REALM_ID`),
  KEY `IDX_REALM_ATTR_REALM` (`REALM_ID`),
  CONSTRAINT `FK_8SHXD6L3E9ATQUKACXGPFFPTW` FOREIGN KEY (`REALM_ID`) REFERENCES `REALM` (`ID`)
) ENGINE=InnoDB DEFAULT CHARSET=utf8mb3 COLLATE=utf8mb3_unicode_ci;
/*!40101 SET character_set_client = @saved_cs_client */;

--
-- Dumping data for table `REALM_ATTRIBUTE`
--

LOCK TABLES `REALM_ATTRIBUTE` WRITE;
/*!40000 ALTER TABLE `REALM_ATTRIBUTE` DISABLE KEYS */;
INSERT INTO `REALM_ATTRIBUTE` VALUES
('_browser_header.contentSecurityPolicy','4b357d97-725f-455d-a69c-4ec10fc47ccd','frame-src \'self\'; frame-ancestors \'self\'; object-src \'none\';'),
('_browser_header.contentSecurityPolicy','ef7f0780-7b02-40a8-adc9-27a5d400be72','frame-src \'self\'; frame-ancestors \'self\'; object-src \'none\';'),
('_browser_header.contentSecurityPolicyReportOnly','4b357d97-725f-455d-a69c-4ec10fc47ccd',''),
('_browser_header.contentSecurityPolicyReportOnly','ef7f0780-7b02-40a8-adc9-27a5d400be72',''),
('_browser_header.referrerPolicy','4b357d97-725f-455d-a69c-4ec10fc47ccd','no-referrer'),
('_browser_header.referrerPolicy','ef7f0780-7b02-40a8-adc9-27a5d400be72','no-referrer'),
('_browser_header.strictTransportSecurity','4b357d97-725f-455d-a69c-4ec10fc47ccd','max-age=31536000; includeSubDomains'),
('_browser_header.strictTransportSecurity','ef7f0780-7b02-40a8-adc9-27a5d400be72','max-age=31536000; includeSubDomains'),
('_browser_header.xContentTypeOptions','4b357d97-725f-455d-a69c-4ec10fc47ccd','nosniff'),
('_browser_header.xContentTypeOptions','ef7f0780-7b02-40a8-adc9-27a5d400be72','nosniff'),
('_browser_header.xFrameOptions','4b357d97-725f-455d-a69c-4ec10fc47ccd','SAMEORIGIN'),
('_browser_header.xFrameOptions','ef7f0780-7b02-40a8-adc9-27a5d400be72','SAMEORIGIN'),
('_browser_header.xRobotsTag','4b357d97-725f-455d-a69c-4ec10fc47ccd','none'),
('_browser_header.xRobotsTag','ef7f0780-7b02-40a8-adc9-27a5d400be72','none'),
('_browser_header.xXSSProtection','4b357d97-725f-455d-a69c-4ec10fc47ccd','1; mode=block'),
('_browser_header.xXSSProtection','ef7f0780-7b02-40a8-adc9-27a5d400be72','1; mode=block'),
('actionTokenGeneratedByAdminLifespan','ef7f0780-7b02-40a8-adc9-27a5d400be72','43200'),
('actionTokenGeneratedByUserLifespan','ef7f0780-7b02-40a8-adc9-27a5d400be72','300'),
('adminPermissionsEnabled','ef7f0780-7b02-40a8-adc9-27a5d400be72','false'),
('bruteForceProtected','4b357d97-725f-455d-a69c-4ec10fc47ccd','false'),
('bruteForceProtected','ef7f0780-7b02-40a8-adc9-27a5d400be72','false'),
('bruteForceStrategy','4b357d97-725f-455d-a69c-4ec10fc47ccd','MULTIPLE'),
('bruteForceStrategy','ef7f0780-7b02-40a8-adc9-27a5d400be72','MULTIPLE'),
('cibaAuthRequestedUserHint','ef7f0780-7b02-40a8-adc9-27a5d400be72','login_hint'),
('cibaBackchannelTokenDeliveryMode','ef7f0780-7b02-40a8-adc9-27a5d400be72','poll'),
('cibaExpiresIn','ef7f0780-7b02-40a8-adc9-27a5d400be72','120'),
('cibaInterval','ef7f0780-7b02-40a8-adc9-27a5d400be72','5'),
('client-policies.policies','ef7f0780-7b02-40a8-adc9-27a5d400be72','{\"policies\":[]}'),
('client-policies.profiles','ef7f0780-7b02-40a8-adc9-27a5d400be72','{\"profiles\":[]}'),
('clientOfflineSessionIdleTimeout','ef7f0780-7b02-40a8-adc9-27a5d400be72','0'),
('clientOfflineSessionMaxLifespan','ef7f0780-7b02-40a8-adc9-27a5d400be72','0'),
('clientSessionIdleTimeout','ef7f0780-7b02-40a8-adc9-27a5d400be72','0'),
('clientSessionMaxLifespan','ef7f0780-7b02-40a8-adc9-27a5d400be72','0'),
('defaultSignatureAlgorithm','4b357d97-725f-455d-a69c-4ec10fc47ccd','RS256'),
('defaultSignatureAlgorithm','ef7f0780-7b02-40a8-adc9-27a5d400be72','RS256'),
('displayName','4b357d97-725f-455d-a69c-4ec10fc47ccd','Keycloak'),
('displayNameHtml','4b357d97-725f-455d-a69c-4ec10fc47ccd','<div class=\"kc-logo-text\"><span>Keycloak</span></div>'),
('failureFactor','4b357d97-725f-455d-a69c-4ec10fc47ccd','30'),
('failureFactor','ef7f0780-7b02-40a8-adc9-27a5d400be72','30'),
('firstBrokerLoginFlowId','4b357d97-725f-455d-a69c-4ec10fc47ccd','01c04adf-1c8c-42c4-8616-eafd55810537'),
('firstBrokerLoginFlowId','ef7f0780-7b02-40a8-adc9-27a5d400be72','17da5472-2432-45f9-b715-5c5ec02f4612'),
('maxDeltaTimeSeconds','4b357d97-725f-455d-a69c-4ec10fc47ccd','43200'),
('maxDeltaTimeSeconds','ef7f0780-7b02-40a8-adc9-27a5d400be72','43200'),
('maxFailureWaitSeconds','4b357d97-725f-455d-a69c-4ec10fc47ccd','900'),
('maxFailureWaitSeconds','ef7f0780-7b02-40a8-adc9-27a5d400be72','900'),
('maxTemporaryLockouts','4b357d97-725f-455d-a69c-4ec10fc47ccd','0'),
('maxTemporaryLockouts','ef7f0780-7b02-40a8-adc9-27a5d400be72','0'),
('minimumQuickLoginWaitSeconds','4b357d97-725f-455d-a69c-4ec10fc47ccd','60'),
('minimumQuickLoginWaitSeconds','ef7f0780-7b02-40a8-adc9-27a5d400be72','60'),
('oauth2DeviceCodeLifespan','ef7f0780-7b02-40a8-adc9-27a5d400be72','600'),
('oauth2DevicePollingInterval','ef7f0780-7b02-40a8-adc9-27a5d400be72','5'),
('offlineSessionMaxLifespan','4b357d97-725f-455d-a69c-4ec10fc47ccd','5184000'),
('offlineSessionMaxLifespan','ef7f0780-7b02-40a8-adc9-27a5d400be72','5184000'),
('offlineSessionMaxLifespanEnabled','4b357d97-725f-455d-a69c-4ec10fc47ccd','false'),
('offlineSessionMaxLifespanEnabled','ef7f0780-7b02-40a8-adc9-27a5d400be72','false'),
('organizationsEnabled','ef7f0780-7b02-40a8-adc9-27a5d400be72','false'),
('parRequestUriLifespan','ef7f0780-7b02-40a8-adc9-27a5d400be72','60'),
('permanentLockout','4b357d97-725f-455d-a69c-4ec10fc47ccd','false'),
('permanentLockout','ef7f0780-7b02-40a8-adc9-27a5d400be72','false'),
('quickLoginCheckMilliSeconds','4b357d97-725f-455d-a69c-4ec10fc47ccd','1000'),
('quickLoginCheckMilliSeconds','ef7f0780-7b02-40a8-adc9-27a5d400be72','1000'),
('realmReusableOtpCode','4b357d97-725f-455d-a69c-4ec10fc47ccd','false'),
('realmReusableOtpCode','ef7f0780-7b02-40a8-adc9-27a5d400be72','false'),
('verifiableCredentialsEnabled','ef7f0780-7b02-40a8-adc9-27a5d400be72','false'),
('waitIncrementSeconds','4b357d97-725f-455d-a69c-4ec10fc47ccd','60'),
('waitIncrementSeconds','ef7f0780-7b02-40a8-adc9-27a5d400be72','60'),
('webAuthnPolicyAttestationConveyancePreference','ef7f0780-7b02-40a8-adc9-27a5d400be72','not specified'),
('webAuthnPolicyAttestationConveyancePreferencePasswordless','ef7f0780-7b02-40a8-adc9-27a5d400be72','not specified'),
('webAuthnPolicyAuthenticatorAttachment','ef7f0780-7b02-40a8-adc9-27a5d400be72','not specified'),
('webAuthnPolicyAuthenticatorAttachmentPasswordless','ef7f0780-7b02-40a8-adc9-27a5d400be72','not specified'),
('webAuthnPolicyAvoidSameAuthenticatorRegister','ef7f0780-7b02-40a8-adc9-27a5d400be72','false'),
('webAuthnPolicyAvoidSameAuthenticatorRegisterPasswordless','ef7f0780-7b02-40a8-adc9-27a5d400be72','false'),
('webAuthnPolicyCreateTimeout','ef7f0780-7b02-40a8-adc9-27a5d400be72','0'),
('webAuthnPolicyCreateTimeoutPasswordless','ef7f0780-7b02-40a8-adc9-27a5d400be72','0'),
('webAuthnPolicyRequireResidentKey','ef7f0780-7b02-40a8-adc9-27a5d400be72','not specified'),
('webAuthnPolicyRequireResidentKeyPasswordless','ef7f0780-7b02-40a8-adc9-27a5d400be72','not specified'),
('webAuthnPolicyRpEntityName','ef7f0780-7b02-40a8-adc9-27a5d400be72','keycloak'),
('webAuthnPolicyRpEntityNamePasswordless','ef7f0780-7b02-40a8-adc9-27a5d400be72','keycloak'),
('webAuthnPolicyRpId','ef7f0780-7b02-40a8-adc9-27a5d400be72',''),
('webAuthnPolicyRpIdPasswordless','ef7f0780-7b02-40a8-adc9-27a5d400be72',''),
('webAuthnPolicySignatureAlgorithms','ef7f0780-7b02-40a8-adc9-27a5d400be72','ES256,RS256'),
('webAuthnPolicySignatureAlgorithmsPasswordless','ef7f0780-7b02-40a8-adc9-27a5d400be72','ES256,RS256'),
('webAuthnPolicyUserVerificationRequirement','ef7f0780-7b02-40a8-adc9-27a5d400be72','not specified'),
('webAuthnPolicyUserVerificationRequirementPasswordless','ef7f0780-7b02-40a8-adc9-27a5d400be72','not specified');
/*!40000 ALTER TABLE `REALM_ATTRIBUTE` ENABLE KEYS */;
UNLOCK TABLES;

--
-- Table structure for table `REALM_DEFAULT_GROUPS`
--

DROP TABLE IF EXISTS `REALM_DEFAULT_GROUPS`;
/*!40101 SET @saved_cs_client     = @@character_set_client */;
/*!40101 SET character_set_client = utf8 */;
CREATE TABLE `REALM_DEFAULT_GROUPS` (
  `REALM_ID` varchar(36) NOT NULL,
  `GROUP_ID` varchar(36) NOT NULL,
  PRIMARY KEY (`REALM_ID`,`GROUP_ID`),
  UNIQUE KEY `CON_GROUP_ID_DEF_GROUPS` (`GROUP_ID`),
  KEY `IDX_REALM_DEF_GRP_REALM` (`REALM_ID`),
  CONSTRAINT `FK_DEF_GROUPS_REALM` FOREIGN KEY (`REALM_ID`) REFERENCES `REALM` (`ID`)
) ENGINE=InnoDB DEFAULT CHARSET=utf8mb3 COLLATE=utf8mb3_unicode_ci;
/*!40101 SET character_set_client = @saved_cs_client */;

--
-- Dumping data for table `REALM_DEFAULT_GROUPS`
--

LOCK TABLES `REALM_DEFAULT_GROUPS` WRITE;
/*!40000 ALTER TABLE `REALM_DEFAULT_GROUPS` DISABLE KEYS */;
/*!40000 ALTER TABLE `REALM_DEFAULT_GROUPS` ENABLE KEYS */;
UNLOCK TABLES;

--
-- Table structure for table `REALM_ENABLED_EVENT_TYPES`
--

DROP TABLE IF EXISTS `REALM_ENABLED_EVENT_TYPES`;
/*!40101 SET @saved_cs_client     = @@character_set_client */;
/*!40101 SET character_set_client = utf8 */;
CREATE TABLE `REALM_ENABLED_EVENT_TYPES` (
  `REALM_ID` varchar(36) NOT NULL,
  `VALUE` varchar(255) NOT NULL,
  PRIMARY KEY (`REALM_ID`,`VALUE`),
  KEY `IDX_REALM_EVT_TYPES_REALM` (`REALM_ID`),
  CONSTRAINT `FK_H846O4H0W8EPX5NWEDRF5Y69J` FOREIGN KEY (`REALM_ID`) REFERENCES `REALM` (`ID`)
) ENGINE=InnoDB DEFAULT CHARSET=utf8mb3 COLLATE=utf8mb3_unicode_ci;
/*!40101 SET character_set_client = @saved_cs_client */;

--
-- Dumping data for table `REALM_ENABLED_EVENT_TYPES`
--

LOCK TABLES `REALM_ENABLED_EVENT_TYPES` WRITE;
/*!40000 ALTER TABLE `REALM_ENABLED_EVENT_TYPES` DISABLE KEYS */;
/*!40000 ALTER TABLE `REALM_ENABLED_EVENT_TYPES` ENABLE KEYS */;
UNLOCK TABLES;

--
-- Table structure for table `REALM_EVENTS_LISTENERS`
--

DROP TABLE IF EXISTS `REALM_EVENTS_LISTENERS`;
/*!40101 SET @saved_cs_client     = @@character_set_client */;
/*!40101 SET character_set_client = utf8 */;
CREATE TABLE `REALM_EVENTS_LISTENERS` (
  `REALM_ID` varchar(36) NOT NULL,
  `VALUE` varchar(255) NOT NULL,
  PRIMARY KEY (`REALM_ID`,`VALUE`),
  KEY `IDX_REALM_EVT_LIST_REALM` (`REALM_ID`),
  CONSTRAINT `FK_H846O4H0W8EPX5NXEV9F5Y69J` FOREIGN KEY (`REALM_ID`) REFERENCES `REALM` (`ID`)
) ENGINE=InnoDB DEFAULT CHARSET=utf8mb3 COLLATE=utf8mb3_unicode_ci;
/*!40101 SET character_set_client = @saved_cs_client */;

--
-- Dumping data for table `REALM_EVENTS_LISTENERS`
--

LOCK TABLES `REALM_EVENTS_LISTENERS` WRITE;
/*!40000 ALTER TABLE `REALM_EVENTS_LISTENERS` DISABLE KEYS */;
INSERT INTO `REALM_EVENTS_LISTENERS` VALUES
('4b357d97-725f-455d-a69c-4ec10fc47ccd','jboss-logging'),
('ef7f0780-7b02-40a8-adc9-27a5d400be72','jboss-logging');
/*!40000 ALTER TABLE `REALM_EVENTS_LISTENERS` ENABLE KEYS */;
UNLOCK TABLES;

--
-- Table structure for table `REALM_LOCALIZATIONS`
--

DROP TABLE IF EXISTS `REALM_LOCALIZATIONS`;
/*!40101 SET @saved_cs_client     = @@character_set_client */;
/*!40101 SET character_set_client = utf8 */;
CREATE TABLE `REALM_LOCALIZATIONS` (
  `REALM_ID` varchar(255) NOT NULL,
  `LOCALE` varchar(255) NOT NULL,
  `TEXTS` longtext CHARACTER SET utf8mb3 COLLATE utf8mb3_general_ci NOT NULL,
  PRIMARY KEY (`REALM_ID`,`LOCALE`)
) ENGINE=InnoDB DEFAULT CHARSET=utf8mb3 COLLATE=utf8mb3_unicode_ci;
/*!40101 SET character_set_client = @saved_cs_client */;

--
-- Dumping data for table `REALM_LOCALIZATIONS`
--

LOCK TABLES `REALM_LOCALIZATIONS` WRITE;
/*!40000 ALTER TABLE `REALM_LOCALIZATIONS` DISABLE KEYS */;
/*!40000 ALTER TABLE `REALM_LOCALIZATIONS` ENABLE KEYS */;
UNLOCK TABLES;

--
-- Table structure for table `REALM_REQUIRED_CREDENTIAL`
--

DROP TABLE IF EXISTS `REALM_REQUIRED_CREDENTIAL`;
/*!40101 SET @saved_cs_client     = @@character_set_client */;
/*!40101 SET character_set_client = utf8 */;
CREATE TABLE `REALM_REQUIRED_CREDENTIAL` (
  `TYPE` varchar(255) NOT NULL,
  `FORM_LABEL` varchar(255) DEFAULT NULL,
  `INPUT` tinyint(1) NOT NULL DEFAULT 0,
  `SECRET` tinyint(1) NOT NULL DEFAULT 0,
  `REALM_ID` varchar(36) NOT NULL,
  PRIMARY KEY (`REALM_ID`,`TYPE`),
  CONSTRAINT `FK_5HG65LYBEVAVKQFKI3KPONH9V` FOREIGN KEY (`REALM_ID`) REFERENCES `REALM` (`ID`)
) ENGINE=InnoDB DEFAULT CHARSET=utf8mb3 COLLATE=utf8mb3_unicode_ci;
/*!40101 SET character_set_client = @saved_cs_client */;

--
-- Dumping data for table `REALM_REQUIRED_CREDENTIAL`
--

LOCK TABLES `REALM_REQUIRED_CREDENTIAL` WRITE;
/*!40000 ALTER TABLE `REALM_REQUIRED_CREDENTIAL` DISABLE KEYS */;
INSERT INTO `REALM_REQUIRED_CREDENTIAL` VALUES
('password','password',1,1,'4b357d97-725f-455d-a69c-4ec10fc47ccd'),
('password','password',1,1,'ef7f0780-7b02-40a8-adc9-27a5d400be72');
/*!40000 ALTER TABLE `REALM_REQUIRED_CREDENTIAL` ENABLE KEYS */;
UNLOCK TABLES;

--
-- Table structure for table `REALM_SMTP_CONFIG`
--

DROP TABLE IF EXISTS `REALM_SMTP_CONFIG`;
/*!40101 SET @saved_cs_client     = @@character_set_client */;
/*!40101 SET character_set_client = utf8 */;
CREATE TABLE `REALM_SMTP_CONFIG` (
  `REALM_ID` varchar(36) NOT NULL,
  `VALUE` varchar(255) DEFAULT NULL,
  `NAME` varchar(255) NOT NULL,
  PRIMARY KEY (`REALM_ID`,`NAME`),
  CONSTRAINT `FK_70EJ8XDXGXD0B9HH6180IRR0O` FOREIGN KEY (`REALM_ID`) REFERENCES `REALM` (`ID`)
) ENGINE=InnoDB DEFAULT CHARSET=utf8mb3 COLLATE=utf8mb3_unicode_ci;
/*!40101 SET character_set_client = @saved_cs_client */;

--
-- Dumping data for table `REALM_SMTP_CONFIG`
--

LOCK TABLES `REALM_SMTP_CONFIG` WRITE;
/*!40000 ALTER TABLE `REALM_SMTP_CONFIG` DISABLE KEYS */;
/*!40000 ALTER TABLE `REALM_SMTP_CONFIG` ENABLE KEYS */;
UNLOCK TABLES;

--
-- Table structure for table `REALM_SUPPORTED_LOCALES`
--

DROP TABLE IF EXISTS `REALM_SUPPORTED_LOCALES`;
/*!40101 SET @saved_cs_client     = @@character_set_client */;
/*!40101 SET character_set_client = utf8 */;
CREATE TABLE `REALM_SUPPORTED_LOCALES` (
  `REALM_ID` varchar(36) NOT NULL,
  `VALUE` varchar(255) NOT NULL,
  PRIMARY KEY (`REALM_ID`,`VALUE`),
  KEY `IDX_REALM_SUPP_LOCAL_REALM` (`REALM_ID`),
  CONSTRAINT `FK_SUPPORTED_LOCALES_REALM` FOREIGN KEY (`REALM_ID`) REFERENCES `REALM` (`ID`)
) ENGINE=InnoDB DEFAULT CHARSET=utf8mb3 COLLATE=utf8mb3_unicode_ci;
/*!40101 SET character_set_client = @saved_cs_client */;

--
-- Dumping data for table `REALM_SUPPORTED_LOCALES`
--

LOCK TABLES `REALM_SUPPORTED_LOCALES` WRITE;
/*!40000 ALTER TABLE `REALM_SUPPORTED_LOCALES` DISABLE KEYS */;
/*!40000 ALTER TABLE `REALM_SUPPORTED_LOCALES` ENABLE KEYS */;
UNLOCK TABLES;

--
-- Table structure for table `REDIRECT_URIS`
--

DROP TABLE IF EXISTS `REDIRECT_URIS`;
/*!40101 SET @saved_cs_client     = @@character_set_client */;
/*!40101 SET character_set_client = utf8 */;
CREATE TABLE `REDIRECT_URIS` (
  `CLIENT_ID` varchar(36) NOT NULL,
  `VALUE` varchar(255) NOT NULL,
  PRIMARY KEY (`CLIENT_ID`,`VALUE`),
  KEY `IDX_REDIR_URI_CLIENT` (`CLIENT_ID`),
  CONSTRAINT `FK_1BURS8PB4OUJ97H5WUPPAHV9F` FOREIGN KEY (`CLIENT_ID`) REFERENCES `CLIENT` (`ID`)
) ENGINE=InnoDB DEFAULT CHARSET=utf8mb3 COLLATE=utf8mb3_unicode_ci;
/*!40101 SET character_set_client = @saved_cs_client */;

--
-- Dumping data for table `REDIRECT_URIS`
--

LOCK TABLES `REDIRECT_URIS` WRITE;
/*!40000 ALTER TABLE `REDIRECT_URIS` DISABLE KEYS */;
INSERT INTO `REDIRECT_URIS` VALUES
('20b29d46-708a-4516-a58a-8b370ba4d215','/realms/HPC-Cluster/account/*'),
('28a040c7-c316-46d3-a473-1026fa7f8168','/admin/HPC-Cluster/console/*'),
('421ee220-93d8-45fe-aecb-5e2cfbb1b924','/realms/master/account/*'),
('92548590-ee34-4b37-9951-25e49311ba24','https://localhost:3443'),
('92548590-ee34-4b37-9951-25e49311ba24','https://localhost:3443/oidc'),
('b99f5ca5-96fb-4d8f-9de4-1304df9f7505','/admin/master/console/*'),
('c744b425-9717-4c46-812e-c10fec7501d4','/realms/HPC-Cluster/account/*'),
('fa329ca7-51dd-493f-ad1a-9771f9ba5583','/realms/master/account/*');
/*!40000 ALTER TABLE `REDIRECT_URIS` ENABLE KEYS */;
UNLOCK TABLES;

--
-- Table structure for table `REQUIRED_ACTION_CONFIG`
--

DROP TABLE IF EXISTS `REQUIRED_ACTION_CONFIG`;
/*!40101 SET @saved_cs_client     = @@character_set_client */;
/*!40101 SET character_set_client = utf8 */;
CREATE TABLE `REQUIRED_ACTION_CONFIG` (
  `REQUIRED_ACTION_ID` varchar(36) NOT NULL,
  `VALUE` longtext DEFAULT NULL,
  `NAME` varchar(255) NOT NULL,
  PRIMARY KEY (`REQUIRED_ACTION_ID`,`NAME`)
) ENGINE=InnoDB DEFAULT CHARSET=utf8mb3 COLLATE=utf8mb3_unicode_ci;
/*!40101 SET character_set_client = @saved_cs_client */;

--
-- Dumping data for table `REQUIRED_ACTION_CONFIG`
--

LOCK TABLES `REQUIRED_ACTION_CONFIG` WRITE;
/*!40000 ALTER TABLE `REQUIRED_ACTION_CONFIG` DISABLE KEYS */;
/*!40000 ALTER TABLE `REQUIRED_ACTION_CONFIG` ENABLE KEYS */;
UNLOCK TABLES;

--
-- Table structure for table `REQUIRED_ACTION_PROVIDER`
--

DROP TABLE IF EXISTS `REQUIRED_ACTION_PROVIDER`;
/*!40101 SET @saved_cs_client     = @@character_set_client */;
/*!40101 SET character_set_client = utf8 */;
CREATE TABLE `REQUIRED_ACTION_PROVIDER` (
  `ID` varchar(36) NOT NULL,
  `ALIAS` varchar(255) DEFAULT NULL,
  `NAME` varchar(255) DEFAULT NULL,
  `REALM_ID` varchar(36) DEFAULT NULL,
  `ENABLED` tinyint(1) NOT NULL DEFAULT 0,
  `DEFAULT_ACTION` tinyint(1) NOT NULL DEFAULT 0,
  `PROVIDER_ID` varchar(255) DEFAULT NULL,
  `PRIORITY` int(11) DEFAULT NULL,
  PRIMARY KEY (`ID`),
  KEY `IDX_REQ_ACT_PROV_REALM` (`REALM_ID`),
  CONSTRAINT `FK_REQ_ACT_REALM` FOREIGN KEY (`REALM_ID`) REFERENCES `REALM` (`ID`)
) ENGINE=InnoDB DEFAULT CHARSET=utf8mb3 COLLATE=utf8mb3_unicode_ci;
/*!40101 SET character_set_client = @saved_cs_client */;

--
-- Dumping data for table `REQUIRED_ACTION_PROVIDER`
--

LOCK TABLES `REQUIRED_ACTION_PROVIDER` WRITE;
/*!40000 ALTER TABLE `REQUIRED_ACTION_PROVIDER` DISABLE KEYS */;
INSERT INTO `REQUIRED_ACTION_PROVIDER` VALUES
('0de9d1c5-aeb3-42a9-a993-f25fe7e5551e','VERIFY_PROFILE','Verify Profile','ef7f0780-7b02-40a8-adc9-27a5d400be72',1,0,'VERIFY_PROFILE',90),
('13486753-585b-49b7-b372-fee32ca8b47b','webauthn-register','Webauthn Register','4b357d97-725f-455d-a69c-4ec10fc47ccd',1,0,'webauthn-register',70),
('1554cb6c-d3f7-40f3-9f6c-156fdf648215','webauthn-register-passwordless','Webauthn Register Passwordless','4b357d97-725f-455d-a69c-4ec10fc47ccd',1,0,'webauthn-register-passwordless',80),
('3669c941-4619-4fdc-87df-c1de45a01a26','update_user_locale','Update User Locale','ef7f0780-7b02-40a8-adc9-27a5d400be72',1,0,'update_user_locale',1000),
('7cf3ed48-de1c-405c-8e72-b1049a45a1b7','webauthn-register','Webauthn Register','ef7f0780-7b02-40a8-adc9-27a5d400be72',1,0,'webauthn-register',70),
('89528b5d-5ada-4c74-9fe1-57dec1b7a6c4','UPDATE_PASSWORD','Update Password','ef7f0780-7b02-40a8-adc9-27a5d400be72',1,0,'UPDATE_PASSWORD',30),
('90be82a0-c379-440c-aef6-bce7d06190a8','VERIFY_EMAIL','Verify Email','ef7f0780-7b02-40a8-adc9-27a5d400be72',0,0,'VERIFY_EMAIL',50),
('99046e8c-9bd5-4f9c-ac9e-4c949668e9ae','update_user_locale','Update User Locale','4b357d97-725f-455d-a69c-4ec10fc47ccd',1,0,'update_user_locale',1000),
('a4d93a98-4ec1-4483-97e7-1dd1902f6e5e','VERIFY_PROFILE','Verify Profile','4b357d97-725f-455d-a69c-4ec10fc47ccd',1,0,'VERIFY_PROFILE',90),
('a7bab117-d9ba-4805-99c0-df298f637422','delete_account','Delete Account','ef7f0780-7b02-40a8-adc9-27a5d400be72',0,0,'delete_account',60),
('ad285652-dc6a-4dd1-8d77-58c2191e5ca1','TERMS_AND_CONDITIONS','Terms and Conditions','4b357d97-725f-455d-a69c-4ec10fc47ccd',0,0,'TERMS_AND_CONDITIONS',20),
('af67fa06-b825-418c-9f2c-ae876b7fded4','CONFIGURE_TOTP','Configure OTP','4b357d97-725f-455d-a69c-4ec10fc47ccd',1,0,'CONFIGURE_TOTP',10),
('b2179b33-f13c-4b38-b434-bd42f5781eff','delete_account','Delete Account','4b357d97-725f-455d-a69c-4ec10fc47ccd',0,0,'delete_account',60),
('b3d46987-590b-49a7-87d0-91924f0b695f','UPDATE_PROFILE','Update Profile','ef7f0780-7b02-40a8-adc9-27a5d400be72',1,0,'UPDATE_PROFILE',40),
('b47d2ba7-da36-40e4-9e20-def839f2c245','webauthn-register-passwordless','Webauthn Register Passwordless','ef7f0780-7b02-40a8-adc9-27a5d400be72',1,0,'webauthn-register-passwordless',80),
('bace30bb-88c7-4734-87fb-b2a9ea10c7d6','UPDATE_PROFILE','Update Profile','4b357d97-725f-455d-a69c-4ec10fc47ccd',1,0,'UPDATE_PROFILE',40),
('c6af444e-d657-419a-b725-24f660f21169','delete_credential','Delete Credential','4b357d97-725f-455d-a69c-4ec10fc47ccd',1,0,'delete_credential',100),
('dca95337-1785-4bbb-a7d1-13d9db4f8157','delete_credential','Delete Credential','ef7f0780-7b02-40a8-adc9-27a5d400be72',1,0,'delete_credential',100),
('dedd1cc7-65ee-4fda-8ed4-b0e3a32c7c48','CONFIGURE_TOTP','Configure OTP','ef7f0780-7b02-40a8-adc9-27a5d400be72',1,0,'CONFIGURE_TOTP',10),
('e4b08951-d746-43b5-8064-d3d822471fe9','TERMS_AND_CONDITIONS','Terms and Conditions','ef7f0780-7b02-40a8-adc9-27a5d400be72',0,0,'TERMS_AND_CONDITIONS',20),
('ec73535a-7ff4-4999-ade1-3447b9e96a1c','VERIFY_EMAIL','Verify Email','4b357d97-725f-455d-a69c-4ec10fc47ccd',1,0,'VERIFY_EMAIL',50),
('fa0992fa-c37e-4815-b1ca-fcfedf435791','UPDATE_PASSWORD','Update Password','4b357d97-725f-455d-a69c-4ec10fc47ccd',1,0,'UPDATE_PASSWORD',30);
/*!40000 ALTER TABLE `REQUIRED_ACTION_PROVIDER` ENABLE KEYS */;
UNLOCK TABLES;

--
-- Table structure for table `RESOURCE_ATTRIBUTE`
--

DROP TABLE IF EXISTS `RESOURCE_ATTRIBUTE`;
/*!40101 SET @saved_cs_client     = @@character_set_client */;
/*!40101 SET character_set_client = utf8 */;
CREATE TABLE `RESOURCE_ATTRIBUTE` (
  `ID` varchar(36) NOT NULL DEFAULT 'sybase-needs-something-here',
  `NAME` varchar(255) NOT NULL,
  `VALUE` varchar(255) DEFAULT NULL,
  `RESOURCE_ID` varchar(36) NOT NULL,
  PRIMARY KEY (`ID`),
  KEY `FK_5HRM2VLF9QL5FU022KQEPOVBR` (`RESOURCE_ID`),
  CONSTRAINT `FK_5HRM2VLF9QL5FU022KQEPOVBR` FOREIGN KEY (`RESOURCE_ID`) REFERENCES `RESOURCE_SERVER_RESOURCE` (`ID`)
) ENGINE=InnoDB DEFAULT CHARSET=utf8mb3 COLLATE=utf8mb3_unicode_ci;
/*!40101 SET character_set_client = @saved_cs_client */;

--
-- Dumping data for table `RESOURCE_ATTRIBUTE`
--

LOCK TABLES `RESOURCE_ATTRIBUTE` WRITE;
/*!40000 ALTER TABLE `RESOURCE_ATTRIBUTE` DISABLE KEYS */;
/*!40000 ALTER TABLE `RESOURCE_ATTRIBUTE` ENABLE KEYS */;
UNLOCK TABLES;

--
-- Table structure for table `RESOURCE_POLICY`
--

DROP TABLE IF EXISTS `RESOURCE_POLICY`;
/*!40101 SET @saved_cs_client     = @@character_set_client */;
/*!40101 SET character_set_client = utf8 */;
CREATE TABLE `RESOURCE_POLICY` (
  `RESOURCE_ID` varchar(36) NOT NULL,
  `POLICY_ID` varchar(36) NOT NULL,
  PRIMARY KEY (`RESOURCE_ID`,`POLICY_ID`),
  KEY `IDX_RES_POLICY_POLICY` (`POLICY_ID`),
  CONSTRAINT `FK_FRSRPOS53XCX4WNKOG82SSRFY` FOREIGN KEY (`RESOURCE_ID`) REFERENCES `RESOURCE_SERVER_RESOURCE` (`ID`),
  CONSTRAINT `FK_FRSRPP213XCX4WNKOG82SSRFY` FOREIGN KEY (`POLICY_ID`) REFERENCES `RESOURCE_SERVER_POLICY` (`ID`)
) ENGINE=InnoDB DEFAULT CHARSET=utf8mb3 COLLATE=utf8mb3_unicode_ci;
/*!40101 SET character_set_client = @saved_cs_client */;

--
-- Dumping data for table `RESOURCE_POLICY`
--

LOCK TABLES `RESOURCE_POLICY` WRITE;
/*!40000 ALTER TABLE `RESOURCE_POLICY` DISABLE KEYS */;
/*!40000 ALTER TABLE `RESOURCE_POLICY` ENABLE KEYS */;
UNLOCK TABLES;

--
-- Table structure for table `RESOURCE_SCOPE`
--

DROP TABLE IF EXISTS `RESOURCE_SCOPE`;
/*!40101 SET @saved_cs_client     = @@character_set_client */;
/*!40101 SET character_set_client = utf8 */;
CREATE TABLE `RESOURCE_SCOPE` (
  `RESOURCE_ID` varchar(36) NOT NULL,
  `SCOPE_ID` varchar(36) NOT NULL,
  PRIMARY KEY (`RESOURCE_ID`,`SCOPE_ID`),
  KEY `IDX_RES_SCOPE_SCOPE` (`SCOPE_ID`),
  CONSTRAINT `FK_FRSRPOS13XCX4WNKOG82SSRFY` FOREIGN KEY (`RESOURCE_ID`) REFERENCES `RESOURCE_SERVER_RESOURCE` (`ID`),
  CONSTRAINT `FK_FRSRPS213XCX4WNKOG82SSRFY` FOREIGN KEY (`SCOPE_ID`) REFERENCES `RESOURCE_SERVER_SCOPE` (`ID`)
) ENGINE=InnoDB DEFAULT CHARSET=utf8mb3 COLLATE=utf8mb3_unicode_ci;
/*!40101 SET character_set_client = @saved_cs_client */;

--
-- Dumping data for table `RESOURCE_SCOPE`
--

LOCK TABLES `RESOURCE_SCOPE` WRITE;
/*!40000 ALTER TABLE `RESOURCE_SCOPE` DISABLE KEYS */;
/*!40000 ALTER TABLE `RESOURCE_SCOPE` ENABLE KEYS */;
UNLOCK TABLES;

--
-- Table structure for table `RESOURCE_SERVER`
--

DROP TABLE IF EXISTS `RESOURCE_SERVER`;
/*!40101 SET @saved_cs_client     = @@character_set_client */;
/*!40101 SET character_set_client = utf8 */;
CREATE TABLE `RESOURCE_SERVER` (
  `ID` varchar(36) NOT NULL,
  `ALLOW_RS_REMOTE_MGMT` tinyint(1) NOT NULL DEFAULT 0,
  `POLICY_ENFORCE_MODE` tinyint(4) DEFAULT NULL,
  `DECISION_STRATEGY` tinyint(4) NOT NULL DEFAULT 1,
  PRIMARY KEY (`ID`)
) ENGINE=InnoDB DEFAULT CHARSET=utf8mb3 COLLATE=utf8mb3_unicode_ci;
/*!40101 SET character_set_client = @saved_cs_client */;

--
-- Dumping data for table `RESOURCE_SERVER`
--

LOCK TABLES `RESOURCE_SERVER` WRITE;
/*!40000 ALTER TABLE `RESOURCE_SERVER` DISABLE KEYS */;
/*!40000 ALTER TABLE `RESOURCE_SERVER` ENABLE KEYS */;
UNLOCK TABLES;

--
-- Table structure for table `RESOURCE_SERVER_PERM_TICKET`
--

DROP TABLE IF EXISTS `RESOURCE_SERVER_PERM_TICKET`;
/*!40101 SET @saved_cs_client     = @@character_set_client */;
/*!40101 SET character_set_client = utf8 */;
CREATE TABLE `RESOURCE_SERVER_PERM_TICKET` (
  `ID` varchar(36) NOT NULL,
  `OWNER` varchar(255) DEFAULT NULL,
  `REQUESTER` varchar(255) DEFAULT NULL,
  `CREATED_TIMESTAMP` bigint(20) NOT NULL,
  `GRANTED_TIMESTAMP` bigint(20) DEFAULT NULL,
  `RESOURCE_ID` varchar(36) NOT NULL,
  `SCOPE_ID` varchar(36) DEFAULT NULL,
  `RESOURCE_SERVER_ID` varchar(36) NOT NULL,
  `POLICY_ID` varchar(36) DEFAULT NULL,
  PRIMARY KEY (`ID`),
  UNIQUE KEY `UK_FRSR6T700S9V50BU18WS5PMT` (`OWNER`,`REQUESTER`,`RESOURCE_SERVER_ID`,`RESOURCE_ID`,`SCOPE_ID`),
  KEY `FK_FRSRHO213XCX4WNKOG82SSPMT` (`RESOURCE_SERVER_ID`),
  KEY `FK_FRSRHO213XCX4WNKOG83SSPMT` (`RESOURCE_ID`),
  KEY `FK_FRSRHO213XCX4WNKOG84SSPMT` (`SCOPE_ID`),
  KEY `FK_FRSRPO2128CX4WNKOG82SSRFY` (`POLICY_ID`),
  KEY `IDX_PERM_TICKET_REQUESTER` (`REQUESTER`),
  KEY `IDX_PERM_TICKET_OWNER` (`OWNER`),
  CONSTRAINT `FK_FRSRHO213XCX4WNKOG82SSPMT` FOREIGN KEY (`RESOURCE_SERVER_ID`) REFERENCES `RESOURCE_SERVER` (`ID`),
  CONSTRAINT `FK_FRSRHO213XCX4WNKOG83SSPMT` FOREIGN KEY (`RESOURCE_ID`) REFERENCES `RESOURCE_SERVER_RESOURCE` (`ID`),
  CONSTRAINT `FK_FRSRHO213XCX4WNKOG84SSPMT` FOREIGN KEY (`SCOPE_ID`) REFERENCES `RESOURCE_SERVER_SCOPE` (`ID`),
  CONSTRAINT `FK_FRSRPO2128CX4WNKOG82SSRFY` FOREIGN KEY (`POLICY_ID`) REFERENCES `RESOURCE_SERVER_POLICY` (`ID`)
) ENGINE=InnoDB DEFAULT CHARSET=utf8mb3 COLLATE=utf8mb3_unicode_ci;
/*!40101 SET character_set_client = @saved_cs_client */;

--
-- Dumping data for table `RESOURCE_SERVER_PERM_TICKET`
--

LOCK TABLES `RESOURCE_SERVER_PERM_TICKET` WRITE;
/*!40000 ALTER TABLE `RESOURCE_SERVER_PERM_TICKET` DISABLE KEYS */;
/*!40000 ALTER TABLE `RESOURCE_SERVER_PERM_TICKET` ENABLE KEYS */;
UNLOCK TABLES;

--
-- Table structure for table `RESOURCE_SERVER_POLICY`
--

DROP TABLE IF EXISTS `RESOURCE_SERVER_POLICY`;
/*!40101 SET @saved_cs_client     = @@character_set_client */;
/*!40101 SET character_set_client = utf8 */;
CREATE TABLE `RESOURCE_SERVER_POLICY` (
  `ID` varchar(36) NOT NULL,
  `NAME` varchar(255) NOT NULL,
  `DESCRIPTION` varchar(255) CHARACTER SET utf8mb3 COLLATE utf8mb3_general_ci DEFAULT NULL,
  `TYPE` varchar(255) NOT NULL,
  `DECISION_STRATEGY` tinyint(4) DEFAULT NULL,
  `LOGIC` tinyint(4) DEFAULT NULL,
  `RESOURCE_SERVER_ID` varchar(36) DEFAULT NULL,
  `OWNER` varchar(255) DEFAULT NULL,
  PRIMARY KEY (`ID`),
  UNIQUE KEY `UK_FRSRPT700S9V50BU18WS5HA6` (`NAME`,`RESOURCE_SERVER_ID`),
  KEY `IDX_RES_SERV_POL_RES_SERV` (`RESOURCE_SERVER_ID`),
  CONSTRAINT `FK_FRSRPO213XCX4WNKOG82SSRFY` FOREIGN KEY (`RESOURCE_SERVER_ID`) REFERENCES `RESOURCE_SERVER` (`ID`)
) ENGINE=InnoDB DEFAULT CHARSET=utf8mb3 COLLATE=utf8mb3_unicode_ci;
/*!40101 SET character_set_client = @saved_cs_client */;

--
-- Dumping data for table `RESOURCE_SERVER_POLICY`
--

LOCK TABLES `RESOURCE_SERVER_POLICY` WRITE;
/*!40000 ALTER TABLE `RESOURCE_SERVER_POLICY` DISABLE KEYS */;
/*!40000 ALTER TABLE `RESOURCE_SERVER_POLICY` ENABLE KEYS */;
UNLOCK TABLES;

--
-- Table structure for table `RESOURCE_SERVER_RESOURCE`
--

DROP TABLE IF EXISTS `RESOURCE_SERVER_RESOURCE`;
/*!40101 SET @saved_cs_client     = @@character_set_client */;
/*!40101 SET character_set_client = utf8 */;
CREATE TABLE `RESOURCE_SERVER_RESOURCE` (
  `ID` varchar(36) NOT NULL,
  `NAME` varchar(255) NOT NULL,
  `TYPE` varchar(255) DEFAULT NULL,
  `ICON_URI` varchar(255) DEFAULT NULL,
  `OWNER` varchar(255) DEFAULT NULL,
  `RESOURCE_SERVER_ID` varchar(36) DEFAULT NULL,
  `OWNER_MANAGED_ACCESS` tinyint(1) NOT NULL DEFAULT 0,
  `DISPLAY_NAME` varchar(255) DEFAULT NULL,
  PRIMARY KEY (`ID`),
  UNIQUE KEY `UK_FRSR6T700S9V50BU18WS5HA6` (`NAME`,`OWNER`,`RESOURCE_SERVER_ID`),
  KEY `IDX_RES_SRV_RES_RES_SRV` (`RESOURCE_SERVER_ID`),
  CONSTRAINT `FK_FRSRHO213XCX4WNKOG82SSRFY` FOREIGN KEY (`RESOURCE_SERVER_ID`) REFERENCES `RESOURCE_SERVER` (`ID`)
) ENGINE=InnoDB DEFAULT CHARSET=utf8mb3 COLLATE=utf8mb3_unicode_ci;
/*!40101 SET character_set_client = @saved_cs_client */;

--
-- Dumping data for table `RESOURCE_SERVER_RESOURCE`
--

LOCK TABLES `RESOURCE_SERVER_RESOURCE` WRITE;
/*!40000 ALTER TABLE `RESOURCE_SERVER_RESOURCE` DISABLE KEYS */;
/*!40000 ALTER TABLE `RESOURCE_SERVER_RESOURCE` ENABLE KEYS */;
UNLOCK TABLES;

--
-- Table structure for table `RESOURCE_SERVER_SCOPE`
--

DROP TABLE IF EXISTS `RESOURCE_SERVER_SCOPE`;
/*!40101 SET @saved_cs_client     = @@character_set_client */;
/*!40101 SET character_set_client = utf8 */;
CREATE TABLE `RESOURCE_SERVER_SCOPE` (
  `ID` varchar(36) NOT NULL,
  `NAME` varchar(255) NOT NULL,
  `ICON_URI` varchar(255) DEFAULT NULL,
  `RESOURCE_SERVER_ID` varchar(36) DEFAULT NULL,
  `DISPLAY_NAME` varchar(255) DEFAULT NULL,
  PRIMARY KEY (`ID`),
  UNIQUE KEY `UK_FRSRST700S9V50BU18WS5HA6` (`NAME`,`RESOURCE_SERVER_ID`),
  KEY `IDX_RES_SRV_SCOPE_RES_SRV` (`RESOURCE_SERVER_ID`),
  CONSTRAINT `FK_FRSRSO213XCX4WNKOG82SSRFY` FOREIGN KEY (`RESOURCE_SERVER_ID`) REFERENCES `RESOURCE_SERVER` (`ID`)
) ENGINE=InnoDB DEFAULT CHARSET=utf8mb3 COLLATE=utf8mb3_unicode_ci;
/*!40101 SET character_set_client = @saved_cs_client */;

--
-- Dumping data for table `RESOURCE_SERVER_SCOPE`
--

LOCK TABLES `RESOURCE_SERVER_SCOPE` WRITE;
/*!40000 ALTER TABLE `RESOURCE_SERVER_SCOPE` DISABLE KEYS */;
/*!40000 ALTER TABLE `RESOURCE_SERVER_SCOPE` ENABLE KEYS */;
UNLOCK TABLES;

--
-- Table structure for table `RESOURCE_URIS`
--

DROP TABLE IF EXISTS `RESOURCE_URIS`;
/*!40101 SET @saved_cs_client     = @@character_set_client */;
/*!40101 SET character_set_client = utf8 */;
CREATE TABLE `RESOURCE_URIS` (
  `RESOURCE_ID` varchar(36) NOT NULL,
  `VALUE` varchar(255) NOT NULL,
  PRIMARY KEY (`RESOURCE_ID`,`VALUE`),
  CONSTRAINT `FK_RESOURCE_SERVER_URIS` FOREIGN KEY (`RESOURCE_ID`) REFERENCES `RESOURCE_SERVER_RESOURCE` (`ID`)
) ENGINE=InnoDB DEFAULT CHARSET=utf8mb3 COLLATE=utf8mb3_unicode_ci;
/*!40101 SET character_set_client = @saved_cs_client */;

--
-- Dumping data for table `RESOURCE_URIS`
--

LOCK TABLES `RESOURCE_URIS` WRITE;
/*!40000 ALTER TABLE `RESOURCE_URIS` DISABLE KEYS */;
/*!40000 ALTER TABLE `RESOURCE_URIS` ENABLE KEYS */;
UNLOCK TABLES;

--
-- Table structure for table `REVOKED_TOKEN`
--

DROP TABLE IF EXISTS `REVOKED_TOKEN`;
/*!40101 SET @saved_cs_client     = @@character_set_client */;
/*!40101 SET character_set_client = utf8 */;
CREATE TABLE `REVOKED_TOKEN` (
  `ID` varchar(255) NOT NULL,
  `EXPIRE` bigint(20) NOT NULL,
  PRIMARY KEY (`ID`),
  KEY `IDX_REV_TOKEN_ON_EXPIRE` (`EXPIRE`)
) ENGINE=InnoDB DEFAULT CHARSET=utf8mb3 COLLATE=utf8mb3_unicode_ci;
/*!40101 SET character_set_client = @saved_cs_client */;

--
-- Dumping data for table `REVOKED_TOKEN`
--

LOCK TABLES `REVOKED_TOKEN` WRITE;
/*!40000 ALTER TABLE `REVOKED_TOKEN` DISABLE KEYS */;
/*!40000 ALTER TABLE `REVOKED_TOKEN` ENABLE KEYS */;
UNLOCK TABLES;

--
-- Table structure for table `ROLE_ATTRIBUTE`
--

DROP TABLE IF EXISTS `ROLE_ATTRIBUTE`;
/*!40101 SET @saved_cs_client     = @@character_set_client */;
/*!40101 SET character_set_client = utf8 */;
CREATE TABLE `ROLE_ATTRIBUTE` (
  `ID` varchar(36) NOT NULL,
  `ROLE_ID` varchar(36) NOT NULL,
  `NAME` varchar(255) NOT NULL,
  `VALUE` varchar(255) CHARACTER SET utf8mb3 COLLATE utf8mb3_general_ci DEFAULT NULL,
  PRIMARY KEY (`ID`),
  KEY `IDX_ROLE_ATTRIBUTE` (`ROLE_ID`),
  CONSTRAINT `FK_ROLE_ATTRIBUTE_ID` FOREIGN KEY (`ROLE_ID`) REFERENCES `KEYCLOAK_ROLE` (`ID`)
) ENGINE=InnoDB DEFAULT CHARSET=utf8mb3 COLLATE=utf8mb3_unicode_ci;
/*!40101 SET character_set_client = @saved_cs_client */;

--
-- Dumping data for table `ROLE_ATTRIBUTE`
--

LOCK TABLES `ROLE_ATTRIBUTE` WRITE;
/*!40000 ALTER TABLE `ROLE_ATTRIBUTE` DISABLE KEYS */;
/*!40000 ALTER TABLE `ROLE_ATTRIBUTE` ENABLE KEYS */;
UNLOCK TABLES;

--
-- Table structure for table `SCOPE_MAPPING`
--

DROP TABLE IF EXISTS `SCOPE_MAPPING`;
/*!40101 SET @saved_cs_client     = @@character_set_client */;
/*!40101 SET character_set_client = utf8 */;
CREATE TABLE `SCOPE_MAPPING` (
  `CLIENT_ID` varchar(36) NOT NULL,
  `ROLE_ID` varchar(36) NOT NULL,
  PRIMARY KEY (`CLIENT_ID`,`ROLE_ID`),
  KEY `IDX_SCOPE_MAPPING_ROLE` (`ROLE_ID`),
  CONSTRAINT `FK_OUSE064PLMLR732LXJCN1Q5F1` FOREIGN KEY (`CLIENT_ID`) REFERENCES `CLIENT` (`ID`)
) ENGINE=InnoDB DEFAULT CHARSET=utf8mb3 COLLATE=utf8mb3_unicode_ci;
/*!40101 SET character_set_client = @saved_cs_client */;

--
-- Dumping data for table `SCOPE_MAPPING`
--

LOCK TABLES `SCOPE_MAPPING` WRITE;
/*!40000 ALTER TABLE `SCOPE_MAPPING` DISABLE KEYS */;
INSERT INTO `SCOPE_MAPPING` VALUES
('c744b425-9717-4c46-812e-c10fec7501d4','1f835096-71ce-4b66-aecb-671da62a1015'),
('c744b425-9717-4c46-812e-c10fec7501d4','41286826-665a-4829-8789-40f0b1b640e7'),
('fa329ca7-51dd-493f-ad1a-9771f9ba5583','4c963e4a-1e25-4355-813a-43fe4df89b90'),
('fa329ca7-51dd-493f-ad1a-9771f9ba5583','a1860d0b-5510-48af-a01b-1cce2cd01a2b');
/*!40000 ALTER TABLE `SCOPE_MAPPING` ENABLE KEYS */;
UNLOCK TABLES;

--
-- Table structure for table `SCOPE_POLICY`
--

DROP TABLE IF EXISTS `SCOPE_POLICY`;
/*!40101 SET @saved_cs_client     = @@character_set_client */;
/*!40101 SET character_set_client = utf8 */;
CREATE TABLE `SCOPE_POLICY` (
  `SCOPE_ID` varchar(36) NOT NULL,
  `POLICY_ID` varchar(36) NOT NULL,
  PRIMARY KEY (`SCOPE_ID`,`POLICY_ID`),
  KEY `IDX_SCOPE_POLICY_POLICY` (`POLICY_ID`),
  CONSTRAINT `FK_FRSRASP13XCX4WNKOG82SSRFY` FOREIGN KEY (`POLICY_ID`) REFERENCES `RESOURCE_SERVER_POLICY` (`ID`),
  CONSTRAINT `FK_FRSRPASS3XCX4WNKOG82SSRFY` FOREIGN KEY (`SCOPE_ID`) REFERENCES `RESOURCE_SERVER_SCOPE` (`ID`)
) ENGINE=InnoDB DEFAULT CHARSET=utf8mb3 COLLATE=utf8mb3_unicode_ci;
/*!40101 SET character_set_client = @saved_cs_client */;

--
-- Dumping data for table `SCOPE_POLICY`
--

LOCK TABLES `SCOPE_POLICY` WRITE;
/*!40000 ALTER TABLE `SCOPE_POLICY` DISABLE KEYS */;
/*!40000 ALTER TABLE `SCOPE_POLICY` ENABLE KEYS */;
UNLOCK TABLES;

--
-- Table structure for table `USER_ATTRIBUTE`
--

DROP TABLE IF EXISTS `USER_ATTRIBUTE`;
/*!40101 SET @saved_cs_client     = @@character_set_client */;
/*!40101 SET character_set_client = utf8 */;
CREATE TABLE `USER_ATTRIBUTE` (
  `NAME` varchar(255) NOT NULL,
  `VALUE` varchar(255) CHARACTER SET utf8mb3 COLLATE utf8mb3_general_ci DEFAULT NULL,
  `USER_ID` varchar(36) NOT NULL,
  `ID` varchar(36) NOT NULL DEFAULT 'sybase-needs-something-here',
  `LONG_VALUE_HASH` binary(64) DEFAULT NULL,
  `LONG_VALUE_HASH_LOWER_CASE` binary(64) DEFAULT NULL,
  `LONG_VALUE` longtext CHARACTER SET utf8mb3 COLLATE utf8mb3_general_ci DEFAULT NULL,
  PRIMARY KEY (`ID`),
  KEY `IDX_USER_ATTRIBUTE` (`USER_ID`),
  KEY `IDX_USER_ATTRIBUTE_NAME` (`NAME`,`VALUE`),
  KEY `USER_ATTR_LONG_VALUES` (`LONG_VALUE_HASH`,`NAME`),
  KEY `USER_ATTR_LONG_VALUES_LOWER_CASE` (`LONG_VALUE_HASH_LOWER_CASE`,`NAME`),
  CONSTRAINT `FK_5HRM2VLF9QL5FU043KQEPOVBR` FOREIGN KEY (`USER_ID`) REFERENCES `USER_ENTITY` (`ID`)
) ENGINE=InnoDB DEFAULT CHARSET=utf8mb3 COLLATE=utf8mb3_unicode_ci;
/*!40101 SET character_set_client = @saved_cs_client */;

--
-- Dumping data for table `USER_ATTRIBUTE`
--

LOCK TABLES `USER_ATTRIBUTE` WRITE;
/*!40000 ALTER TABLE `USER_ATTRIBUTE` DISABLE KEYS */;
INSERT INTO `USER_ATTRIBUTE` VALUES
('LDAP_ID','ed3400fc-72ac-103f-971d-13abdc4c18de','16466a1c-9cf2-44a8-a6fa-f2fb86bd91d4','0cd9f48c-567a-49d9-ab99-c031ef2336e1',NULL,NULL,NULL),
('LDAP_ID','5b4cb810-72f6-103f-9ca1-d7c9585000b5','653a1ead-ab0b-49f6-beff-54bf808a8d96','19f7902d-ab0d-4dfe-bebb-911202f17e42',NULL,NULL,NULL),
('createTimestamp','20250129165044Z','16466a1c-9cf2-44a8-a6fa-f2fb86bd91d4','20dc496b-80a6-4dca-b9c7-4484d00832fe',NULL,NULL,NULL),
('createTimestamp','20250130013622Z','653a1ead-ab0b-49f6-beff-54bf808a8d96','2c388536-de84-4abe-9b2f-42ecd6bb0ea8',NULL,NULL,NULL),
('modifyTimestamp','20250129165044Z','16466a1c-9cf2-44a8-a6fa-f2fb86bd91d4','2df3eb98-3cf6-47cf-9022-1679637587b8',NULL,NULL,NULL),
('modifyTimestamp','20250130013622Z','653a1ead-ab0b-49f6-beff-54bf808a8d96','3e951951-1f25-4fce-b72d-582c8c5cd616',NULL,NULL,NULL),
('createTimestamp','20250129165044Z','665e097c-1ad4-4f34-8c49-2af6b8bf65ab','6be9e5b5-d3ef-44f5-a047-5ac960eea244',NULL,NULL,NULL),
('LDAP_ID','ed174962-72ac-103f-9715-13abdc4c18de','db32cf2e-2ec2-4d04-a0a2-01a39f79dd28','880fbe45-c2d8-4589-8ac2-077c683b7b57',NULL,NULL,NULL),
('is_temporary_admin','true','e934d182-ea69-4923-bae1-e3d6059aa799','9a6fd1da-1eb0-4603-9e1b-b9bd278917ea',NULL,NULL,NULL),
('LDAP_ENTRY_DN','cn=hpcadmin,ou=People,dc=example,dc=org','653a1ead-ab0b-49f6-beff-54bf808a8d96','9d0bad64-ec74-43d1-9fa8-cd82eb498fde',NULL,NULL,NULL),
('LDAP_ENTRY_DN','cn=cgray,ou=People,dc=example,dc=org','35b9b608-4e26-426c-9ac6-292f24d2d1f2','9f8430af-bfa9-4c3a-b45c-e807d9555df8',NULL,NULL,NULL),
('LDAP_ENTRY_DN','cn=astewart,ou=People,dc=example,dc=org','db32cf2e-2ec2-4d04-a0a2-01a39f79dd28','a4d9c7f6-0b3b-4f53-80e8-fced28901367',NULL,NULL,NULL),
('LDAP_ENTRY_DN','cn=sfoster,ou=People,dc=example,dc=org','16466a1c-9cf2-44a8-a6fa-f2fb86bd91d4','aaf6899c-4ee6-42cc-8633-6248185bdf7b',NULL,NULL,NULL),
('createTimestamp','20250129165044Z','db32cf2e-2ec2-4d04-a0a2-01a39f79dd28','adbce8ee-8130-4dc7-b3d9-1d11e9e582e5',NULL,NULL,NULL),
('createTimestamp','20250129165044Z','35b9b608-4e26-426c-9ac6-292f24d2d1f2','b412a789-4f1b-4650-8aa8-1506727e5509',NULL,NULL,NULL),
('LDAP_ID','ed1dc83c-72ac-103f-9717-13abdc4c18de','35b9b608-4e26-426c-9ac6-292f24d2d1f2','b43a6067-ebb3-42f7-ab9e-8aa118353c38',NULL,NULL,NULL),
('modifyTimestamp','20250129165044Z','db32cf2e-2ec2-4d04-a0a2-01a39f79dd28','dd680b2f-90d7-458f-9bb9-23693e3e1e16',NULL,NULL,NULL),
('LDAP_ID','ed238632-72ac-103f-9719-13abdc4c18de','665e097c-1ad4-4f34-8c49-2af6b8bf65ab','df2765fc-dc31-4c86-aa5f-ea8e3ea5d547',NULL,NULL,NULL),
('modifyTimestamp','20250129165044Z','35b9b608-4e26-426c-9ac6-292f24d2d1f2','f2963d06-8096-4ecb-9158-39bc9ee21a07',NULL,NULL,NULL),
('modifyTimestamp','20250129165044Z','665e097c-1ad4-4f34-8c49-2af6b8bf65ab','f95a8be5-31fa-445e-b84a-47cd20c801e9',NULL,NULL,NULL),
('LDAP_ENTRY_DN','cn=csimmons,ou=People,dc=example,dc=org','665e097c-1ad4-4f34-8c49-2af6b8bf65ab','ffb2fb29-c44e-4e12-967a-be79e1d337b8',NULL,NULL,NULL);
/*!40000 ALTER TABLE `USER_ATTRIBUTE` ENABLE KEYS */;
UNLOCK TABLES;

--
-- Table structure for table `USER_CONSENT`
--

DROP TABLE IF EXISTS `USER_CONSENT`;
/*!40101 SET @saved_cs_client     = @@character_set_client */;
/*!40101 SET character_set_client = utf8 */;
CREATE TABLE `USER_CONSENT` (
  `ID` varchar(36) NOT NULL,
  `CLIENT_ID` varchar(255) DEFAULT NULL,
  `USER_ID` varchar(36) NOT NULL,
  `CREATED_DATE` bigint(20) DEFAULT NULL,
  `LAST_UPDATED_DATE` bigint(20) DEFAULT NULL,
  `CLIENT_STORAGE_PROVIDER` varchar(36) DEFAULT NULL,
  `EXTERNAL_CLIENT_ID` varchar(255) DEFAULT NULL,
  PRIMARY KEY (`ID`),
  UNIQUE KEY `UK_LOCAL_CONSENT` (`CLIENT_ID`,`USER_ID`),
  UNIQUE KEY `UK_EXTERNAL_CONSENT` (`CLIENT_STORAGE_PROVIDER`,`EXTERNAL_CLIENT_ID`,`USER_ID`),
  KEY `IDX_USER_CONSENT` (`USER_ID`),
  CONSTRAINT `FK_GRNTCSNT_USER` FOREIGN KEY (`USER_ID`) REFERENCES `USER_ENTITY` (`ID`)
) ENGINE=InnoDB DEFAULT CHARSET=utf8mb3 COLLATE=utf8mb3_unicode_ci;
/*!40101 SET character_set_client = @saved_cs_client */;

--
-- Dumping data for table `USER_CONSENT`
--

LOCK TABLES `USER_CONSENT` WRITE;
/*!40000 ALTER TABLE `USER_CONSENT` DISABLE KEYS */;
/*!40000 ALTER TABLE `USER_CONSENT` ENABLE KEYS */;
UNLOCK TABLES;

--
-- Table structure for table `USER_CONSENT_CLIENT_SCOPE`
--

DROP TABLE IF EXISTS `USER_CONSENT_CLIENT_SCOPE`;
/*!40101 SET @saved_cs_client     = @@character_set_client */;
/*!40101 SET character_set_client = utf8 */;
CREATE TABLE `USER_CONSENT_CLIENT_SCOPE` (
  `USER_CONSENT_ID` varchar(36) NOT NULL,
  `SCOPE_ID` varchar(36) NOT NULL,
  PRIMARY KEY (`USER_CONSENT_ID`,`SCOPE_ID`),
  KEY `IDX_USCONSENT_CLSCOPE` (`USER_CONSENT_ID`),
  KEY `IDX_USCONSENT_SCOPE_ID` (`SCOPE_ID`),
  CONSTRAINT `FK_GRNTCSNT_CLSC_USC` FOREIGN KEY (`USER_CONSENT_ID`) REFERENCES `USER_CONSENT` (`ID`)
) ENGINE=InnoDB DEFAULT CHARSET=utf8mb3 COLLATE=utf8mb3_unicode_ci;
/*!40101 SET character_set_client = @saved_cs_client */;

--
-- Dumping data for table `USER_CONSENT_CLIENT_SCOPE`
--

LOCK TABLES `USER_CONSENT_CLIENT_SCOPE` WRITE;
/*!40000 ALTER TABLE `USER_CONSENT_CLIENT_SCOPE` DISABLE KEYS */;
/*!40000 ALTER TABLE `USER_CONSENT_CLIENT_SCOPE` ENABLE KEYS */;
UNLOCK TABLES;

--
-- Table structure for table `USER_ENTITY`
--

DROP TABLE IF EXISTS `USER_ENTITY`;
/*!40101 SET @saved_cs_client     = @@character_set_client */;
/*!40101 SET character_set_client = utf8 */;
CREATE TABLE `USER_ENTITY` (
  `ID` varchar(36) NOT NULL,
  `EMAIL` varchar(255) DEFAULT NULL,
  `EMAIL_CONSTRAINT` varchar(255) DEFAULT NULL,
  `EMAIL_VERIFIED` tinyint(1) NOT NULL DEFAULT 0,
  `ENABLED` tinyint(1) NOT NULL DEFAULT 0,
  `FEDERATION_LINK` varchar(255) DEFAULT NULL,
  `FIRST_NAME` varchar(255) CHARACTER SET utf8mb3 COLLATE utf8mb3_general_ci DEFAULT NULL,
  `LAST_NAME` varchar(255) CHARACTER SET utf8mb3 COLLATE utf8mb3_general_ci DEFAULT NULL,
  `REALM_ID` varchar(255) DEFAULT NULL,
  `USERNAME` varchar(255) CHARACTER SET utf8mb3 COLLATE utf8mb3_general_ci DEFAULT NULL,
  `CREATED_TIMESTAMP` bigint(20) DEFAULT NULL,
  `SERVICE_ACCOUNT_CLIENT_LINK` varchar(255) DEFAULT NULL,
  `NOT_BEFORE` int(11) NOT NULL DEFAULT 0,
  PRIMARY KEY (`ID`),
  UNIQUE KEY `UK_DYKN684SL8UP1CRFEI6ECKHD7` (`REALM_ID`,`EMAIL_CONSTRAINT`),
  UNIQUE KEY `UK_RU8TT6T700S9V50BU18WS5HA6` (`REALM_ID`,`USERNAME`),
  KEY `IDX_USER_EMAIL` (`EMAIL`),
  KEY `IDX_USER_SERVICE_ACCOUNT` (`REALM_ID`,`SERVICE_ACCOUNT_CLIENT_LINK`)
) ENGINE=InnoDB DEFAULT CHARSET=utf8mb3 COLLATE=utf8mb3_unicode_ci;
/*!40101 SET character_set_client = @saved_cs_client */;

--
-- Dumping data for table `USER_ENTITY`
--

LOCK TABLES `USER_ENTITY` WRITE;
/*!40000 ALTER TABLE `USER_ENTITY` DISABLE KEYS */;
INSERT INTO `USER_ENTITY` VALUES
('16466a1c-9cf2-44a8-a6fa-f2fb86bd91d4','sfoster@example.com','sfoster@example.com',0,1,'BRRIeqjvTRe_5SujtJG0Rw','sfoster','sfoster','ef7f0780-7b02-40a8-adc9-27a5d400be72','sfoster',1738170979222,NULL,0),
('30274dd9-744f-4697-a65d-eac4008239e5',NULL,'612c41e0-dd3b-4dd9-aa98-642f57ea1a0f',0,1,NULL,NULL,NULL,'ef7f0780-7b02-40a8-adc9-27a5d400be72','service-account-openondemand',1738170789625,'92548590-ee34-4b37-9951-25e49311ba24',0),
('35b9b608-4e26-426c-9ac6-292f24d2d1f2','cgray@example.com','cgray@example.com',0,1,'BRRIeqjvTRe_5SujtJG0Rw','cgray','cgray','ef7f0780-7b02-40a8-adc9-27a5d400be72','cgray',1738170979160,NULL,0),
('653a1ead-ab0b-49f6-beff-54bf808a8d96','hpcadmin@example.com','hpcadmin@example.com',0,1,'BRRIeqjvTRe_5SujtJG0Rw','hpcadmin','hpcadmin','ef7f0780-7b02-40a8-adc9-27a5d400be72','hpcadmin',1738246032905,NULL,0),
('665e097c-1ad4-4f34-8c49-2af6b8bf65ab','csimmons@example.com','csimmons@example.com',0,1,'BRRIeqjvTRe_5SujtJG0Rw','csimmons','csimmons','ef7f0780-7b02-40a8-adc9-27a5d400be72','csimmons',1738170979182,NULL,0),
('db32cf2e-2ec2-4d04-a0a2-01a39f79dd28','astewart@example.com','astewart@example.com',0,1,'BRRIeqjvTRe_5SujtJG0Rw','astewart','astewart','ef7f0780-7b02-40a8-adc9-27a5d400be72','astewart',1738170979120,NULL,0),
('e934d182-ea69-4923-bae1-e3d6059aa799',NULL,'e0ce79e1-e3bb-46d6-8a5f-612dca1d46e5',0,1,NULL,NULL,NULL,'4b357d97-725f-455d-a69c-4ec10fc47ccd','admin',1738099130482,NULL,0);
/*!40000 ALTER TABLE `USER_ENTITY` ENABLE KEYS */;
UNLOCK TABLES;

--
-- Table structure for table `USER_FEDERATION_CONFIG`
--

DROP TABLE IF EXISTS `USER_FEDERATION_CONFIG`;
/*!40101 SET @saved_cs_client     = @@character_set_client */;
/*!40101 SET character_set_client = utf8 */;
CREATE TABLE `USER_FEDERATION_CONFIG` (
  `USER_FEDERATION_PROVIDER_ID` varchar(36) NOT NULL,
  `VALUE` varchar(255) DEFAULT NULL,
  `NAME` varchar(255) NOT NULL,
  PRIMARY KEY (`USER_FEDERATION_PROVIDER_ID`,`NAME`),
  CONSTRAINT `FK_T13HPU1J94R2EBPEKR39X5EU5` FOREIGN KEY (`USER_FEDERATION_PROVIDER_ID`) REFERENCES `USER_FEDERATION_PROVIDER` (`ID`)
) ENGINE=InnoDB DEFAULT CHARSET=utf8mb3 COLLATE=utf8mb3_unicode_ci;
/*!40101 SET character_set_client = @saved_cs_client */;

--
-- Dumping data for table `USER_FEDERATION_CONFIG`
--

LOCK TABLES `USER_FEDERATION_CONFIG` WRITE;
/*!40000 ALTER TABLE `USER_FEDERATION_CONFIG` DISABLE KEYS */;
/*!40000 ALTER TABLE `USER_FEDERATION_CONFIG` ENABLE KEYS */;
UNLOCK TABLES;

--
-- Table structure for table `USER_FEDERATION_MAPPER`
--

DROP TABLE IF EXISTS `USER_FEDERATION_MAPPER`;
/*!40101 SET @saved_cs_client     = @@character_set_client */;
/*!40101 SET character_set_client = utf8 */;
CREATE TABLE `USER_FEDERATION_MAPPER` (
  `ID` varchar(36) NOT NULL,
  `NAME` varchar(255) NOT NULL,
  `FEDERATION_PROVIDER_ID` varchar(36) NOT NULL,
  `FEDERATION_MAPPER_TYPE` varchar(255) NOT NULL,
  `REALM_ID` varchar(36) NOT NULL,
  PRIMARY KEY (`ID`),
  KEY `IDX_USR_FED_MAP_FED_PRV` (`FEDERATION_PROVIDER_ID`),
  KEY `IDX_USR_FED_MAP_REALM` (`REALM_ID`),
  CONSTRAINT `FK_FEDMAPPERPM_FEDPRV` FOREIGN KEY (`FEDERATION_PROVIDER_ID`) REFERENCES `USER_FEDERATION_PROVIDER` (`ID`),
  CONSTRAINT `FK_FEDMAPPERPM_REALM` FOREIGN KEY (`REALM_ID`) REFERENCES `REALM` (`ID`)
) ENGINE=InnoDB DEFAULT CHARSET=utf8mb3 COLLATE=utf8mb3_unicode_ci;
/*!40101 SET character_set_client = @saved_cs_client */;

--
-- Dumping data for table `USER_FEDERATION_MAPPER`
--

LOCK TABLES `USER_FEDERATION_MAPPER` WRITE;
/*!40000 ALTER TABLE `USER_FEDERATION_MAPPER` DISABLE KEYS */;
/*!40000 ALTER TABLE `USER_FEDERATION_MAPPER` ENABLE KEYS */;
UNLOCK TABLES;

--
-- Table structure for table `USER_FEDERATION_MAPPER_CONFIG`
--

DROP TABLE IF EXISTS `USER_FEDERATION_MAPPER_CONFIG`;
/*!40101 SET @saved_cs_client     = @@character_set_client */;
/*!40101 SET character_set_client = utf8 */;
CREATE TABLE `USER_FEDERATION_MAPPER_CONFIG` (
  `USER_FEDERATION_MAPPER_ID` varchar(36) NOT NULL,
  `VALUE` varchar(255) DEFAULT NULL,
  `NAME` varchar(255) NOT NULL,
  PRIMARY KEY (`USER_FEDERATION_MAPPER_ID`,`NAME`),
  CONSTRAINT `FK_FEDMAPPER_CFG` FOREIGN KEY (`USER_FEDERATION_MAPPER_ID`) REFERENCES `USER_FEDERATION_MAPPER` (`ID`)
) ENGINE=InnoDB DEFAULT CHARSET=utf8mb3 COLLATE=utf8mb3_unicode_ci;
/*!40101 SET character_set_client = @saved_cs_client */;

--
-- Dumping data for table `USER_FEDERATION_MAPPER_CONFIG`
--

LOCK TABLES `USER_FEDERATION_MAPPER_CONFIG` WRITE;
/*!40000 ALTER TABLE `USER_FEDERATION_MAPPER_CONFIG` DISABLE KEYS */;
/*!40000 ALTER TABLE `USER_FEDERATION_MAPPER_CONFIG` ENABLE KEYS */;
UNLOCK TABLES;

--
-- Table structure for table `USER_FEDERATION_PROVIDER`
--

DROP TABLE IF EXISTS `USER_FEDERATION_PROVIDER`;
/*!40101 SET @saved_cs_client     = @@character_set_client */;
/*!40101 SET character_set_client = utf8 */;
CREATE TABLE `USER_FEDERATION_PROVIDER` (
  `ID` varchar(36) NOT NULL,
  `CHANGED_SYNC_PERIOD` int(11) DEFAULT NULL,
  `DISPLAY_NAME` varchar(255) DEFAULT NULL,
  `FULL_SYNC_PERIOD` int(11) DEFAULT NULL,
  `LAST_SYNC` int(11) DEFAULT NULL,
  `PRIORITY` int(11) DEFAULT NULL,
  `PROVIDER_NAME` varchar(255) DEFAULT NULL,
  `REALM_ID` varchar(36) DEFAULT NULL,
  PRIMARY KEY (`ID`),
  KEY `IDX_USR_FED_PRV_REALM` (`REALM_ID`),
  CONSTRAINT `FK_1FJ32F6PTOLW2QY60CD8N01E8` FOREIGN KEY (`REALM_ID`) REFERENCES `REALM` (`ID`)
) ENGINE=InnoDB DEFAULT CHARSET=utf8mb3 COLLATE=utf8mb3_unicode_ci;
/*!40101 SET character_set_client = @saved_cs_client */;

--
-- Dumping data for table `USER_FEDERATION_PROVIDER`
--

LOCK TABLES `USER_FEDERATION_PROVIDER` WRITE;
/*!40000 ALTER TABLE `USER_FEDERATION_PROVIDER` DISABLE KEYS */;
/*!40000 ALTER TABLE `USER_FEDERATION_PROVIDER` ENABLE KEYS */;
UNLOCK TABLES;

--
-- Table structure for table `USER_GROUP_MEMBERSHIP`
--

DROP TABLE IF EXISTS `USER_GROUP_MEMBERSHIP`;
/*!40101 SET @saved_cs_client     = @@character_set_client */;
/*!40101 SET character_set_client = utf8 */;
CREATE TABLE `USER_GROUP_MEMBERSHIP` (
  `GROUP_ID` varchar(36) NOT NULL,
  `USER_ID` varchar(36) NOT NULL,
  `MEMBERSHIP_TYPE` varchar(255) NOT NULL,
  PRIMARY KEY (`GROUP_ID`,`USER_ID`),
  KEY `IDX_USER_GROUP_MAPPING` (`USER_ID`),
  CONSTRAINT `FK_USER_GROUP_USER` FOREIGN KEY (`USER_ID`) REFERENCES `USER_ENTITY` (`ID`)
) ENGINE=InnoDB DEFAULT CHARSET=utf8mb3 COLLATE=utf8mb3_unicode_ci;
/*!40101 SET character_set_client = @saved_cs_client */;

--
-- Dumping data for table `USER_GROUP_MEMBERSHIP`
--

LOCK TABLES `USER_GROUP_MEMBERSHIP` WRITE;
/*!40000 ALTER TABLE `USER_GROUP_MEMBERSHIP` DISABLE KEYS */;
/*!40000 ALTER TABLE `USER_GROUP_MEMBERSHIP` ENABLE KEYS */;
UNLOCK TABLES;

--
-- Table structure for table `USER_REQUIRED_ACTION`
--

DROP TABLE IF EXISTS `USER_REQUIRED_ACTION`;
/*!40101 SET @saved_cs_client     = @@character_set_client */;
/*!40101 SET character_set_client = utf8 */;
CREATE TABLE `USER_REQUIRED_ACTION` (
  `USER_ID` varchar(36) NOT NULL,
  `REQUIRED_ACTION` varchar(255) NOT NULL DEFAULT ' ',
  PRIMARY KEY (`REQUIRED_ACTION`,`USER_ID`),
  KEY `IDX_USER_REQACTIONS` (`USER_ID`),
  CONSTRAINT `FK_6QJ3W1JW9CVAFHE19BWSIUVMD` FOREIGN KEY (`USER_ID`) REFERENCES `USER_ENTITY` (`ID`)
) ENGINE=InnoDB DEFAULT CHARSET=utf8mb3 COLLATE=utf8mb3_unicode_ci;
/*!40101 SET character_set_client = @saved_cs_client */;

--
-- Dumping data for table `USER_REQUIRED_ACTION`
--

LOCK TABLES `USER_REQUIRED_ACTION` WRITE;
/*!40000 ALTER TABLE `USER_REQUIRED_ACTION` DISABLE KEYS */;
/*!40000 ALTER TABLE `USER_REQUIRED_ACTION` ENABLE KEYS */;
UNLOCK TABLES;

--
-- Table structure for table `USER_ROLE_MAPPING`
--

DROP TABLE IF EXISTS `USER_ROLE_MAPPING`;
/*!40101 SET @saved_cs_client     = @@character_set_client */;
/*!40101 SET character_set_client = utf8 */;
CREATE TABLE `USER_ROLE_MAPPING` (
  `ROLE_ID` varchar(255) NOT NULL,
  `USER_ID` varchar(36) NOT NULL,
  PRIMARY KEY (`ROLE_ID`,`USER_ID`),
  KEY `IDX_USER_ROLE_MAPPING` (`USER_ID`),
  CONSTRAINT `FK_C4FQV34P1MBYLLOXANG7B1Q3L` FOREIGN KEY (`USER_ID`) REFERENCES `USER_ENTITY` (`ID`)
) ENGINE=InnoDB DEFAULT CHARSET=utf8mb3 COLLATE=utf8mb3_unicode_ci;
/*!40101 SET character_set_client = @saved_cs_client */;

--
-- Dumping data for table `USER_ROLE_MAPPING`
--

LOCK TABLES `USER_ROLE_MAPPING` WRITE;
/*!40000 ALTER TABLE `USER_ROLE_MAPPING` DISABLE KEYS */;
INSERT INTO `USER_ROLE_MAPPING` VALUES
('286ab202-d2fa-4d4c-a2f5-6efd22191a64','16466a1c-9cf2-44a8-a6fa-f2fb86bd91d4'),
('286ab202-d2fa-4d4c-a2f5-6efd22191a64','30274dd9-744f-4697-a65d-eac4008239e5'),
('286ab202-d2fa-4d4c-a2f5-6efd22191a64','35b9b608-4e26-426c-9ac6-292f24d2d1f2'),
('286ab202-d2fa-4d4c-a2f5-6efd22191a64','653a1ead-ab0b-49f6-beff-54bf808a8d96'),
('286ab202-d2fa-4d4c-a2f5-6efd22191a64','665e097c-1ad4-4f34-8c49-2af6b8bf65ab'),
('286ab202-d2fa-4d4c-a2f5-6efd22191a64','db32cf2e-2ec2-4d04-a0a2-01a39f79dd28'),
('905501fd-84b2-4ea1-95e0-414769b8fa73','e934d182-ea69-4923-bae1-e3d6059aa799'),
('d5bbb37c-b99b-4890-a091-f6ea5957e1fd','e934d182-ea69-4923-bae1-e3d6059aa799');
/*!40000 ALTER TABLE `USER_ROLE_MAPPING` ENABLE KEYS */;
UNLOCK TABLES;

--
-- Table structure for table `WEB_ORIGINS`
--

DROP TABLE IF EXISTS `WEB_ORIGINS`;
/*!40101 SET @saved_cs_client     = @@character_set_client */;
/*!40101 SET character_set_client = utf8 */;
CREATE TABLE `WEB_ORIGINS` (
  `CLIENT_ID` varchar(36) NOT NULL,
  `VALUE` varchar(255) NOT NULL,
  PRIMARY KEY (`CLIENT_ID`,`VALUE`),
  KEY `IDX_WEB_ORIG_CLIENT` (`CLIENT_ID`),
  CONSTRAINT `FK_LOJPHO213XCX4WNKOG82SSRFY` FOREIGN KEY (`CLIENT_ID`) REFERENCES `CLIENT` (`ID`)
) ENGINE=InnoDB DEFAULT CHARSET=utf8mb3 COLLATE=utf8mb3_unicode_ci;
/*!40101 SET character_set_client = @saved_cs_client */;

--
-- Dumping data for table `WEB_ORIGINS`
--

LOCK TABLES `WEB_ORIGINS` WRITE;
/*!40000 ALTER TABLE `WEB_ORIGINS` DISABLE KEYS */;
INSERT INTO `WEB_ORIGINS` VALUES
('28a040c7-c316-46d3-a473-1026fa7f8168','+'),
('92548590-ee34-4b37-9951-25e49311ba24',''),
('b99f5ca5-96fb-4d8f-9de4-1304df9f7505','+');
/*!40000 ALTER TABLE `WEB_ORIGINS` ENABLE KEYS */;
UNLOCK TABLES;
/*!40103 SET TIME_ZONE=@OLD_TIME_ZONE */;

/*!40101 SET SQL_MODE=@OLD_SQL_MODE */;
/*!40014 SET FOREIGN_KEY_CHECKS=@OLD_FOREIGN_KEY_CHECKS */;
/*!40014 SET UNIQUE_CHECKS=@OLD_UNIQUE_CHECKS */;
/*!40101 SET CHARACTER_SET_CLIENT=@OLD_CHARACTER_SET_CLIENT */;
/*!40101 SET CHARACTER_SET_RESULTS=@OLD_CHARACTER_SET_RESULTS */;
/*!40101 SET COLLATION_CONNECTION=@OLD_COLLATION_CONNECTION */;
/*!40111 SET SQL_NOTES=@OLD_SQL_NOTES */;

-- Dump completed on 2025-01-30 18:30:09
