-- MySQL dump 10.19  Distrib 10.3.39-MariaDB, for debian-linux-gnu (x86_64)
--
-- Host: localhost    Database: coldfront
-- ------------------------------------------------------
-- Server version	10.3.39-MariaDB-1:10.3.39+maria~ubu2004

/*!40101 SET @OLD_CHARACTER_SET_CLIENT=@@CHARACTER_SET_CLIENT */;
/*!40101 SET @OLD_CHARACTER_SET_RESULTS=@@CHARACTER_SET_RESULTS */;
/*!40101 SET @OLD_COLLATION_CONNECTION=@@COLLATION_CONNECTION */;
/*!40101 SET NAMES utf8mb4 */;
/*!40103 SET @OLD_TIME_ZONE=@@TIME_ZONE */;
/*!40103 SET TIME_ZONE='+00:00' */;
/*!40014 SET @OLD_UNIQUE_CHECKS=@@UNIQUE_CHECKS, UNIQUE_CHECKS=0 */;
/*!40014 SET @OLD_FOREIGN_KEY_CHECKS=@@FOREIGN_KEY_CHECKS, FOREIGN_KEY_CHECKS=0 */;
/*!40101 SET @OLD_SQL_MODE=@@SQL_MODE, SQL_MODE='NO_AUTO_VALUE_ON_ZERO' */;
/*!40111 SET @OLD_SQL_NOTES=@@SQL_NOTES, SQL_NOTES=0 */;

--
-- Table structure for table `allocation_allocation`
--

DROP TABLE IF EXISTS `allocation_allocation`;
/*!40101 SET @saved_cs_client     = @@character_set_client */;
/*!40101 SET character_set_client = utf8 */;
CREATE TABLE `allocation_allocation` (
  `id` int(11) NOT NULL AUTO_INCREMENT,
  `created` datetime(6) NOT NULL,
  `modified` datetime(6) NOT NULL,
  `quantity` int(11) NOT NULL,
  `start_date` date DEFAULT NULL,
  `end_date` date DEFAULT NULL,
  `justification` longtext NOT NULL,
  `description` varchar(512) DEFAULT NULL,
  `project_id` int(11) NOT NULL,
  `status_id` int(11) NOT NULL,
  `is_locked` tinyint(1) NOT NULL,
  `is_changeable` tinyint(1) NOT NULL,
  PRIMARY KEY (`id`),
  KEY `allocation_allocation_project_id_5e458dcd_fk_project_project_id` (`project_id`),
  KEY `allocation_allocatio_status_id_b406fc52_fk_allocatio` (`status_id`),
  CONSTRAINT `allocation_allocatio_status_id_b406fc52_fk_allocatio` FOREIGN KEY (`status_id`) REFERENCES `allocation_allocationstatuschoice` (`id`),
  CONSTRAINT `allocation_allocation_project_id_5e458dcd_fk_project_project_id` FOREIGN KEY (`project_id`) REFERENCES `project_project` (`id`)
) ENGINE=InnoDB AUTO_INCREMENT=3 DEFAULT CHARSET=latin1 COLLATE=latin1_swedish_ci;
/*!40101 SET character_set_client = @saved_cs_client */;

--
-- Dumping data for table `allocation_allocation`
--

LOCK TABLES `allocation_allocation` WRITE;
/*!40000 ALTER TABLE `allocation_allocation` DISABLE KEYS */;
INSERT INTO `allocation_allocation` VALUES (1,'2023-04-20 20:16:50.751913','2023-06-01 18:37:50.419855',1,'2023-04-20','2023-07-25','computational resources needed for my research','',1,1,0,1),(2,'2023-04-20 20:17:09.624208','2023-04-20 20:19:17.979064',1,'2023-04-20','2024-04-19','shared directory needed for my group','',1,1,0,1);
/*!40000 ALTER TABLE `allocation_allocation` ENABLE KEYS */;
UNLOCK TABLES;

--
-- Table structure for table `allocation_allocation_resources`
--

DROP TABLE IF EXISTS `allocation_allocation_resources`;
/*!40101 SET @saved_cs_client     = @@character_set_client */;
/*!40101 SET character_set_client = utf8 */;
CREATE TABLE `allocation_allocation_resources` (
  `id` int(11) NOT NULL AUTO_INCREMENT,
  `allocation_id` int(11) NOT NULL,
  `resource_id` int(11) NOT NULL,
  PRIMARY KEY (`id`),
  UNIQUE KEY `allocation_allocation_re_allocation_id_resource_i_34baa7b3_uniq` (`allocation_id`,`resource_id`),
  KEY `allocation_allocatio_resource_id_9f98fde7_fk_resource_` (`resource_id`),
  CONSTRAINT `allocation_allocatio_allocation_id_48cd5368_fk_allocatio` FOREIGN KEY (`allocation_id`) REFERENCES `allocation_allocation` (`id`),
  CONSTRAINT `allocation_allocatio_resource_id_9f98fde7_fk_resource_` FOREIGN KEY (`resource_id`) REFERENCES `resource_resource` (`id`)
) ENGINE=InnoDB AUTO_INCREMENT=3 DEFAULT CHARSET=latin1 COLLATE=latin1_swedish_ci;
/*!40101 SET character_set_client = @saved_cs_client */;

--
-- Dumping data for table `allocation_allocation_resources`
--

LOCK TABLES `allocation_allocation_resources` WRITE;
/*!40000 ALTER TABLE `allocation_allocation_resources` DISABLE KEYS */;
INSERT INTO `allocation_allocation_resources` VALUES (1,1,1),(2,2,2);
/*!40000 ALTER TABLE `allocation_allocation_resources` ENABLE KEYS */;
UNLOCK TABLES;

--
-- Table structure for table `allocation_allocationaccount`
--

DROP TABLE IF EXISTS `allocation_allocationaccount`;
/*!40101 SET @saved_cs_client     = @@character_set_client */;
/*!40101 SET character_set_client = utf8 */;
CREATE TABLE `allocation_allocationaccount` (
  `id` int(11) NOT NULL AUTO_INCREMENT,
  `created` datetime(6) NOT NULL,
  `modified` datetime(6) NOT NULL,
  `name` varchar(64) NOT NULL,
  `user_id` int(11) NOT NULL,
  PRIMARY KEY (`id`),
  UNIQUE KEY `name` (`name`),
  KEY `allocation_allocationaccount_user_id_8783d9ae_fk_auth_user_id` (`user_id`),
  CONSTRAINT `allocation_allocationaccount_user_id_8783d9ae_fk_auth_user_id` FOREIGN KEY (`user_id`) REFERENCES `auth_user` (`id`)
) ENGINE=InnoDB DEFAULT CHARSET=latin1 COLLATE=latin1_swedish_ci;
/*!40101 SET character_set_client = @saved_cs_client */;

--
-- Dumping data for table `allocation_allocationaccount`
--

LOCK TABLES `allocation_allocationaccount` WRITE;
/*!40000 ALTER TABLE `allocation_allocationaccount` DISABLE KEYS */;
/*!40000 ALTER TABLE `allocation_allocationaccount` ENABLE KEYS */;
UNLOCK TABLES;

--
-- Table structure for table `allocation_allocationadminnote`
--

DROP TABLE IF EXISTS `allocation_allocationadminnote`;
/*!40101 SET @saved_cs_client     = @@character_set_client */;
/*!40101 SET character_set_client = utf8 */;
CREATE TABLE `allocation_allocationadminnote` (
  `id` int(11) NOT NULL AUTO_INCREMENT,
  `created` datetime(6) NOT NULL,
  `modified` datetime(6) NOT NULL,
  `note` longtext NOT NULL,
  `allocation_id` int(11) NOT NULL,
  `author_id` int(11) NOT NULL,
  PRIMARY KEY (`id`),
  KEY `allocation_allocatio_allocation_id_06fcb8a0_fk_allocatio` (`allocation_id`),
  KEY `allocation_allocatio_author_id_5bfce103_fk_auth_user` (`author_id`),
  CONSTRAINT `allocation_allocatio_allocation_id_06fcb8a0_fk_allocatio` FOREIGN KEY (`allocation_id`) REFERENCES `allocation_allocation` (`id`),
  CONSTRAINT `allocation_allocatio_author_id_5bfce103_fk_auth_user` FOREIGN KEY (`author_id`) REFERENCES `auth_user` (`id`)
) ENGINE=InnoDB DEFAULT CHARSET=latin1 COLLATE=latin1_swedish_ci;
/*!40101 SET character_set_client = @saved_cs_client */;

--
-- Dumping data for table `allocation_allocationadminnote`
--

LOCK TABLES `allocation_allocationadminnote` WRITE;
/*!40000 ALTER TABLE `allocation_allocationadminnote` DISABLE KEYS */;
/*!40000 ALTER TABLE `allocation_allocationadminnote` ENABLE KEYS */;
UNLOCK TABLES;

--
-- Table structure for table `allocation_allocationattribute`
--

DROP TABLE IF EXISTS `allocation_allocationattribute`;
/*!40101 SET @saved_cs_client     = @@character_set_client */;
/*!40101 SET character_set_client = utf8 */;
CREATE TABLE `allocation_allocationattribute` (
  `id` int(11) NOT NULL AUTO_INCREMENT,
  `created` datetime(6) NOT NULL,
  `modified` datetime(6) NOT NULL,
  `value` varchar(128) NOT NULL,
  `allocation_id` int(11) NOT NULL,
  `allocation_attribute_type_id` int(11) NOT NULL,
  PRIMARY KEY (`id`),
  KEY `allocation_allocatio_allocation_attribute_93461ad6_fk_allocatio` (`allocation_attribute_type_id`),
  KEY `allocation_allocatio_allocation_id_13033841_fk_allocatio` (`allocation_id`),
  CONSTRAINT `allocation_allocatio_allocation_attribute_93461ad6_fk_allocatio` FOREIGN KEY (`allocation_attribute_type_id`) REFERENCES `allocation_allocationattributetype` (`id`),
  CONSTRAINT `allocation_allocatio_allocation_id_13033841_fk_allocatio` FOREIGN KEY (`allocation_id`) REFERENCES `allocation_allocation` (`id`)
) ENGINE=InnoDB AUTO_INCREMENT=6 DEFAULT CHARSET=latin1 COLLATE=latin1_swedish_ci;
/*!40101 SET character_set_client = @saved_cs_client */;

--
-- Dumping data for table `allocation_allocationattribute`
--

LOCK TABLES `allocation_allocationattribute` WRITE;
/*!40000 ALTER TABLE `allocation_allocationattribute` DISABLE KEYS */;
INSERT INTO `allocation_allocationattribute` VALUES (1,'2023-04-20 20:17:40.249531','2023-04-20 20:17:40.249531','cgray',1,15),(2,'2023-04-20 20:17:55.646632','2023-04-20 20:17:55.646632','Fairshare=100:DefaultQOS=normal',1,16),(3,'2023-04-20 20:18:12.434673','2023-04-20 20:18:12.434673','Fairshare=parent:DefaultQOS=normal',1,18),(4,'2023-04-20 20:19:08.084215','2023-04-20 20:19:08.084215','/projects/cgray',2,24),(5,'2023-04-20 20:19:15.822191','2023-04-20 20:19:15.822191','1000',2,20);
/*!40000 ALTER TABLE `allocation_allocationattribute` ENABLE KEYS */;
UNLOCK TABLES;

--
-- Table structure for table `allocation_allocationattributechangerequest`
--

DROP TABLE IF EXISTS `allocation_allocationattributechangerequest`;
/*!40101 SET @saved_cs_client     = @@character_set_client */;
/*!40101 SET character_set_client = utf8 */;
CREATE TABLE `allocation_allocationattributechangerequest` (
  `id` int(11) NOT NULL AUTO_INCREMENT,
  `created` datetime(6) NOT NULL,
  `modified` datetime(6) NOT NULL,
  `new_value` varchar(128) NOT NULL,
  `allocation_attribute_id` int(11) NOT NULL,
  `allocation_change_request_id` int(11) NOT NULL,
  PRIMARY KEY (`id`),
  KEY `allocation_allocatio_allocation_attribute_bc328b02_fk_allocatio` (`allocation_attribute_id`),
  KEY `allocation_allocatio_allocation_change_re_fc1fcc16_fk_allocatio` (`allocation_change_request_id`),
  CONSTRAINT `allocation_allocatio_allocation_attribute_bc328b02_fk_allocatio` FOREIGN KEY (`allocation_attribute_id`) REFERENCES `allocation_allocationattribute` (`id`),
  CONSTRAINT `allocation_allocatio_allocation_change_re_fc1fcc16_fk_allocatio` FOREIGN KEY (`allocation_change_request_id`) REFERENCES `allocation_allocationchangerequest` (`id`)
) ENGINE=InnoDB DEFAULT CHARSET=latin1 COLLATE=latin1_swedish_ci;
/*!40101 SET character_set_client = @saved_cs_client */;

--
-- Dumping data for table `allocation_allocationattributechangerequest`
--

LOCK TABLES `allocation_allocationattributechangerequest` WRITE;
/*!40000 ALTER TABLE `allocation_allocationattributechangerequest` DISABLE KEYS */;
/*!40000 ALTER TABLE `allocation_allocationattributechangerequest` ENABLE KEYS */;
UNLOCK TABLES;

--
-- Table structure for table `allocation_allocationattributetype`
--

DROP TABLE IF EXISTS `allocation_allocationattributetype`;
/*!40101 SET @saved_cs_client     = @@character_set_client */;
/*!40101 SET character_set_client = utf8 */;
CREATE TABLE `allocation_allocationattributetype` (
  `id` int(11) NOT NULL AUTO_INCREMENT,
  `created` datetime(6) NOT NULL,
  `modified` datetime(6) NOT NULL,
  `name` varchar(50) NOT NULL,
  `has_usage` tinyint(1) NOT NULL,
  `is_required` tinyint(1) NOT NULL,
  `is_unique` tinyint(1) NOT NULL,
  `is_private` tinyint(1) NOT NULL,
  `attribute_type_id` int(11) NOT NULL,
  `is_changeable` tinyint(1) NOT NULL,
  PRIMARY KEY (`id`),
  KEY `allocation_allocatio_attribute_type_id_732f910f_fk_allocatio` (`attribute_type_id`),
  CONSTRAINT `allocation_allocatio_attribute_type_id_732f910f_fk_allocatio` FOREIGN KEY (`attribute_type_id`) REFERENCES `allocation_attributetype` (`id`)
) ENGINE=InnoDB AUTO_INCREMENT=25 DEFAULT CHARSET=latin1 COLLATE=latin1_swedish_ci;
/*!40101 SET character_set_client = @saved_cs_client */;

--
-- Dumping data for table `allocation_allocationattributetype`
--

LOCK TABLES `allocation_allocationattributetype` WRITE;
/*!40000 ALTER TABLE `allocation_allocationattributetype` DISABLE KEYS */;
INSERT INTO `allocation_allocationattributetype` VALUES (1,'2023-04-20 15:08:38.745531','2023-04-20 15:08:38.745531','Cloud Account Name',0,0,0,0,4,0),(2,'2023-04-20 15:08:38.749845','2023-04-20 15:08:38.749845','CLOUD_USAGE_NOTIFICATION',0,0,0,1,5,0),(3,'2023-04-20 15:08:38.756205','2023-04-20 15:08:38.756205','Core Usage (Hours)',1,0,0,0,3,0),(4,'2023-04-20 15:08:38.760440','2023-04-20 15:08:38.760440','Accelerator Usage (Hours)',1,0,0,0,3,0),(5,'2023-04-20 15:08:38.765854','2023-04-20 15:08:38.765854','Cloud Storage Quota (TB)',1,0,0,0,2,0),(6,'2023-04-20 15:08:38.769733','2023-04-20 15:08:38.769733','EXPIRE NOTIFICATION',0,0,0,1,5,0),(7,'2023-04-20 15:08:38.773879','2023-04-20 15:08:38.773879','freeipa_group',0,0,0,0,4,0),(8,'2023-04-20 15:08:38.778010','2023-04-20 15:08:38.778010','Is Course?',0,0,0,1,5,0),(9,'2023-04-20 15:08:38.781679','2023-04-20 15:08:38.781679','Paid',0,0,0,0,2,0),(10,'2023-04-20 15:08:38.784917','2023-04-20 15:08:38.784917','Paid Cloud Support (Hours)',1,0,0,1,2,0),(11,'2023-04-20 15:08:38.788394','2023-04-20 15:08:38.788394','Paid Network Support (Hours)',1,0,0,1,2,0),(12,'2023-04-20 15:08:38.792944','2023-04-20 15:08:38.792944','Paid Storage Support (Hours)',1,0,0,1,2,0),(13,'2023-04-20 15:08:38.796892','2023-04-20 15:08:38.796892','Purchase Order Number',0,0,0,1,3,0),(14,'2023-04-20 15:08:38.800734','2023-04-20 15:08:38.800734','send_expiry_email_on_date',0,0,0,1,1,0),(15,'2023-04-20 15:08:38.805500','2023-04-20 15:08:38.805500','slurm_account_name',0,0,0,0,4,0),(16,'2023-04-20 15:08:38.809856','2023-04-20 15:08:38.809856','slurm_specs',0,0,0,1,7,0),(17,'2023-04-20 15:08:38.816254','2023-04-20 15:08:38.816254','slurm_specs_attriblist',0,0,0,1,4,0),(18,'2023-04-20 15:08:38.820473','2023-04-20 15:08:38.820473','slurm_user_specs',0,0,0,1,7,0),(19,'2023-04-20 15:08:38.823879','2023-04-20 15:08:38.823879','slurm_user_specs_attriblist',0,0,0,1,4,0),(20,'2023-04-20 15:08:38.827256','2023-04-20 20:14:54.818591','Storage Quota (GB)',0,0,0,0,3,1),(21,'2023-04-20 15:08:38.830944','2023-04-20 15:08:38.830944','Storage_Group_Name',0,0,0,0,4,0),(22,'2023-04-20 15:08:38.835055','2023-04-20 15:08:38.835055','SupportersQOS',0,0,0,0,5,0),(23,'2023-04-20 15:08:38.838528','2023-04-20 15:08:38.838528','SupportersQOSExpireDate',0,0,0,0,1,0),(24,'2023-04-20 20:13:19.682363','2023-04-20 20:13:19.682363','Storage Directory',0,0,0,0,4,0);
/*!40000 ALTER TABLE `allocation_allocationattributetype` ENABLE KEYS */;
UNLOCK TABLES;

--
-- Table structure for table `allocation_allocationattributeusage`
--

DROP TABLE IF EXISTS `allocation_allocationattributeusage`;
/*!40101 SET @saved_cs_client     = @@character_set_client */;
/*!40101 SET character_set_client = utf8 */;
CREATE TABLE `allocation_allocationattributeusage` (
  `created` datetime(6) NOT NULL,
  `modified` datetime(6) NOT NULL,
  `allocation_attribute_id` int(11) NOT NULL,
  `value` double NOT NULL,
  PRIMARY KEY (`allocation_attribute_id`),
  CONSTRAINT `allocation_allocatio_allocation_attribute_179f0a2d_fk_allocatio` FOREIGN KEY (`allocation_attribute_id`) REFERENCES `allocation_allocationattribute` (`id`)
) ENGINE=InnoDB DEFAULT CHARSET=latin1 COLLATE=latin1_swedish_ci;
/*!40101 SET character_set_client = @saved_cs_client */;

--
-- Dumping data for table `allocation_allocationattributeusage`
--

LOCK TABLES `allocation_allocationattributeusage` WRITE;
/*!40000 ALTER TABLE `allocation_allocationattributeusage` DISABLE KEYS */;
/*!40000 ALTER TABLE `allocation_allocationattributeusage` ENABLE KEYS */;
UNLOCK TABLES;

--
-- Table structure for table `allocation_allocationchangerequest`
--

DROP TABLE IF EXISTS `allocation_allocationchangerequest`;
/*!40101 SET @saved_cs_client     = @@character_set_client */;
/*!40101 SET character_set_client = utf8 */;
CREATE TABLE `allocation_allocationchangerequest` (
  `id` int(11) NOT NULL AUTO_INCREMENT,
  `created` datetime(6) NOT NULL,
  `modified` datetime(6) NOT NULL,
  `end_date_extension` int(11) DEFAULT NULL,
  `justification` longtext NOT NULL,
  `notes` varchar(512) DEFAULT NULL,
  `allocation_id` int(11) NOT NULL,
  `status_id` int(11) NOT NULL,
  PRIMARY KEY (`id`),
  KEY `allocation_allocatio_allocation_id_ad985bc4_fk_allocatio` (`allocation_id`),
  KEY `allocation_allocatio_status_id_76aa30bf_fk_allocatio` (`status_id`),
  CONSTRAINT `allocation_allocatio_allocation_id_ad985bc4_fk_allocatio` FOREIGN KEY (`allocation_id`) REFERENCES `allocation_allocation` (`id`),
  CONSTRAINT `allocation_allocatio_status_id_76aa30bf_fk_allocatio` FOREIGN KEY (`status_id`) REFERENCES `allocation_allocationchangestatuschoice` (`id`)
) ENGINE=InnoDB DEFAULT CHARSET=latin1 COLLATE=latin1_swedish_ci;
/*!40101 SET character_set_client = @saved_cs_client */;

--
-- Dumping data for table `allocation_allocationchangerequest`
--

LOCK TABLES `allocation_allocationchangerequest` WRITE;
/*!40000 ALTER TABLE `allocation_allocationchangerequest` DISABLE KEYS */;
/*!40000 ALTER TABLE `allocation_allocationchangerequest` ENABLE KEYS */;
UNLOCK TABLES;

--
-- Table structure for table `allocation_allocationchangestatuschoice`
--

DROP TABLE IF EXISTS `allocation_allocationchangestatuschoice`;
/*!40101 SET @saved_cs_client     = @@character_set_client */;
/*!40101 SET character_set_client = utf8 */;
CREATE TABLE `allocation_allocationchangestatuschoice` (
  `id` int(11) NOT NULL AUTO_INCREMENT,
  `created` datetime(6) NOT NULL,
  `modified` datetime(6) NOT NULL,
  `name` varchar(64) NOT NULL,
  PRIMARY KEY (`id`)
) ENGINE=InnoDB AUTO_INCREMENT=4 DEFAULT CHARSET=latin1 COLLATE=latin1_swedish_ci;
/*!40101 SET character_set_client = @saved_cs_client */;

--
-- Dumping data for table `allocation_allocationchangestatuschoice`
--

LOCK TABLES `allocation_allocationchangestatuschoice` WRITE;
/*!40000 ALTER TABLE `allocation_allocationchangestatuschoice` DISABLE KEYS */;
INSERT INTO `allocation_allocationchangestatuschoice` VALUES (1,'2023-04-20 15:08:35.767131','2023-04-20 15:08:35.767131','Pending'),(2,'2023-04-20 15:08:35.769169','2023-04-20 15:08:35.769169','Approved'),(3,'2023-04-20 15:08:35.770683','2023-04-20 15:08:35.770683','Denied');
/*!40000 ALTER TABLE `allocation_allocationchangestatuschoice` ENABLE KEYS */;
UNLOCK TABLES;

--
-- Table structure for table `allocation_allocationstatuschoice`
--

DROP TABLE IF EXISTS `allocation_allocationstatuschoice`;
/*!40101 SET @saved_cs_client     = @@character_set_client */;
/*!40101 SET character_set_client = utf8 */;
CREATE TABLE `allocation_allocationstatuschoice` (
  `id` int(11) NOT NULL AUTO_INCREMENT,
  `created` datetime(6) NOT NULL,
  `modified` datetime(6) NOT NULL,
  `name` varchar(64) NOT NULL,
  PRIMARY KEY (`id`)
) ENGINE=InnoDB AUTO_INCREMENT=12 DEFAULT CHARSET=latin1 COLLATE=latin1_swedish_ci;
/*!40101 SET character_set_client = @saved_cs_client */;

--
-- Dumping data for table `allocation_allocationstatuschoice`
--

LOCK TABLES `allocation_allocationstatuschoice` WRITE;
/*!40000 ALTER TABLE `allocation_allocationstatuschoice` DISABLE KEYS */;
INSERT INTO `allocation_allocationstatuschoice` VALUES (1,'2023-04-20 15:08:38.710558','2023-04-20 15:08:38.710558','Active'),(2,'2023-04-20 15:08:38.712982','2023-04-20 15:08:38.712982','Denied'),(3,'2023-04-20 15:08:38.715123','2023-04-20 15:08:38.715123','Expired'),(4,'2023-04-20 15:08:38.716856','2023-04-20 15:08:38.716856','New'),(5,'2023-04-20 15:08:38.719040','2023-04-20 15:08:38.719040','Paid'),(6,'2023-04-20 15:08:38.721319','2023-04-20 15:08:38.721319','Payment Pending'),(7,'2023-04-20 15:08:38.723174','2023-04-20 15:08:38.723174','Payment Requested'),(8,'2023-04-20 15:08:38.725357','2023-04-20 15:08:38.725357','Payment Declined'),(9,'2023-04-20 15:08:38.727312','2023-04-20 15:08:38.727312','Renewal Requested'),(10,'2023-04-20 15:08:38.729261','2023-04-20 15:08:38.729261','Revoked'),(11,'2023-04-20 15:08:38.731557','2023-04-20 15:08:38.731557','Unpaid');
/*!40000 ALTER TABLE `allocation_allocationstatuschoice` ENABLE KEYS */;
UNLOCK TABLES;

--
-- Table structure for table `allocation_allocationuser`
--

DROP TABLE IF EXISTS `allocation_allocationuser`;
/*!40101 SET @saved_cs_client     = @@character_set_client */;
/*!40101 SET character_set_client = utf8 */;
CREATE TABLE `allocation_allocationuser` (
  `id` int(11) NOT NULL AUTO_INCREMENT,
  `created` datetime(6) NOT NULL,
  `modified` datetime(6) NOT NULL,
  `allocation_id` int(11) NOT NULL,
  `status_id` int(11) NOT NULL,
  `user_id` int(11) NOT NULL,
  PRIMARY KEY (`id`),
  UNIQUE KEY `allocation_allocationuser_user_id_allocation_id_7228b95f_uniq` (`user_id`,`allocation_id`),
  KEY `allocation_allocatio_allocation_id_cbec4328_fk_allocatio` (`allocation_id`),
  KEY `allocation_allocatio_status_id_2118a472_fk_allocatio` (`status_id`),
  CONSTRAINT `allocation_allocatio_allocation_id_cbec4328_fk_allocatio` FOREIGN KEY (`allocation_id`) REFERENCES `allocation_allocation` (`id`),
  CONSTRAINT `allocation_allocatio_status_id_2118a472_fk_allocatio` FOREIGN KEY (`status_id`) REFERENCES `allocation_allocationuserstatuschoice` (`id`),
  CONSTRAINT `allocation_allocationuser_user_id_41de8fc3_fk_auth_user_id` FOREIGN KEY (`user_id`) REFERENCES `auth_user` (`id`)
) ENGINE=InnoDB AUTO_INCREMENT=3 DEFAULT CHARSET=latin1 COLLATE=latin1_swedish_ci;
/*!40101 SET character_set_client = @saved_cs_client */;

--
-- Dumping data for table `allocation_allocationuser`
--

LOCK TABLES `allocation_allocationuser` WRITE;
/*!40000 ALTER TABLE `allocation_allocationuser` DISABLE KEYS */;
INSERT INTO `allocation_allocationuser` VALUES (1,'2023-04-20 20:16:50.776088','2023-04-20 20:16:50.776088',1,1,3),(2,'2023-04-20 20:17:09.649793','2023-04-20 20:17:09.649793',2,1,3);
/*!40000 ALTER TABLE `allocation_allocationuser` ENABLE KEYS */;
UNLOCK TABLES;

--
-- Table structure for table `allocation_allocationusernote`
--

DROP TABLE IF EXISTS `allocation_allocationusernote`;
/*!40101 SET @saved_cs_client     = @@character_set_client */;
/*!40101 SET character_set_client = utf8 */;
CREATE TABLE `allocation_allocationusernote` (
  `id` int(11) NOT NULL AUTO_INCREMENT,
  `created` datetime(6) NOT NULL,
  `modified` datetime(6) NOT NULL,
  `is_private` tinyint(1) NOT NULL,
  `note` longtext NOT NULL,
  `allocation_id` int(11) NOT NULL,
  `author_id` int(11) NOT NULL,
  PRIMARY KEY (`id`),
  KEY `allocation_allocatio_allocation_id_9c4808b1_fk_allocatio` (`allocation_id`),
  KEY `allocation_allocationusernote_author_id_57b25b8f_fk_auth_user_id` (`author_id`),
  CONSTRAINT `allocation_allocatio_allocation_id_9c4808b1_fk_allocatio` FOREIGN KEY (`allocation_id`) REFERENCES `allocation_allocation` (`id`),
  CONSTRAINT `allocation_allocationusernote_author_id_57b25b8f_fk_auth_user_id` FOREIGN KEY (`author_id`) REFERENCES `auth_user` (`id`)
) ENGINE=InnoDB DEFAULT CHARSET=latin1 COLLATE=latin1_swedish_ci;
/*!40101 SET character_set_client = @saved_cs_client */;

--
-- Dumping data for table `allocation_allocationusernote`
--

LOCK TABLES `allocation_allocationusernote` WRITE;
/*!40000 ALTER TABLE `allocation_allocationusernote` DISABLE KEYS */;
/*!40000 ALTER TABLE `allocation_allocationusernote` ENABLE KEYS */;
UNLOCK TABLES;

--
-- Table structure for table `allocation_allocationuserstatuschoice`
--

DROP TABLE IF EXISTS `allocation_allocationuserstatuschoice`;
/*!40101 SET @saved_cs_client     = @@character_set_client */;
/*!40101 SET character_set_client = utf8 */;
CREATE TABLE `allocation_allocationuserstatuschoice` (
  `id` int(11) NOT NULL AUTO_INCREMENT,
  `created` datetime(6) NOT NULL,
  `modified` datetime(6) NOT NULL,
  `name` varchar(64) NOT NULL,
  PRIMARY KEY (`id`)
) ENGINE=InnoDB AUTO_INCREMENT=4 DEFAULT CHARSET=latin1 COLLATE=latin1_swedish_ci;
/*!40101 SET character_set_client = @saved_cs_client */;

--
-- Dumping data for table `allocation_allocationuserstatuschoice`
--

LOCK TABLES `allocation_allocationuserstatuschoice` WRITE;
/*!40000 ALTER TABLE `allocation_allocationuserstatuschoice` DISABLE KEYS */;
INSERT INTO `allocation_allocationuserstatuschoice` VALUES (1,'2023-04-20 15:08:38.735356','2023-04-20 15:08:38.735356','Active'),(2,'2023-04-20 15:08:38.738652','2023-04-20 15:08:38.738652','Error'),(3,'2023-04-20 15:08:38.742728','2023-04-20 15:08:38.742728','Removed');
/*!40000 ALTER TABLE `allocation_allocationuserstatuschoice` ENABLE KEYS */;
UNLOCK TABLES;

--
-- Table structure for table `allocation_attributetype`
--

DROP TABLE IF EXISTS `allocation_attributetype`;
/*!40101 SET @saved_cs_client     = @@character_set_client */;
/*!40101 SET character_set_client = utf8 */;
CREATE TABLE `allocation_attributetype` (
  `id` int(11) NOT NULL AUTO_INCREMENT,
  `created` datetime(6) NOT NULL,
  `modified` datetime(6) NOT NULL,
  `name` varchar(64) NOT NULL,
  PRIMARY KEY (`id`)
) ENGINE=InnoDB AUTO_INCREMENT=8 DEFAULT CHARSET=latin1 COLLATE=latin1_swedish_ci;
/*!40101 SET character_set_client = @saved_cs_client */;

--
-- Dumping data for table `allocation_attributetype`
--

LOCK TABLES `allocation_attributetype` WRITE;
/*!40000 ALTER TABLE `allocation_attributetype` DISABLE KEYS */;
INSERT INTO `allocation_attributetype` VALUES (1,'2023-04-20 15:08:38.694563','2023-04-20 15:08:38.694563','Date'),(2,'2023-04-20 15:08:38.696496','2023-04-20 15:08:38.696496','Float'),(3,'2023-04-20 15:08:38.699527','2023-04-20 15:08:38.699527','Int'),(4,'2023-04-20 15:08:38.702682','2023-04-20 15:08:38.702682','Text'),(5,'2023-04-20 15:08:38.704560','2023-04-20 15:08:38.704560','Yes/No'),(6,'2023-04-20 15:08:38.706648','2023-04-20 15:08:38.706648','No'),(7,'2023-04-20 15:08:38.708396','2023-04-20 15:08:38.708396','Attribute Expanded Text');
/*!40000 ALTER TABLE `allocation_attributetype` ENABLE KEYS */;
UNLOCK TABLES;

--
-- Table structure for table `allocation_historicalallocation`
--

DROP TABLE IF EXISTS `allocation_historicalallocation`;
/*!40101 SET @saved_cs_client     = @@character_set_client */;
/*!40101 SET character_set_client = utf8 */;
CREATE TABLE `allocation_historicalallocation` (
  `id` int(11) NOT NULL,
  `created` datetime(6) NOT NULL,
  `modified` datetime(6) NOT NULL,
  `quantity` int(11) NOT NULL,
  `start_date` date DEFAULT NULL,
  `end_date` date DEFAULT NULL,
  `justification` longtext NOT NULL,
  `description` varchar(512) DEFAULT NULL,
  `history_id` int(11) NOT NULL AUTO_INCREMENT,
  `history_date` datetime(6) NOT NULL,
  `history_change_reason` varchar(100) DEFAULT NULL,
  `history_type` varchar(1) NOT NULL,
  `history_user_id` int(11) DEFAULT NULL,
  `project_id` int(11) DEFAULT NULL,
  `status_id` int(11) DEFAULT NULL,
  `is_locked` tinyint(1) NOT NULL,
  `is_changeable` tinyint(1) NOT NULL,
  PRIMARY KEY (`history_id`),
  KEY `allocation_historica_history_user_id_61b290ba_fk_auth_user` (`history_user_id`),
  KEY `allocation_historicalallocation_id_d5cad58a` (`id`),
  KEY `allocation_historicalallocation_project_id_de9ddaae` (`project_id`),
  KEY `allocation_historicalallocation_status_id_2d61603b` (`status_id`),
  CONSTRAINT `allocation_historica_history_user_id_61b290ba_fk_auth_user` FOREIGN KEY (`history_user_id`) REFERENCES `auth_user` (`id`)
) ENGINE=InnoDB AUTO_INCREMENT=9 DEFAULT CHARSET=latin1 COLLATE=latin1_swedish_ci;
/*!40101 SET character_set_client = @saved_cs_client */;

--
-- Dumping data for table `allocation_historicalallocation`
--

LOCK TABLES `allocation_historicalallocation` WRITE;
/*!40000 ALTER TABLE `allocation_historicalallocation` DISABLE KEYS */;
INSERT INTO `allocation_historicalallocation` VALUES (1,'2023-04-20 20:16:50.751913','2023-04-20 20:16:50.751913',1,NULL,NULL,'computational resources needed for my research',NULL,1,'2023-04-20 20:16:50.757165',NULL,'+',3,1,4,0,0),(1,'2023-04-20 20:16:50.751913','2023-04-20 20:16:50.762481',1,NULL,NULL,'computational resources needed for my research',NULL,2,'2023-04-20 20:16:50.765013',NULL,'~',3,1,4,0,1),(2,'2023-04-20 20:17:09.624208','2023-04-20 20:17:09.624208',1,NULL,NULL,'shared directory needed for my group',NULL,3,'2023-04-20 20:17:09.629694',NULL,'+',3,1,4,0,0),(2,'2023-04-20 20:17:09.624208','2023-04-20 20:17:09.637786',1,NULL,NULL,'shared directory needed for my group',NULL,4,'2023-04-20 20:17:09.639211',NULL,'~',3,1,4,0,1),(1,'2023-04-20 20:16:50.751913','2023-04-20 20:18:48.276912',1,'2023-04-20','2023-06-01','computational resources needed for my research','',5,'2023-04-20 20:18:48.283440',NULL,'~',2,1,1,0,1),(2,'2023-04-20 20:17:09.624208','2023-04-20 20:19:17.979064',1,'2023-04-20','2024-04-19','shared directory needed for my group','',6,'2023-04-20 20:19:17.982891',NULL,'~',2,1,1,0,1),(1,'2023-04-20 20:16:50.751913','2023-06-01 18:37:45.781165',1,'2023-04-20','2023-08-01','computational resources needed for my research','',7,'2023-06-01 18:37:45.783384',NULL,'~',2,1,1,0,1),(1,'2023-04-20 20:16:50.751913','2023-06-01 18:37:50.419855',1,'2023-04-20','2023-07-25','computational resources needed for my research','',8,'2023-06-01 18:37:50.423504',NULL,'~',2,1,1,0,1);
/*!40000 ALTER TABLE `allocation_historicalallocation` ENABLE KEYS */;
UNLOCK TABLES;

--
-- Table structure for table `allocation_historicalallocationattribute`
--

DROP TABLE IF EXISTS `allocation_historicalallocationattribute`;
/*!40101 SET @saved_cs_client     = @@character_set_client */;
/*!40101 SET character_set_client = utf8 */;
CREATE TABLE `allocation_historicalallocationattribute` (
  `id` int(11) NOT NULL,
  `created` datetime(6) NOT NULL,
  `modified` datetime(6) NOT NULL,
  `value` varchar(128) NOT NULL,
  `history_id` int(11) NOT NULL AUTO_INCREMENT,
  `history_date` datetime(6) NOT NULL,
  `history_change_reason` varchar(100) DEFAULT NULL,
  `history_type` varchar(1) NOT NULL,
  `allocation_id` int(11) DEFAULT NULL,
  `allocation_attribute_type_id` int(11) DEFAULT NULL,
  `history_user_id` int(11) DEFAULT NULL,
  PRIMARY KEY (`history_id`),
  KEY `allocation_historica_history_user_id_07ffa88b_fk_auth_user` (`history_user_id`),
  KEY `allocation_historicalallocationattribute_id_b7d328ef` (`id`),
  KEY `allocation_historicalallocationattribute_allocation_id_6d6668ce` (`allocation_id`),
  KEY `allocation_historicalalloca_allocation_attribute_type_i_220f16e6` (`allocation_attribute_type_id`),
  CONSTRAINT `allocation_historica_history_user_id_07ffa88b_fk_auth_user` FOREIGN KEY (`history_user_id`) REFERENCES `auth_user` (`id`)
) ENGINE=InnoDB AUTO_INCREMENT=6 DEFAULT CHARSET=latin1 COLLATE=latin1_swedish_ci;
/*!40101 SET character_set_client = @saved_cs_client */;

--
-- Dumping data for table `allocation_historicalallocationattribute`
--

LOCK TABLES `allocation_historicalallocationattribute` WRITE;
/*!40000 ALTER TABLE `allocation_historicalallocationattribute` DISABLE KEYS */;
INSERT INTO `allocation_historicalallocationattribute` VALUES (1,'2023-04-20 20:17:40.249531','2023-04-20 20:17:40.249531','cgray',1,'2023-04-20 20:17:40.258000',NULL,'+',1,15,2),(2,'2023-04-20 20:17:55.646632','2023-04-20 20:17:55.646632','Fairshare=100:DefaultQOS=normal',2,'2023-04-20 20:17:55.655590',NULL,'+',1,16,2),(3,'2023-04-20 20:18:12.434673','2023-04-20 20:18:12.434673','Fairshare=parent:DefaultQOS=normal',3,'2023-04-20 20:18:12.442774',NULL,'+',1,18,2),(4,'2023-04-20 20:19:08.084215','2023-04-20 20:19:08.084215','/projects/cgray',4,'2023-04-20 20:19:08.090906',NULL,'+',2,24,2),(5,'2023-04-20 20:19:15.822191','2023-04-20 20:19:15.822191','1000',5,'2023-04-20 20:19:15.830349',NULL,'+',2,20,2);
/*!40000 ALTER TABLE `allocation_historicalallocationattribute` ENABLE KEYS */;
UNLOCK TABLES;

--
-- Table structure for table `allocation_historicalallocationattributechangerequest`
--

DROP TABLE IF EXISTS `allocation_historicalallocationattributechangerequest`;
/*!40101 SET @saved_cs_client     = @@character_set_client */;
/*!40101 SET character_set_client = utf8 */;
CREATE TABLE `allocation_historicalallocationattributechangerequest` (
  `id` int(11) NOT NULL,
  `created` datetime(6) NOT NULL,
  `modified` datetime(6) NOT NULL,
  `new_value` varchar(128) NOT NULL,
  `history_id` int(11) NOT NULL AUTO_INCREMENT,
  `history_date` datetime(6) NOT NULL,
  `history_change_reason` varchar(100) DEFAULT NULL,
  `history_type` varchar(1) NOT NULL,
  `allocation_attribute_id` int(11) DEFAULT NULL,
  `allocation_change_request_id` int(11) DEFAULT NULL,
  `history_user_id` int(11) DEFAULT NULL,
  PRIMARY KEY (`history_id`),
  KEY `allocation_historica_history_user_id_eb8e7771_fk_auth_user` (`history_user_id`),
  KEY `allocation_historicalalloca_id_c82de47a` (`id`),
  KEY `allocation_historicalalloca_allocation_attribute_id_63107191` (`allocation_attribute_id`),
  KEY `allocation_historicalalloca_allocation_change_request_i_0833ddb6` (`allocation_change_request_id`),
  CONSTRAINT `allocation_historica_history_user_id_eb8e7771_fk_auth_user` FOREIGN KEY (`history_user_id`) REFERENCES `auth_user` (`id`)
) ENGINE=InnoDB DEFAULT CHARSET=latin1 COLLATE=latin1_swedish_ci;
/*!40101 SET character_set_client = @saved_cs_client */;

--
-- Dumping data for table `allocation_historicalallocationattributechangerequest`
--

LOCK TABLES `allocation_historicalallocationattributechangerequest` WRITE;
/*!40000 ALTER TABLE `allocation_historicalallocationattributechangerequest` DISABLE KEYS */;
/*!40000 ALTER TABLE `allocation_historicalallocationattributechangerequest` ENABLE KEYS */;
UNLOCK TABLES;

--
-- Table structure for table `allocation_historicalallocationattributetype`
--

DROP TABLE IF EXISTS `allocation_historicalallocationattributetype`;
/*!40101 SET @saved_cs_client     = @@character_set_client */;
/*!40101 SET character_set_client = utf8 */;
CREATE TABLE `allocation_historicalallocationattributetype` (
  `id` int(11) NOT NULL,
  `created` datetime(6) NOT NULL,
  `modified` datetime(6) NOT NULL,
  `name` varchar(50) NOT NULL,
  `has_usage` tinyint(1) NOT NULL,
  `is_required` tinyint(1) NOT NULL,
  `is_unique` tinyint(1) NOT NULL,
  `is_private` tinyint(1) NOT NULL,
  `history_id` int(11) NOT NULL AUTO_INCREMENT,
  `history_date` datetime(6) NOT NULL,
  `history_change_reason` varchar(100) DEFAULT NULL,
  `history_type` varchar(1) NOT NULL,
  `attribute_type_id` int(11) DEFAULT NULL,
  `history_user_id` int(11) DEFAULT NULL,
  `is_changeable` tinyint(1) NOT NULL,
  PRIMARY KEY (`history_id`),
  KEY `allocation_historica_history_user_id_954dbf55_fk_auth_user` (`history_user_id`),
  KEY `allocation_historicalallocationattributetype_id_14588cf3` (`id`),
  KEY `allocation_historicalalloca_attribute_type_id_c73541d0` (`attribute_type_id`),
  CONSTRAINT `allocation_historica_history_user_id_954dbf55_fk_auth_user` FOREIGN KEY (`history_user_id`) REFERENCES `auth_user` (`id`)
) ENGINE=InnoDB AUTO_INCREMENT=26 DEFAULT CHARSET=latin1 COLLATE=latin1_swedish_ci;
/*!40101 SET character_set_client = @saved_cs_client */;

--
-- Dumping data for table `allocation_historicalallocationattributetype`
--

LOCK TABLES `allocation_historicalallocationattributetype` WRITE;
/*!40000 ALTER TABLE `allocation_historicalallocationattributetype` DISABLE KEYS */;
INSERT INTO `allocation_historicalallocationattributetype` VALUES (1,'2023-04-20 15:08:38.745531','2023-04-20 15:08:38.745531','Cloud Account Name',0,0,0,0,1,'2023-04-20 15:08:38.746064',NULL,'+',4,NULL,0),(2,'2023-04-20 15:08:38.749845','2023-04-20 15:08:38.749845','CLOUD_USAGE_NOTIFICATION',0,0,0,1,2,'2023-04-20 15:08:38.750515',NULL,'+',5,NULL,0),(3,'2023-04-20 15:08:38.756205','2023-04-20 15:08:38.756205','Core Usage (Hours)',1,0,0,0,3,'2023-04-20 15:08:38.756617',NULL,'+',3,NULL,0),(4,'2023-04-20 15:08:38.760440','2023-04-20 15:08:38.760440','Accelerator Usage (Hours)',1,0,0,0,4,'2023-04-20 15:08:38.760862',NULL,'+',3,NULL,0),(5,'2023-04-20 15:08:38.765854','2023-04-20 15:08:38.765854','Cloud Storage Quota (TB)',1,0,0,0,5,'2023-04-20 15:08:38.766263',NULL,'+',2,NULL,0),(6,'2023-04-20 15:08:38.769733','2023-04-20 15:08:38.769733','EXPIRE NOTIFICATION',0,0,0,1,6,'2023-04-20 15:08:38.770173',NULL,'+',5,NULL,0),(7,'2023-04-20 15:08:38.773879','2023-04-20 15:08:38.773879','freeipa_group',0,0,0,0,7,'2023-04-20 15:08:38.774292',NULL,'+',4,NULL,0),(8,'2023-04-20 15:08:38.778010','2023-04-20 15:08:38.778010','Is Course?',0,0,0,1,8,'2023-04-20 15:08:38.778383',NULL,'+',5,NULL,0),(9,'2023-04-20 15:08:38.781679','2023-04-20 15:08:38.781679','Paid',0,0,0,0,9,'2023-04-20 15:08:38.782065',NULL,'+',2,NULL,0),(10,'2023-04-20 15:08:38.784917','2023-04-20 15:08:38.784917','Paid Cloud Support (Hours)',1,0,0,1,10,'2023-04-20 15:08:38.785309',NULL,'+',2,NULL,0),(11,'2023-04-20 15:08:38.788394','2023-04-20 15:08:38.788394','Paid Network Support (Hours)',1,0,0,1,11,'2023-04-20 15:08:38.788799',NULL,'+',2,NULL,0),(12,'2023-04-20 15:08:38.792944','2023-04-20 15:08:38.792944','Paid Storage Support (Hours)',1,0,0,1,12,'2023-04-20 15:08:38.793349',NULL,'+',2,NULL,0),(13,'2023-04-20 15:08:38.796892','2023-04-20 15:08:38.796892','Purchase Order Number',0,0,0,1,13,'2023-04-20 15:08:38.797314',NULL,'+',3,NULL,0),(14,'2023-04-20 15:08:38.800734','2023-04-20 15:08:38.800734','send_expiry_email_on_date',0,0,0,1,14,'2023-04-20 15:08:38.801311',NULL,'+',1,NULL,0),(15,'2023-04-20 15:08:38.805500','2023-04-20 15:08:38.805500','slurm_account_name',0,0,0,0,15,'2023-04-20 15:08:38.805944',NULL,'+',4,NULL,0),(16,'2023-04-20 15:08:38.809856','2023-04-20 15:08:38.809856','slurm_specs',0,0,0,1,16,'2023-04-20 15:08:38.810332',NULL,'+',7,NULL,0),(17,'2023-04-20 15:08:38.816254','2023-04-20 15:08:38.816254','slurm_specs_attriblist',0,0,0,1,17,'2023-04-20 15:08:38.816774',NULL,'+',4,NULL,0),(18,'2023-04-20 15:08:38.820473','2023-04-20 15:08:38.820473','slurm_user_specs',0,0,0,1,18,'2023-04-20 15:08:38.820893',NULL,'+',7,NULL,0),(19,'2023-04-20 15:08:38.823879','2023-04-20 15:08:38.823879','slurm_user_specs_attriblist',0,0,0,1,19,'2023-04-20 15:08:38.824305',NULL,'+',4,NULL,0),(20,'2023-04-20 15:08:38.827256','2023-04-20 15:08:38.827256','Storage Quota (GB)',0,0,0,0,20,'2023-04-20 15:08:38.827731',NULL,'+',3,NULL,0),(21,'2023-04-20 15:08:38.830944','2023-04-20 15:08:38.830944','Storage_Group_Name',0,0,0,0,21,'2023-04-20 15:08:38.831346',NULL,'+',4,NULL,0),(22,'2023-04-20 15:08:38.835055','2023-04-20 15:08:38.835055','SupportersQOS',0,0,0,0,22,'2023-04-20 15:08:38.835462',NULL,'+',5,NULL,0),(23,'2023-04-20 15:08:38.838528','2023-04-20 15:08:38.838528','SupportersQOSExpireDate',0,0,0,0,23,'2023-04-20 15:08:38.838949',NULL,'+',1,NULL,0),(24,'2023-04-20 20:13:19.682363','2023-04-20 20:13:19.682363','Storage Directory',0,0,0,0,24,'2023-04-20 20:13:19.686423',NULL,'+',4,1,0),(20,'2023-04-20 15:08:38.827256','2023-04-20 20:14:54.818591','Storage Quota (GB)',0,0,0,0,25,'2023-04-20 20:14:54.819580',NULL,'~',3,1,1);
/*!40000 ALTER TABLE `allocation_historicalallocationattributetype` ENABLE KEYS */;
UNLOCK TABLES;

--
-- Table structure for table `allocation_historicalallocationattributeusage`
--

DROP TABLE IF EXISTS `allocation_historicalallocationattributeusage`;
/*!40101 SET @saved_cs_client     = @@character_set_client */;
/*!40101 SET character_set_client = utf8 */;
CREATE TABLE `allocation_historicalallocationattributeusage` (
  `created` datetime(6) NOT NULL,
  `modified` datetime(6) NOT NULL,
  `value` double NOT NULL,
  `history_id` int(11) NOT NULL AUTO_INCREMENT,
  `history_date` datetime(6) NOT NULL,
  `history_change_reason` varchar(100) DEFAULT NULL,
  `history_type` varchar(1) NOT NULL,
  `allocation_attribute_id` int(11) DEFAULT NULL,
  `history_user_id` int(11) DEFAULT NULL,
  PRIMARY KEY (`history_id`),
  KEY `allocation_historica_history_user_id_842acff8_fk_auth_user` (`history_user_id`),
  KEY `allocation_historicalalloca_allocation_attribute_id_777fa750` (`allocation_attribute_id`),
  CONSTRAINT `allocation_historica_history_user_id_842acff8_fk_auth_user` FOREIGN KEY (`history_user_id`) REFERENCES `auth_user` (`id`)
) ENGINE=InnoDB DEFAULT CHARSET=latin1 COLLATE=latin1_swedish_ci;
/*!40101 SET character_set_client = @saved_cs_client */;

--
-- Dumping data for table `allocation_historicalallocationattributeusage`
--

LOCK TABLES `allocation_historicalallocationattributeusage` WRITE;
/*!40000 ALTER TABLE `allocation_historicalallocationattributeusage` DISABLE KEYS */;
/*!40000 ALTER TABLE `allocation_historicalallocationattributeusage` ENABLE KEYS */;
UNLOCK TABLES;

--
-- Table structure for table `allocation_historicalallocationchangerequest`
--

DROP TABLE IF EXISTS `allocation_historicalallocationchangerequest`;
/*!40101 SET @saved_cs_client     = @@character_set_client */;
/*!40101 SET character_set_client = utf8 */;
CREATE TABLE `allocation_historicalallocationchangerequest` (
  `id` int(11) NOT NULL,
  `created` datetime(6) NOT NULL,
  `modified` datetime(6) NOT NULL,
  `end_date_extension` int(11) DEFAULT NULL,
  `justification` longtext NOT NULL,
  `notes` varchar(512) DEFAULT NULL,
  `history_id` int(11) NOT NULL AUTO_INCREMENT,
  `history_date` datetime(6) NOT NULL,
  `history_change_reason` varchar(100) DEFAULT NULL,
  `history_type` varchar(1) NOT NULL,
  `allocation_id` int(11) DEFAULT NULL,
  `history_user_id` int(11) DEFAULT NULL,
  `status_id` int(11) DEFAULT NULL,
  PRIMARY KEY (`history_id`),
  KEY `allocation_historica_history_user_id_089040a8_fk_auth_user` (`history_user_id`),
  KEY `allocation_historicalallocationchangerequest_id_da47945f` (`id`),
  KEY `allocation_historicalalloca_allocation_id_06dfdbf8` (`allocation_id`),
  KEY `allocation_historicalallocationchangerequest_status_id_e548aa4b` (`status_id`),
  CONSTRAINT `allocation_historica_history_user_id_089040a8_fk_auth_user` FOREIGN KEY (`history_user_id`) REFERENCES `auth_user` (`id`)
) ENGINE=InnoDB DEFAULT CHARSET=latin1 COLLATE=latin1_swedish_ci;
/*!40101 SET character_set_client = @saved_cs_client */;

--
-- Dumping data for table `allocation_historicalallocationchangerequest`
--

LOCK TABLES `allocation_historicalallocationchangerequest` WRITE;
/*!40000 ALTER TABLE `allocation_historicalallocationchangerequest` DISABLE KEYS */;
/*!40000 ALTER TABLE `allocation_historicalallocationchangerequest` ENABLE KEYS */;
UNLOCK TABLES;

--
-- Table structure for table `allocation_historicalallocationuser`
--

DROP TABLE IF EXISTS `allocation_historicalallocationuser`;
/*!40101 SET @saved_cs_client     = @@character_set_client */;
/*!40101 SET character_set_client = utf8 */;
CREATE TABLE `allocation_historicalallocationuser` (
  `id` int(11) NOT NULL,
  `created` datetime(6) NOT NULL,
  `modified` datetime(6) NOT NULL,
  `history_id` int(11) NOT NULL AUTO_INCREMENT,
  `history_date` datetime(6) NOT NULL,
  `history_change_reason` varchar(100) DEFAULT NULL,
  `history_type` varchar(1) NOT NULL,
  `allocation_id` int(11) DEFAULT NULL,
  `history_user_id` int(11) DEFAULT NULL,
  `status_id` int(11) DEFAULT NULL,
  `user_id` int(11) DEFAULT NULL,
  PRIMARY KEY (`history_id`),
  KEY `allocation_historica_history_user_id_855d3b19_fk_auth_user` (`history_user_id`),
  KEY `allocation_historicalallocationuser_id_b8f3ad63` (`id`),
  KEY `allocation_historicalallocationuser_allocation_id_131d8e6b` (`allocation_id`),
  KEY `allocation_historicalallocationuser_status_id_8ba69c0f` (`status_id`),
  KEY `allocation_historicalallocationuser_user_id_64117d10` (`user_id`),
  CONSTRAINT `allocation_historica_history_user_id_855d3b19_fk_auth_user` FOREIGN KEY (`history_user_id`) REFERENCES `auth_user` (`id`)
) ENGINE=InnoDB AUTO_INCREMENT=3 DEFAULT CHARSET=latin1 COLLATE=latin1_swedish_ci;
/*!40101 SET character_set_client = @saved_cs_client */;

--
-- Dumping data for table `allocation_historicalallocationuser`
--

LOCK TABLES `allocation_historicalallocationuser` WRITE;
/*!40000 ALTER TABLE `allocation_historicalallocationuser` DISABLE KEYS */;
INSERT INTO `allocation_historicalallocationuser` VALUES (1,'2023-04-20 20:16:50.776088','2023-04-20 20:16:50.776088',1,'2023-04-20 20:16:50.777656',NULL,'+',1,3,1,3),(2,'2023-04-20 20:17:09.649793','2023-04-20 20:17:09.649793',2,'2023-04-20 20:17:09.652112',NULL,'+',2,3,1,3);
/*!40000 ALTER TABLE `allocation_historicalallocationuser` ENABLE KEYS */;
UNLOCK TABLES;

--
-- Table structure for table `auth_group`
--

DROP TABLE IF EXISTS `auth_group`;
/*!40101 SET @saved_cs_client     = @@character_set_client */;
/*!40101 SET character_set_client = utf8 */;
CREATE TABLE `auth_group` (
  `id` int(11) NOT NULL AUTO_INCREMENT,
  `name` varchar(150) NOT NULL,
  PRIMARY KEY (`id`),
  UNIQUE KEY `name` (`name`)
) ENGINE=InnoDB DEFAULT CHARSET=latin1 COLLATE=latin1_swedish_ci;
/*!40101 SET character_set_client = @saved_cs_client */;

--
-- Dumping data for table `auth_group`
--

LOCK TABLES `auth_group` WRITE;
/*!40000 ALTER TABLE `auth_group` DISABLE KEYS */;
/*!40000 ALTER TABLE `auth_group` ENABLE KEYS */;
UNLOCK TABLES;

--
-- Table structure for table `auth_group_permissions`
--

DROP TABLE IF EXISTS `auth_group_permissions`;
/*!40101 SET @saved_cs_client     = @@character_set_client */;
/*!40101 SET character_set_client = utf8 */;
CREATE TABLE `auth_group_permissions` (
  `id` int(11) NOT NULL AUTO_INCREMENT,
  `group_id` int(11) NOT NULL,
  `permission_id` int(11) NOT NULL,
  PRIMARY KEY (`id`),
  UNIQUE KEY `auth_group_permissions_group_id_permission_id_0cd325b0_uniq` (`group_id`,`permission_id`),
  KEY `auth_group_permissio_permission_id_84c5c92e_fk_auth_perm` (`permission_id`),
  CONSTRAINT `auth_group_permissio_permission_id_84c5c92e_fk_auth_perm` FOREIGN KEY (`permission_id`) REFERENCES `auth_permission` (`id`),
  CONSTRAINT `auth_group_permissions_group_id_b120cbf9_fk_auth_group_id` FOREIGN KEY (`group_id`) REFERENCES `auth_group` (`id`)
) ENGINE=InnoDB DEFAULT CHARSET=latin1 COLLATE=latin1_swedish_ci;
/*!40101 SET character_set_client = @saved_cs_client */;

--
-- Dumping data for table `auth_group_permissions`
--

LOCK TABLES `auth_group_permissions` WRITE;
/*!40000 ALTER TABLE `auth_group_permissions` DISABLE KEYS */;
/*!40000 ALTER TABLE `auth_group_permissions` ENABLE KEYS */;
UNLOCK TABLES;

--
-- Table structure for table `auth_permission`
--

DROP TABLE IF EXISTS `auth_permission`;
/*!40101 SET @saved_cs_client     = @@character_set_client */;
/*!40101 SET character_set_client = utf8 */;
CREATE TABLE `auth_permission` (
  `id` int(11) NOT NULL AUTO_INCREMENT,
  `name` varchar(255) NOT NULL,
  `content_type_id` int(11) NOT NULL,
  `codename` varchar(100) NOT NULL,
  PRIMARY KEY (`id`),
  UNIQUE KEY `auth_permission_content_type_id_codename_01ab375a_uniq` (`content_type_id`,`codename`),
  CONSTRAINT `auth_permission_content_type_id_2f476e4b_fk_django_co` FOREIGN KEY (`content_type_id`) REFERENCES `django_content_type` (`id`)
) ENGINE=InnoDB AUTO_INCREMENT=291 DEFAULT CHARSET=latin1 COLLATE=latin1_swedish_ci;
/*!40101 SET character_set_client = @saved_cs_client */;

--
-- Dumping data for table `auth_permission`
--

LOCK TABLES `auth_permission` WRITE;
/*!40000 ALTER TABLE `auth_permission` DISABLE KEYS */;
INSERT INTO `auth_permission` VALUES (1,'Can add log entry',1,'add_logentry'),(2,'Can change log entry',1,'change_logentry'),(3,'Can delete log entry',1,'delete_logentry'),(4,'Can view log entry',1,'view_logentry'),(5,'Can add permission',2,'add_permission'),(6,'Can change permission',2,'change_permission'),(7,'Can delete permission',2,'delete_permission'),(8,'Can view permission',2,'view_permission'),(9,'Can add group',3,'add_group'),(10,'Can change group',3,'change_group'),(11,'Can delete group',3,'delete_group'),(12,'Can view group',3,'view_group'),(13,'Can add user',4,'add_user'),(14,'Can change user',4,'change_user'),(15,'Can delete user',4,'delete_user'),(16,'Can view user',4,'view_user'),(17,'Can add content type',5,'add_contenttype'),(18,'Can change content type',5,'change_contenttype'),(19,'Can delete content type',5,'delete_contenttype'),(20,'Can view content type',5,'view_contenttype'),(21,'Can add session',6,'add_session'),(22,'Can change session',6,'change_session'),(23,'Can delete session',6,'delete_session'),(24,'Can view session',6,'view_session'),(25,'Can add Scheduled task',7,'add_schedule'),(26,'Can change Scheduled task',7,'change_schedule'),(27,'Can delete Scheduled task',7,'delete_schedule'),(28,'Can view Scheduled task',7,'view_schedule'),(29,'Can add task',8,'add_task'),(30,'Can change task',8,'change_task'),(31,'Can delete task',8,'delete_task'),(32,'Can view task',8,'view_task'),(33,'Can add Failed task',9,'add_failure'),(34,'Can change Failed task',9,'change_failure'),(35,'Can delete Failed task',9,'delete_failure'),(36,'Can view Failed task',9,'view_failure'),(37,'Can add Successful task',10,'add_success'),(38,'Can change Successful task',10,'change_success'),(39,'Can delete Successful task',10,'delete_success'),(40,'Can view Successful task',10,'view_success'),(41,'Can add Queued task',11,'add_ormq'),(42,'Can change Queued task',11,'change_ormq'),(43,'Can delete Queued task',11,'delete_ormq'),(44,'Can view Queued task',11,'view_ormq'),(45,'Can add user profile',12,'add_userprofile'),(46,'Can change user profile',12,'change_userprofile'),(47,'Can delete user profile',12,'delete_userprofile'),(48,'Can view user profile',12,'view_userprofile'),(49,'Can add field of science',13,'add_fieldofscience'),(50,'Can change field of science',13,'change_fieldofscience'),(51,'Can delete field of science',13,'delete_fieldofscience'),(52,'Can view field of science',13,'view_fieldofscience'),(53,'Can add project',14,'add_project'),(54,'Can change project',14,'change_project'),(55,'Can delete project',14,'delete_project'),(56,'Can view project',14,'view_project'),(57,'Can view all projects',14,'can_view_all_projects'),(58,'Can review pending project reviews',14,'can_review_pending_project_reviews'),(59,'Can add project review status choice',15,'add_projectreviewstatuschoice'),(60,'Can change project review status choice',15,'change_projectreviewstatuschoice'),(61,'Can delete project review status choice',15,'delete_projectreviewstatuschoice'),(62,'Can view project review status choice',15,'view_projectreviewstatuschoice'),(63,'Can add project status choice',16,'add_projectstatuschoice'),(64,'Can change project status choice',16,'change_projectstatuschoice'),(65,'Can delete project status choice',16,'delete_projectstatuschoice'),(66,'Can view project status choice',16,'view_projectstatuschoice'),(67,'Can add project user role choice',17,'add_projectuserrolechoice'),(68,'Can change project user role choice',17,'change_projectuserrolechoice'),(69,'Can delete project user role choice',17,'delete_projectuserrolechoice'),(70,'Can view project user role choice',17,'view_projectuserrolechoice'),(71,'Can add project user status choice',18,'add_projectuserstatuschoice'),(72,'Can change project user status choice',18,'change_projectuserstatuschoice'),(73,'Can delete project user status choice',18,'delete_projectuserstatuschoice'),(74,'Can view project user status choice',18,'view_projectuserstatuschoice'),(75,'Can add project user message',19,'add_projectusermessage'),(76,'Can change project user message',19,'change_projectusermessage'),(77,'Can delete project user message',19,'delete_projectusermessage'),(78,'Can view project user message',19,'view_projectusermessage'),(79,'Can add project review',20,'add_projectreview'),(80,'Can change project review',20,'change_projectreview'),(81,'Can delete project review',20,'delete_projectreview'),(82,'Can view project review',20,'view_projectreview'),(83,'Can add project admin comment',21,'add_projectadmincomment'),(84,'Can change project admin comment',21,'change_projectadmincomment'),(85,'Can delete project admin comment',21,'delete_projectadmincomment'),(86,'Can view project admin comment',21,'view_projectadmincomment'),(87,'Can add historical project user',22,'add_historicalprojectuser'),(88,'Can change historical project user',22,'change_historicalprojectuser'),(89,'Can delete historical project user',22,'delete_historicalprojectuser'),(90,'Can view historical project user',22,'view_historicalprojectuser'),(91,'Can add historical project review',23,'add_historicalprojectreview'),(92,'Can change historical project review',23,'change_historicalprojectreview'),(93,'Can delete historical project review',23,'delete_historicalprojectreview'),(94,'Can view historical project review',23,'view_historicalprojectreview'),(95,'Can add historical project',24,'add_historicalproject'),(96,'Can change historical project',24,'change_historicalproject'),(97,'Can delete historical project',24,'delete_historicalproject'),(98,'Can view historical project',24,'view_historicalproject'),(99,'Can add project user',25,'add_projectuser'),(100,'Can change project user',25,'change_projectuser'),(101,'Can delete project user',25,'delete_projectuser'),(102,'Can view project user',25,'view_projectuser'),(103,'Can add attribute type',26,'add_attributetype'),(104,'Can change attribute type',26,'change_attributetype'),(105,'Can delete attribute type',26,'delete_attributetype'),(106,'Can view attribute type',26,'view_attributetype'),(107,'Can add project attribute',27,'add_projectattribute'),(108,'Can change project attribute',27,'change_projectattribute'),(109,'Can delete project attribute',27,'delete_projectattribute'),(110,'Can view project attribute',27,'view_projectattribute'),(111,'Can add project attribute usage',28,'add_projectattributeusage'),(112,'Can change project attribute usage',28,'change_projectattributeusage'),(113,'Can delete project attribute usage',28,'delete_projectattributeusage'),(114,'Can view project attribute usage',28,'view_projectattributeusage'),(115,'Can add project attribute type',29,'add_projectattributetype'),(116,'Can change project attribute type',29,'change_projectattributetype'),(117,'Can delete project attribute type',29,'delete_projectattributetype'),(118,'Can view project attribute type',29,'view_projectattributetype'),(119,'Can add historical project attribute usage',30,'add_historicalprojectattributeusage'),(120,'Can change historical project attribute usage',30,'change_historicalprojectattributeusage'),(121,'Can delete historical project attribute usage',30,'delete_historicalprojectattributeusage'),(122,'Can view historical project attribute usage',30,'view_historicalprojectattributeusage'),(123,'Can add historical project attribute type',31,'add_historicalprojectattributetype'),(124,'Can change historical project attribute type',31,'change_historicalprojectattributetype'),(125,'Can delete historical project attribute type',31,'delete_historicalprojectattributetype'),(126,'Can view historical project attribute type',31,'view_historicalprojectattributetype'),(127,'Can add historical project attribute',32,'add_historicalprojectattribute'),(128,'Can change historical project attribute',32,'change_historicalprojectattribute'),(129,'Can delete historical project attribute',32,'delete_historicalprojectattribute'),(130,'Can view historical project attribute',32,'view_historicalprojectattribute'),(131,'Can add attribute type',33,'add_attributetype'),(132,'Can change attribute type',33,'change_attributetype'),(133,'Can delete attribute type',33,'delete_attributetype'),(134,'Can view attribute type',33,'view_attributetype'),(135,'Can add resource type',34,'add_resourcetype'),(136,'Can change resource type',34,'change_resourcetype'),(137,'Can delete resource type',34,'delete_resourcetype'),(138,'Can view resource type',34,'view_resourcetype'),(139,'Can add resource attribute type',35,'add_resourceattributetype'),(140,'Can change resource attribute type',35,'change_resourceattributetype'),(141,'Can delete resource attribute type',35,'delete_resourceattributetype'),(142,'Can view resource attribute type',35,'view_resourceattributetype'),(143,'Can add resource',36,'add_resource'),(144,'Can change resource',36,'change_resource'),(145,'Can delete resource',36,'delete_resource'),(146,'Can view resource',36,'view_resource'),(147,'Can add historical resource type',37,'add_historicalresourcetype'),(148,'Can change historical resource type',37,'change_historicalresourcetype'),(149,'Can delete historical resource type',37,'delete_historicalresourcetype'),(150,'Can view historical resource type',37,'view_historicalresourcetype'),(151,'Can add historical resource attribute type',38,'add_historicalresourceattributetype'),(152,'Can change historical resource attribute type',38,'change_historicalresourceattributetype'),(153,'Can delete historical resource attribute type',38,'delete_historicalresourceattributetype'),(154,'Can view historical resource attribute type',38,'view_historicalresourceattributetype'),(155,'Can add historical resource attribute',39,'add_historicalresourceattribute'),(156,'Can change historical resource attribute',39,'change_historicalresourceattribute'),(157,'Can delete historical resource attribute',39,'delete_historicalresourceattribute'),(158,'Can view historical resource attribute',39,'view_historicalresourceattribute'),(159,'Can add historical resource',40,'add_historicalresource'),(160,'Can change historical resource',40,'change_historicalresource'),(161,'Can delete historical resource',40,'delete_historicalresource'),(162,'Can view historical resource',40,'view_historicalresource'),(163,'Can add resource attribute',41,'add_resourceattribute'),(164,'Can change resource attribute',41,'change_resourceattribute'),(165,'Can delete resource attribute',41,'delete_resourceattribute'),(166,'Can view resource attribute',41,'view_resourceattribute'),(167,'Can add allocation',42,'add_allocation'),(168,'Can change allocation',42,'change_allocation'),(169,'Can delete allocation',42,'delete_allocation'),(170,'Can view allocation',42,'view_allocation'),(171,'Can view all allocations',42,'can_view_all_allocations'),(172,'Can review allocation requests',42,'can_review_allocation_requests'),(173,'Can manage invoice',42,'can_manage_invoice'),(174,'Can add allocation attribute',43,'add_allocationattribute'),(175,'Can change allocation attribute',43,'change_allocationattribute'),(176,'Can delete allocation attribute',43,'delete_allocationattribute'),(177,'Can view allocation attribute',43,'view_allocationattribute'),(178,'Can add allocation attribute type',44,'add_allocationattributetype'),(179,'Can change allocation attribute type',44,'change_allocationattributetype'),(180,'Can delete allocation attribute type',44,'delete_allocationattributetype'),(181,'Can view allocation attribute type',44,'view_allocationattributetype'),(182,'Can add allocation status choice',45,'add_allocationstatuschoice'),(183,'Can change allocation status choice',45,'change_allocationstatuschoice'),(184,'Can delete allocation status choice',45,'delete_allocationstatuschoice'),(185,'Can view allocation status choice',45,'view_allocationstatuschoice'),(186,'Can add allocation user status choice',46,'add_allocationuserstatuschoice'),(187,'Can change allocation user status choice',46,'change_allocationuserstatuschoice'),(188,'Can delete allocation user status choice',46,'delete_allocationuserstatuschoice'),(189,'Can view allocation user status choice',46,'view_allocationuserstatuschoice'),(190,'Can add attribute type',47,'add_attributetype'),(191,'Can change attribute type',47,'change_attributetype'),(192,'Can delete attribute type',47,'delete_attributetype'),(193,'Can view attribute type',47,'view_attributetype'),(194,'Can add allocation attribute usage',48,'add_allocationattributeusage'),(195,'Can change allocation attribute usage',48,'change_allocationattributeusage'),(196,'Can delete allocation attribute usage',48,'delete_allocationattributeusage'),(197,'Can view allocation attribute usage',48,'view_allocationattributeusage'),(198,'Can add historical allocation user',49,'add_historicalallocationuser'),(199,'Can change historical allocation user',49,'change_historicalallocationuser'),(200,'Can delete historical allocation user',49,'delete_historicalallocationuser'),(201,'Can view historical allocation user',49,'view_historicalallocationuser'),(202,'Can add historical allocation attribute usage',50,'add_historicalallocationattributeusage'),(203,'Can change historical allocation attribute usage',50,'change_historicalallocationattributeusage'),(204,'Can delete historical allocation attribute usage',50,'delete_historicalallocationattributeusage'),(205,'Can view historical allocation attribute usage',50,'view_historicalallocationattributeusage'),(206,'Can add historical allocation attribute type',51,'add_historicalallocationattributetype'),(207,'Can change historical allocation attribute type',51,'change_historicalallocationattributetype'),(208,'Can delete historical allocation attribute type',51,'delete_historicalallocationattributetype'),(209,'Can view historical allocation attribute type',51,'view_historicalallocationattributetype'),(210,'Can add historical allocation attribute',52,'add_historicalallocationattribute'),(211,'Can change historical allocation attribute',52,'change_historicalallocationattribute'),(212,'Can delete historical allocation attribute',52,'delete_historicalallocationattribute'),(213,'Can view historical allocation attribute',52,'view_historicalallocationattribute'),(214,'Can add historical allocation',53,'add_historicalallocation'),(215,'Can change historical allocation',53,'change_historicalallocation'),(216,'Can delete historical allocation',53,'delete_historicalallocation'),(217,'Can view historical allocation',53,'view_historicalallocation'),(218,'Can add allocation user note',54,'add_allocationusernote'),(219,'Can change allocation user note',54,'change_allocationusernote'),(220,'Can delete allocation user note',54,'delete_allocationusernote'),(221,'Can view allocation user note',54,'view_allocationusernote'),(222,'Can add allocation user',55,'add_allocationuser'),(223,'Can change allocation user',55,'change_allocationuser'),(224,'Can delete allocation user',55,'delete_allocationuser'),(225,'Can view allocation user',55,'view_allocationuser'),(226,'Can add allocation admin note',56,'add_allocationadminnote'),(227,'Can change allocation admin note',56,'change_allocationadminnote'),(228,'Can delete allocation admin note',56,'delete_allocationadminnote'),(229,'Can view allocation admin note',56,'view_allocationadminnote'),(230,'Can add allocation account',57,'add_allocationaccount'),(231,'Can change allocation account',57,'change_allocationaccount'),(232,'Can delete allocation account',57,'delete_allocationaccount'),(233,'Can view allocation account',57,'view_allocationaccount'),(234,'Can add allocation change request',58,'add_allocationchangerequest'),(235,'Can change allocation change request',58,'change_allocationchangerequest'),(236,'Can delete allocation change request',58,'delete_allocationchangerequest'),(237,'Can view allocation change request',58,'view_allocationchangerequest'),(238,'Can add allocation change status choice',59,'add_allocationchangestatuschoice'),(239,'Can change allocation change status choice',59,'change_allocationchangestatuschoice'),(240,'Can delete allocation change status choice',59,'delete_allocationchangestatuschoice'),(241,'Can view allocation change status choice',59,'view_allocationchangestatuschoice'),(242,'Can add historical allocation change request',60,'add_historicalallocationchangerequest'),(243,'Can change historical allocation change request',60,'change_historicalallocationchangerequest'),(244,'Can delete historical allocation change request',60,'delete_historicalallocationchangerequest'),(245,'Can view historical allocation change request',60,'view_historicalallocationchangerequest'),(246,'Can add historical allocation attribute change request',61,'add_historicalallocationattributechangerequest'),(247,'Can change historical allocation attribute change request',61,'change_historicalallocationattributechangerequest'),(248,'Can delete historical allocation attribute change request',61,'delete_historicalallocationattributechangerequest'),(249,'Can view historical allocation attribute change request',61,'view_historicalallocationattributechangerequest'),(250,'Can add allocation attribute change request',62,'add_allocationattributechangerequest'),(251,'Can change allocation attribute change request',62,'change_allocationattributechangerequest'),(252,'Can delete allocation attribute change request',62,'delete_allocationattributechangerequest'),(253,'Can view allocation attribute change request',62,'view_allocationattributechangerequest'),(254,'Can add grant funding agency',63,'add_grantfundingagency'),(255,'Can change grant funding agency',63,'change_grantfundingagency'),(256,'Can delete grant funding agency',63,'delete_grantfundingagency'),(257,'Can view grant funding agency',63,'view_grantfundingagency'),(258,'Can add grant status choice',64,'add_grantstatuschoice'),(259,'Can change grant status choice',64,'change_grantstatuschoice'),(260,'Can delete grant status choice',64,'delete_grantstatuschoice'),(261,'Can view grant status choice',64,'view_grantstatuschoice'),(262,'Can add historical grant',65,'add_historicalgrant'),(263,'Can change historical grant',65,'change_historicalgrant'),(264,'Can delete historical grant',65,'delete_historicalgrant'),(265,'Can view historical grant',65,'view_historicalgrant'),(266,'Can add grant',66,'add_grant'),(267,'Can change grant',66,'change_grant'),(268,'Can delete grant',66,'delete_grant'),(269,'Can view grant',66,'view_grant'),(270,'Can view all grants',66,'can_view_all_grants'),(271,'Can add publication source',67,'add_publicationsource'),(272,'Can change publication source',67,'change_publicationsource'),(273,'Can delete publication source',67,'delete_publicationsource'),(274,'Can view publication source',67,'view_publicationsource'),(275,'Can add historical publication',68,'add_historicalpublication'),(276,'Can change historical publication',68,'change_historicalpublication'),(277,'Can delete historical publication',68,'delete_historicalpublication'),(278,'Can view historical publication',68,'view_historicalpublication'),(279,'Can add publication',69,'add_publication'),(280,'Can change publication',69,'change_publication'),(281,'Can delete publication',69,'delete_publication'),(282,'Can view publication',69,'view_publication'),(283,'Can add research output',70,'add_researchoutput'),(284,'Can change research output',70,'change_researchoutput'),(285,'Can delete research output',70,'delete_researchoutput'),(286,'Can view research output',70,'view_researchoutput'),(287,'Can add historical research output',71,'add_historicalresearchoutput'),(288,'Can change historical research output',71,'change_historicalresearchoutput'),(289,'Can delete historical research output',71,'delete_historicalresearchoutput'),(290,'Can view historical research output',71,'view_historicalresearchoutput');
/*!40000 ALTER TABLE `auth_permission` ENABLE KEYS */;
UNLOCK TABLES;

--
-- Table structure for table `auth_user`
--

DROP TABLE IF EXISTS `auth_user`;
/*!40101 SET @saved_cs_client     = @@character_set_client */;
/*!40101 SET character_set_client = utf8 */;
CREATE TABLE `auth_user` (
  `id` int(11) NOT NULL AUTO_INCREMENT,
  `password` varchar(128) NOT NULL,
  `last_login` datetime(6) DEFAULT NULL,
  `is_superuser` tinyint(1) NOT NULL,
  `username` varchar(150) NOT NULL,
  `first_name` varchar(150) NOT NULL,
  `last_name` varchar(150) NOT NULL,
  `email` varchar(254) NOT NULL,
  `is_staff` tinyint(1) NOT NULL,
  `is_active` tinyint(1) NOT NULL,
  `date_joined` datetime(6) NOT NULL,
  PRIMARY KEY (`id`),
  UNIQUE KEY `username` (`username`)
) ENGINE=InnoDB AUTO_INCREMENT=7 DEFAULT CHARSET=latin1 COLLATE=latin1_swedish_ci;
/*!40101 SET character_set_client = @saved_cs_client */;

--
-- Dumping data for table `auth_user`
--

LOCK TABLES `auth_user` WRITE;
/*!40000 ALTER TABLE `auth_user` DISABLE KEYS */;
INSERT INTO `auth_user` VALUES (1,'pbkdf2_sha256$260000$Mq5nFdQJqMaStmEdxYpnwO$UlNy0qboC34qvueJV4kaVUqqaSnf52no8XhAGJRVk5w=','2023-04-20 20:04:40.395731',1,'admin','','','admin@localhost',1,1,'2023-04-20 15:08:39.265496'),(2,'!6I8RTpMenYTNJqbaNFwczRu5Ra10f8yLrIVQuyhk','2023-07-07 15:29:44.761240',1,'hpcadmin','hpcadmin','hpcadmin','hpcadmin@example.com',1,1,'2023-04-20 20:04:03.000000'),(3,'!SrQpw4TdbSYSUAuFTE8wNh5r9tkTnZEZ5imbO9Ki','2023-06-01 18:36:51.694207',0,'cgray','cgray','cgray','cgray@example.com',0,1,'2023-04-20 20:04:12.855814'),(4,'!cYGcvZ4bCVbwXMb5goSlrPg9LYxCRaPcFdCYCSla','2023-04-20 20:04:22.926225',0,'csimmons','csimmons','csimmons','csimmons@example.com',0,1,'2023-04-20 20:04:22.911151'),(5,'!eriRUd1Ll6UpXBsD0btebglOPVxsfGxS48c6puFg','2023-04-20 20:04:32.000000',0,'sfoster','sfoster','sfoster','sfoster@example.com',0,1,'2023-04-20 20:04:32.000000'),(6,'!HWEbjGsQrHRvB0xmOIptYZ4oSkxYK3kYfbKiXEre','2023-07-07 15:29:28.000000',0,'astewart','astewart','astewart','astewart@example.com',1,1,'2023-07-07 15:29:28.000000');
/*!40000 ALTER TABLE `auth_user` ENABLE KEYS */;
UNLOCK TABLES;

--
-- Table structure for table `auth_user_groups`
--

DROP TABLE IF EXISTS `auth_user_groups`;
/*!40101 SET @saved_cs_client     = @@character_set_client */;
/*!40101 SET character_set_client = utf8 */;
CREATE TABLE `auth_user_groups` (
  `id` int(11) NOT NULL AUTO_INCREMENT,
  `user_id` int(11) NOT NULL,
  `group_id` int(11) NOT NULL,
  PRIMARY KEY (`id`),
  UNIQUE KEY `auth_user_groups_user_id_group_id_94350c0c_uniq` (`user_id`,`group_id`),
  KEY `auth_user_groups_group_id_97559544_fk_auth_group_id` (`group_id`),
  CONSTRAINT `auth_user_groups_group_id_97559544_fk_auth_group_id` FOREIGN KEY (`group_id`) REFERENCES `auth_group` (`id`),
  CONSTRAINT `auth_user_groups_user_id_6a12ed8b_fk_auth_user_id` FOREIGN KEY (`user_id`) REFERENCES `auth_user` (`id`)
) ENGINE=InnoDB DEFAULT CHARSET=latin1 COLLATE=latin1_swedish_ci;
/*!40101 SET character_set_client = @saved_cs_client */;

--
-- Dumping data for table `auth_user_groups`
--

LOCK TABLES `auth_user_groups` WRITE;
/*!40000 ALTER TABLE `auth_user_groups` DISABLE KEYS */;
/*!40000 ALTER TABLE `auth_user_groups` ENABLE KEYS */;
UNLOCK TABLES;

--
-- Table structure for table `auth_user_user_permissions`
--

DROP TABLE IF EXISTS `auth_user_user_permissions`;
/*!40101 SET @saved_cs_client     = @@character_set_client */;
/*!40101 SET character_set_client = utf8 */;
CREATE TABLE `auth_user_user_permissions` (
  `id` int(11) NOT NULL AUTO_INCREMENT,
  `user_id` int(11) NOT NULL,
  `permission_id` int(11) NOT NULL,
  PRIMARY KEY (`id`),
  UNIQUE KEY `auth_user_user_permissions_user_id_permission_id_14a6b632_uniq` (`user_id`,`permission_id`),
  KEY `auth_user_user_permi_permission_id_1fbb5f2c_fk_auth_perm` (`permission_id`),
  CONSTRAINT `auth_user_user_permi_permission_id_1fbb5f2c_fk_auth_perm` FOREIGN KEY (`permission_id`) REFERENCES `auth_permission` (`id`),
  CONSTRAINT `auth_user_user_permissions_user_id_a95ead1b_fk_auth_user_id` FOREIGN KEY (`user_id`) REFERENCES `auth_user` (`id`)
) ENGINE=InnoDB AUTO_INCREMENT=9 DEFAULT CHARSET=latin1 COLLATE=latin1_swedish_ci;
/*!40101 SET character_set_client = @saved_cs_client */;

--
-- Dumping data for table `auth_user_user_permissions`
--

LOCK TABLES `auth_user_user_permissions` WRITE;
/*!40000 ALTER TABLE `auth_user_user_permissions` DISABLE KEYS */;
INSERT INTO `auth_user_user_permissions` VALUES (5,5,57),(6,5,58),(1,5,171),(3,5,173),(4,5,270),(2,5,282),(7,6,57),(8,6,171);
/*!40000 ALTER TABLE `auth_user_user_permissions` ENABLE KEYS */;
UNLOCK TABLES;

--
-- Table structure for table `django_admin_log`
--

DROP TABLE IF EXISTS `django_admin_log`;
/*!40101 SET @saved_cs_client     = @@character_set_client */;
/*!40101 SET character_set_client = utf8 */;
CREATE TABLE `django_admin_log` (
  `id` int(11) NOT NULL AUTO_INCREMENT,
  `action_time` datetime(6) NOT NULL,
  `object_id` longtext DEFAULT NULL,
  `object_repr` varchar(200) NOT NULL,
  `action_flag` smallint(5) unsigned NOT NULL CHECK (`action_flag` >= 0),
  `change_message` longtext NOT NULL,
  `content_type_id` int(11) DEFAULT NULL,
  `user_id` int(11) NOT NULL,
  PRIMARY KEY (`id`),
  KEY `django_admin_log_content_type_id_c4bce8eb_fk_django_co` (`content_type_id`),
  KEY `django_admin_log_user_id_c564eba6_fk_auth_user_id` (`user_id`),
  CONSTRAINT `django_admin_log_content_type_id_c4bce8eb_fk_django_co` FOREIGN KEY (`content_type_id`) REFERENCES `django_content_type` (`id`),
  CONSTRAINT `django_admin_log_user_id_c564eba6_fk_auth_user_id` FOREIGN KEY (`user_id`) REFERENCES `auth_user` (`id`)
) ENGINE=InnoDB AUTO_INCREMENT=12 DEFAULT CHARSET=latin1 COLLATE=latin1_swedish_ci;
/*!40101 SET character_set_client = @saved_cs_client */;

--
-- Dumping data for table `django_admin_log`
--

LOCK TABLES `django_admin_log` WRITE;
/*!40000 ALTER TABLE `django_admin_log` DISABLE KEYS */;
INSERT INTO `django_admin_log` VALUES (1,'2023-04-20 20:08:00.189706','2','hpcadmin',2,'[{\"changed\": {\"fields\": [\"Staff status\", \"Superuser status\"]}}]',4,1),(2,'2023-04-20 20:08:48.454392','5','sfoster',2,'[{\"changed\": {\"fields\": [\"Staff status\", \"User permissions\"]}}]',4,1),(3,'2023-04-20 20:09:54.205662','3','UserProfile object (3)',2,'[{\"changed\": {\"fields\": [\"Is pi\"]}}]',12,1),(4,'2023-04-20 20:10:29.636692','1','hpc (Cluster)',1,'[{\"added\": {}}, {\"added\": {\"name\": \"resource attribute\", \"object\": \"slurm_cluster: hpc (hpc (Cluster))\"}}, {\"added\": {\"name\": \"resource attribute\", \"object\": \"OnDemand: Yes (hpc (Cluster))\"}}]',36,1),(5,'2023-04-20 20:12:11.372370','2','project storage (Storage)',1,'[{\"added\": {}}, {\"added\": {\"name\": \"resource attribute\", \"object\": \"quantity_label: Enter storage in 1TB increments (project storage (Storage))\"}}, {\"added\": {\"name\": \"resource attribute\", \"object\": \"quantity_default_value: 1 (project storage (Storage))\"}}, {\"added\": {\"name\": \"resource attribute\", \"object\": \"OnDemand: Yes (project storage (Storage))\"}}]',36,1),(6,'2023-04-20 20:12:46.130710','3','on-prem cloud (Cloud)',1,'[{\"added\": {}}]',36,1),(7,'2023-04-20 20:13:19.690073','24','Storage Directory',1,'[{\"added\": {}}]',44,1),(8,'2023-04-20 20:14:54.821488','20','Storage Quota (GB)',2,'[{\"changed\": {\"fields\": [\"Is changeable\"]}}]',44,1),(9,'2023-04-20 20:19:50.167404','1','My research group',2,'[{\"changed\": {\"fields\": [\"Force review\"]}}]',14,2),(10,'2023-07-07 15:26:53.319214','5','sfoster',2,'[{\"changed\": {\"fields\": [\"Staff status\"]}}]',4,2),(11,'2023-07-07 15:30:32.972902','6','astewart',2,'[{\"changed\": {\"fields\": [\"Staff status\", \"User permissions\"]}}]',4,2);
/*!40000 ALTER TABLE `django_admin_log` ENABLE KEYS */;
UNLOCK TABLES;

--
-- Table structure for table `django_content_type`
--

DROP TABLE IF EXISTS `django_content_type`;
/*!40101 SET @saved_cs_client     = @@character_set_client */;
/*!40101 SET character_set_client = utf8 */;
CREATE TABLE `django_content_type` (
  `id` int(11) NOT NULL AUTO_INCREMENT,
  `app_label` varchar(100) NOT NULL,
  `model` varchar(100) NOT NULL,
  PRIMARY KEY (`id`),
  UNIQUE KEY `django_content_type_app_label_model_76bd3d3b_uniq` (`app_label`,`model`)
) ENGINE=InnoDB AUTO_INCREMENT=72 DEFAULT CHARSET=latin1 COLLATE=latin1_swedish_ci;
/*!40101 SET character_set_client = @saved_cs_client */;

--
-- Dumping data for table `django_content_type`
--

LOCK TABLES `django_content_type` WRITE;
/*!40000 ALTER TABLE `django_content_type` DISABLE KEYS */;
INSERT INTO `django_content_type` VALUES (1,'admin','logentry'),(42,'allocation','allocation'),(57,'allocation','allocationaccount'),(56,'allocation','allocationadminnote'),(43,'allocation','allocationattribute'),(62,'allocation','allocationattributechangerequest'),(44,'allocation','allocationattributetype'),(48,'allocation','allocationattributeusage'),(58,'allocation','allocationchangerequest'),(59,'allocation','allocationchangestatuschoice'),(45,'allocation','allocationstatuschoice'),(55,'allocation','allocationuser'),(54,'allocation','allocationusernote'),(46,'allocation','allocationuserstatuschoice'),(47,'allocation','attributetype'),(53,'allocation','historicalallocation'),(52,'allocation','historicalallocationattribute'),(61,'allocation','historicalallocationattributechangerequest'),(51,'allocation','historicalallocationattributetype'),(50,'allocation','historicalallocationattributeusage'),(60,'allocation','historicalallocationchangerequest'),(49,'allocation','historicalallocationuser'),(3,'auth','group'),(2,'auth','permission'),(4,'auth','user'),(5,'contenttypes','contenttype'),(9,'django_q','failure'),(11,'django_q','ormq'),(7,'django_q','schedule'),(10,'django_q','success'),(8,'django_q','task'),(13,'field_of_science','fieldofscience'),(66,'grant','grant'),(63,'grant','grantfundingagency'),(64,'grant','grantstatuschoice'),(65,'grant','historicalgrant'),(26,'project','attributetype'),(24,'project','historicalproject'),(32,'project','historicalprojectattribute'),(31,'project','historicalprojectattributetype'),(30,'project','historicalprojectattributeusage'),(23,'project','historicalprojectreview'),(22,'project','historicalprojectuser'),(14,'project','project'),(21,'project','projectadmincomment'),(27,'project','projectattribute'),(29,'project','projectattributetype'),(28,'project','projectattributeusage'),(20,'project','projectreview'),(15,'project','projectreviewstatuschoice'),(16,'project','projectstatuschoice'),(25,'project','projectuser'),(19,'project','projectusermessage'),(17,'project','projectuserrolechoice'),(18,'project','projectuserstatuschoice'),(68,'publication','historicalpublication'),(69,'publication','publication'),(67,'publication','publicationsource'),(71,'research_output','historicalresearchoutput'),(70,'research_output','researchoutput'),(33,'resource','attributetype'),(40,'resource','historicalresource'),(39,'resource','historicalresourceattribute'),(38,'resource','historicalresourceattributetype'),(37,'resource','historicalresourcetype'),(36,'resource','resource'),(41,'resource','resourceattribute'),(35,'resource','resourceattributetype'),(34,'resource','resourcetype'),(6,'sessions','session'),(12,'user','userprofile');
/*!40000 ALTER TABLE `django_content_type` ENABLE KEYS */;
UNLOCK TABLES;

--
-- Table structure for table `django_migrations`
--

DROP TABLE IF EXISTS `django_migrations`;
/*!40101 SET @saved_cs_client     = @@character_set_client */;
/*!40101 SET character_set_client = utf8 */;
CREATE TABLE `django_migrations` (
  `id` int(11) NOT NULL AUTO_INCREMENT,
  `app` varchar(255) NOT NULL,
  `name` varchar(255) NOT NULL,
  `applied` datetime(6) NOT NULL,
  PRIMARY KEY (`id`)
) ENGINE=InnoDB AUTO_INCREMENT=51 DEFAULT CHARSET=latin1 COLLATE=latin1_swedish_ci;
/*!40101 SET character_set_client = @saved_cs_client */;

--
-- Dumping data for table `django_migrations`
--

LOCK TABLES `django_migrations` WRITE;
/*!40000 ALTER TABLE `django_migrations` DISABLE KEYS */;
INSERT INTO `django_migrations` VALUES (1,'contenttypes','0001_initial','2023-04-20 15:08:31.769784'),(2,'auth','0001_initial','2023-04-20 15:08:32.074154'),(3,'admin','0001_initial','2023-04-20 15:08:32.145526'),(4,'admin','0002_logentry_remove_auto_add','2023-04-20 15:08:32.151315'),(5,'admin','0003_logentry_add_action_flag_choices','2023-04-20 15:08:32.156523'),(6,'contenttypes','0002_remove_content_type_name','2023-04-20 15:08:32.202490'),(7,'auth','0002_alter_permission_name_max_length','2023-04-20 15:08:32.211014'),(8,'auth','0003_alter_user_email_max_length','2023-04-20 15:08:32.219178'),(9,'auth','0004_alter_user_username_opts','2023-04-20 15:08:32.224786'),(10,'auth','0005_alter_user_last_login_null','2023-04-20 15:08:32.247659'),(11,'auth','0006_require_contenttypes_0002','2023-04-20 15:08:32.249839'),(12,'auth','0007_alter_validators_add_error_messages','2023-04-20 15:08:32.256205'),(13,'auth','0008_alter_user_username_max_length','2023-04-20 15:08:32.263656'),(14,'auth','0009_alter_user_last_name_max_length','2023-04-20 15:08:32.272134'),(15,'auth','0010_alter_group_name_max_length','2023-04-20 15:08:32.279142'),(16,'auth','0011_update_proxy_permissions','2023-04-20 15:08:32.285746'),(17,'resource','0001_initial','2023-04-20 15:08:33.005541'),(18,'field_of_science','0001_initial','2023-04-20 15:08:33.045009'),(19,'project','0001_initial','2023-04-20 15:08:33.878641'),(20,'allocation','0001_initial','2023-04-20 15:08:34.991201'),(21,'allocation','0002_auto_20190718_1451','2023-04-20 15:08:35.212153'),(22,'allocation','0003_auto_20191018_1049','2023-04-20 15:08:35.260080'),(23,'allocation','0004_auto_20211102_1017','2023-04-20 15:08:35.735686'),(24,'allocation','0005_auto_20211117_1413','2023-04-20 15:08:35.773419'),(25,'auth','0012_alter_user_first_name_max_length','2023-04-20 15:08:35.849450'),(26,'django_q','0001_initial','2023-04-20 15:08:35.878392'),(27,'django_q','0002_auto_20150630_1624','2023-04-20 15:08:35.931664'),(28,'django_q','0003_auto_20150708_1326','2023-04-20 15:08:35.981531'),(29,'django_q','0004_auto_20150710_1043','2023-04-20 15:08:35.988693'),(30,'django_q','0005_auto_20150718_1506','2023-04-20 15:08:35.999763'),(31,'django_q','0006_auto_20150805_1817','2023-04-20 15:08:36.009347'),(32,'django_q','0007_ormq','2023-04-20 15:08:36.018957'),(33,'django_q','0008_auto_20160224_1026','2023-04-20 15:08:36.023414'),(34,'django_q','0009_auto_20171009_0915','2023-04-20 15:08:36.054362'),(35,'django_q','0010_auto_20200610_0856','2023-04-20 15:08:36.064173'),(36,'django_q','0011_auto_20200628_1055','2023-04-20 15:08:36.073469'),(37,'django_q','0012_auto_20200702_1608','2023-04-20 15:08:36.076898'),(38,'django_q','0013_task_attempt_count','2023-04-20 15:08:36.083712'),(39,'django_q','0014_schedule_cluster','2023-04-20 15:08:36.088411'),(40,'grant','0001_initial','2023-04-20 15:08:36.354905'),(41,'project','0002_projectusermessage_is_private','2023-04-20 15:08:36.385868'),(42,'project','0003_auto_20221013_1215','2023-04-20 15:08:36.834521'),(43,'publication','0001_initial','2023-04-20 15:08:37.094275'),(44,'publication','0002_auto_20191223_1115','2023-04-20 15:08:37.145210'),(45,'publication','0003_auto_20200104_1700','2023-04-20 15:08:37.177802'),(46,'publication','0004_add_manual_publication_source','2023-04-20 15:08:37.219164'),(47,'research_output','0001_initial','2023-04-20 15:08:37.414549'),(48,'resource','0002_auto_20191017_1141','2023-04-20 15:08:37.515380'),(49,'sessions','0001_initial','2023-04-20 15:08:37.536930'),(50,'user','0001_initial','2023-04-20 15:08:37.612452');
/*!40000 ALTER TABLE `django_migrations` ENABLE KEYS */;
UNLOCK TABLES;

--
-- Table structure for table `django_q_ormq`
--

DROP TABLE IF EXISTS `django_q_ormq`;
/*!40101 SET @saved_cs_client     = @@character_set_client */;
/*!40101 SET character_set_client = utf8 */;
CREATE TABLE `django_q_ormq` (
  `id` int(11) NOT NULL AUTO_INCREMENT,
  `key` varchar(100) NOT NULL,
  `payload` longtext NOT NULL,
  `lock` datetime(6) DEFAULT NULL,
  PRIMARY KEY (`id`)
) ENGINE=InnoDB DEFAULT CHARSET=latin1 COLLATE=latin1_swedish_ci;
/*!40101 SET character_set_client = @saved_cs_client */;

--
-- Dumping data for table `django_q_ormq`
--

LOCK TABLES `django_q_ormq` WRITE;
/*!40000 ALTER TABLE `django_q_ormq` DISABLE KEYS */;
/*!40000 ALTER TABLE `django_q_ormq` ENABLE KEYS */;
UNLOCK TABLES;

--
-- Table structure for table `django_q_schedule`
--

DROP TABLE IF EXISTS `django_q_schedule`;
/*!40101 SET @saved_cs_client     = @@character_set_client */;
/*!40101 SET character_set_client = utf8 */;
CREATE TABLE `django_q_schedule` (
  `id` int(11) NOT NULL AUTO_INCREMENT,
  `func` varchar(256) NOT NULL,
  `hook` varchar(256) DEFAULT NULL,
  `args` longtext DEFAULT NULL,
  `kwargs` longtext DEFAULT NULL,
  `schedule_type` varchar(1) NOT NULL,
  `repeats` int(11) NOT NULL,
  `next_run` datetime(6) DEFAULT NULL,
  `task` varchar(100) DEFAULT NULL,
  `name` varchar(100) DEFAULT NULL,
  `minutes` smallint(5) unsigned DEFAULT NULL CHECK (`minutes` >= 0),
  `cron` varchar(100) DEFAULT NULL,
  `cluster` varchar(100) DEFAULT NULL,
  PRIMARY KEY (`id`)
) ENGINE=InnoDB AUTO_INCREMENT=3 DEFAULT CHARSET=latin1 COLLATE=latin1_swedish_ci;
/*!40101 SET character_set_client = @saved_cs_client */;

--
-- Dumping data for table `django_q_schedule`
--

LOCK TABLES `django_q_schedule` WRITE;
/*!40000 ALTER TABLE `django_q_schedule` DISABLE KEYS */;
INSERT INTO `django_q_schedule` VALUES (1,'coldfront.core.allocation.tasks.update_statuses',NULL,'()','{}','D',-1,'2023-04-21 00:00:00.000000',NULL,NULL,NULL,NULL,NULL),(2,'coldfront.core.allocation.tasks.send_expiry_emails',NULL,'()','{}','D',-1,'2023-04-21 00:00:00.000000',NULL,NULL,NULL,NULL,NULL);
/*!40000 ALTER TABLE `django_q_schedule` ENABLE KEYS */;
UNLOCK TABLES;

--
-- Table structure for table `django_q_task`
--

DROP TABLE IF EXISTS `django_q_task`;
/*!40101 SET @saved_cs_client     = @@character_set_client */;
/*!40101 SET character_set_client = utf8 */;
CREATE TABLE `django_q_task` (
  `name` varchar(100) NOT NULL,
  `func` varchar(256) NOT NULL,
  `hook` varchar(256) DEFAULT NULL,
  `args` longtext DEFAULT NULL,
  `kwargs` longtext DEFAULT NULL,
  `result` longtext DEFAULT NULL,
  `started` datetime(6) NOT NULL,
  `stopped` datetime(6) NOT NULL,
  `success` tinyint(1) NOT NULL,
  `id` varchar(32) NOT NULL,
  `group` varchar(100) DEFAULT NULL,
  `attempt_count` int(11) NOT NULL,
  PRIMARY KEY (`id`)
) ENGINE=InnoDB DEFAULT CHARSET=latin1 COLLATE=latin1_swedish_ci;
/*!40101 SET character_set_client = @saved_cs_client */;

--
-- Dumping data for table `django_q_task`
--

LOCK TABLES `django_q_task` WRITE;
/*!40000 ALTER TABLE `django_q_task` DISABLE KEYS */;
/*!40000 ALTER TABLE `django_q_task` ENABLE KEYS */;
UNLOCK TABLES;

--
-- Table structure for table `django_session`
--

DROP TABLE IF EXISTS `django_session`;
/*!40101 SET @saved_cs_client     = @@character_set_client */;
/*!40101 SET character_set_client = utf8 */;
CREATE TABLE `django_session` (
  `session_key` varchar(40) NOT NULL,
  `session_data` longtext NOT NULL,
  `expire_date` datetime(6) NOT NULL,
  PRIMARY KEY (`session_key`),
  KEY `django_session_expire_date_a5c62663` (`expire_date`)
) ENGINE=InnoDB DEFAULT CHARSET=latin1 COLLATE=latin1_swedish_ci;
/*!40101 SET character_set_client = @saved_cs_client */;

--
-- Dumping data for table `django_session`
--

LOCK TABLES `django_session` WRITE;
/*!40000 ALTER TABLE `django_session` DISABLE KEYS */;
INSERT INTO `django_session` VALUES ('9uu3wwtib92742r5ixxvne7iuezrbivd','.eJxVy7sOwjAMheF3yYyqxHFKygbqyMAbRHbsEi4qqKUT4t0pogOs5zv_0ySaHiVNow7pJGZjvFn9bkz5ov0H5Ez98falq9C9Wqjat9vDbrn9tYXGMocMTe4sB1QnTpEJwIFGsgHsWkGi94wakEUdRqldA_XcKCna3IVsXm-WKzXn:1q0f9Y:DdncysdS3YIbYlphZ2KkqtRHW7JFasfbQRDA11EaWLA','2023-05-21 10:15:00.016939');
/*!40000 ALTER TABLE `django_session` ENABLE KEYS */;
UNLOCK TABLES;

--
-- Table structure for table `field_of_science_fieldofscience`
--

DROP TABLE IF EXISTS `field_of_science_fieldofscience`;
/*!40101 SET @saved_cs_client     = @@character_set_client */;
/*!40101 SET character_set_client = utf8 */;
CREATE TABLE `field_of_science_fieldofscience` (
  `id` int(11) NOT NULL AUTO_INCREMENT,
  `created` datetime(6) NOT NULL,
  `modified` datetime(6) NOT NULL,
  `is_selectable` tinyint(1) NOT NULL,
  `description` varchar(255) NOT NULL,
  `fos_nsf_id` int(11) DEFAULT NULL,
  `fos_nsf_abbrev` varchar(10) DEFAULT NULL,
  `directorate_fos_id` int(11) DEFAULT NULL,
  `parent_id_id` int(11) DEFAULT NULL,
  PRIMARY KEY (`id`),
  KEY `field_of_science_fie_parent_id_id_e239934a_fk_field_of_` (`parent_id_id`),
  CONSTRAINT `field_of_science_fie_parent_id_id_e239934a_fk_field_of_` FOREIGN KEY (`parent_id_id`) REFERENCES `field_of_science_fieldofscience` (`id`)
) ENGINE=InnoDB AUTO_INCREMENT=159 DEFAULT CHARSET=latin1 COLLATE=latin1_swedish_ci;
/*!40101 SET character_set_client = @saved_cs_client */;

--
-- Dumping data for table `field_of_science_fieldofscience`
--

LOCK TABLES `field_of_science_fieldofscience` WRITE;
/*!40000 ALTER TABLE `field_of_science_fieldofscience` DISABLE KEYS */;
INSERT INTO `field_of_science_fieldofscience` VALUES (1,'2023-04-20 15:08:37.838483','2023-04-20 15:08:37.838606',0,'Mathematical and Physical Sciences',100,'MPS',1,NULL),(2,'2023-04-20 15:08:37.841016','2023-04-20 15:08:37.843941',0,'Mathematical Sciences',110,'DMS',1,1),(3,'2023-04-20 15:08:37.845219','2023-04-20 15:08:37.847925',1,'Classical Analysis',111,'',1,2),(4,'2023-04-20 15:08:37.850042','2023-04-20 15:08:37.852822',1,'Modern Analysis',112,'',1,2),(5,'2023-04-20 15:08:37.854077','2023-04-20 15:08:37.856707',1,'Geometric Analysis',113,'',1,2),(6,'2023-04-20 15:08:37.857867','2023-04-20 15:08:37.860255',1,'Topology and Foundations',114,'',1,2),(7,'2023-04-20 15:08:37.862439','2023-04-20 15:08:37.865296',1,'Algebra and Number Theory',115,'',1,2),(8,'2023-04-20 15:08:37.866425','2023-04-20 15:08:37.868975',1,'Applied Mathematics',116,'',1,2),(9,'2023-04-20 15:08:37.870596','2023-04-20 15:08:37.873002',1,'Statistics and Probability',117,'',1,2),(10,'2023-04-20 15:08:37.874295','2023-04-20 15:08:37.876425',1,'Computational Mathematics',118,'',1,2),(11,'2023-04-20 15:08:37.877567','2023-04-20 15:08:37.880246',0,'Astronomical Sciences',120,'AST',1,1),(12,'2023-04-20 15:08:37.882122','2023-04-20 15:08:37.884626',1,'Extragalactic Astronomy and Cosmology',121,'',1,11),(13,'2023-04-20 15:08:37.885796','2023-04-20 15:08:37.888338',1,'Planetary Astronomy',122,'',1,11),(14,'2023-04-20 15:08:37.890118','2023-04-20 15:08:37.893107',1,'Stellar Astronomy and Astrophysics',123,'',1,11),(15,'2023-04-20 15:08:37.894352','2023-04-20 15:08:37.896848',1,'Galactic Astronomy',124,'',1,11),(16,'2023-04-20 15:08:37.897905','2023-04-20 15:08:37.900496',0,'Physics',130,'PHY',1,1),(17,'2023-04-20 15:08:37.902618','2023-04-20 15:08:37.904894',1,'Elementary Particle Physics',131,'',1,16),(18,'2023-04-20 15:08:37.906189','2023-04-20 15:08:37.908767',1,'Nuclear Physics',132,'',1,16),(19,'2023-04-20 15:08:37.909780','2023-04-20 15:08:37.912546',1,'Atomic, Molecular, and Optical Physics',133,'',1,16),(20,'2023-04-20 15:08:37.914599','2023-04-20 15:08:37.917319',1,'Theoretical Physics',134,'',1,16),(21,'2023-04-20 15:08:37.918496','2023-04-20 15:08:37.920917',1,'Gravitational Physics',135,'',1,16),(22,'2023-04-20 15:08:37.922089','2023-04-20 15:08:37.924493',0,'Chemistry',140,'CHE',1,1),(23,'2023-04-20 15:08:37.925768','2023-04-20 15:08:37.927838',1,'Analytical and Surface Chemistry',141,'',1,22),(24,'2023-04-20 15:08:37.929009','2023-04-20 15:08:37.932239',1,'Inorganic, Bioinorganic, and Organometallic Chemistry',142,'',1,22),(25,'2023-04-20 15:08:37.933261','2023-04-20 15:08:37.935551',1,'Organic and Macromolecular Chemistry',143,'',1,22),(26,'2023-04-20 15:08:37.936869','2023-04-20 15:08:37.939178',1,'Physical Chemistry',144,'',1,22),(27,'2023-04-20 15:08:37.941133','2023-04-20 15:08:37.943456',0,'Materials Research',150,'DMR',1,1),(28,'2023-04-20 15:08:37.944670','2023-04-20 15:08:37.947212',1,'Solid State Chemistry and Polymers',152,'',1,27),(29,'2023-04-20 15:08:37.948454','2023-04-20 15:08:37.950650',1,'Condensed Matter Physics',154,'',1,27),(30,'2023-04-20 15:08:37.952220','2023-04-20 15:08:37.955100',1,'Metals, Ceramics, and Electronic Materials',156,'',1,27),(31,'2023-04-20 15:08:37.956655','2023-04-20 15:08:37.956721',0,'Computer and Information Science and Engineering',300,'CIE',31,NULL),(32,'2023-04-20 15:08:37.958487','2023-04-20 15:08:37.960765',0,'Computer and Computation Research',310,'CCR',31,31),(33,'2023-04-20 15:08:37.961763','2023-04-20 15:08:37.964168',1,'Computer and Computation Theory',311,'',31,32),(34,'2023-04-20 15:08:37.965692','2023-04-20 15:08:37.967756',1,'Numeric and Symbolic Computation',312,'',31,32),(35,'2023-04-20 15:08:37.969015','2023-04-20 15:08:37.972173',1,'Computer Systems Architecture',313,'',31,32),(36,'2023-04-20 15:08:37.973409','2023-04-20 15:08:37.975699',1,'Software Systems',314,'',31,32),(37,'2023-04-20 15:08:37.976906','2023-04-20 15:08:37.979917',1,'Software Engineering',315,'',31,32),(38,'2023-04-20 15:08:37.982061','2023-04-20 15:08:37.984723',0,'Information, Robotics, and Intelligent Systems',320,'IRI',31,31),(39,'2023-04-20 15:08:37.986175','2023-04-20 15:08:37.988498',1,'Knowledge Models and Cognitive Systems',321,'',31,38),(40,'2023-04-20 15:08:37.989819','2023-04-20 15:08:37.993061',1,'Robotics and Machine Intelligence',322,'',31,38),(41,'2023-04-20 15:08:37.995182','2023-04-20 15:08:37.997721',1,'Interactive Systems',323,'',31,38),(42,'2023-04-20 15:08:37.998944','2023-04-20 15:08:38.001316',1,'Information Technology and Organizations',324,'',31,38),(43,'2023-04-20 15:08:38.002560','2023-04-20 15:08:38.004630',0,'Microelectronic Information Processing Systems',330,'MIP',31,31),(44,'2023-04-20 15:08:38.005692','2023-04-20 15:08:38.008287',1,'Microelectronic Systems Architecture',331,'',31,43),(45,'2023-04-20 15:08:38.009498','2023-04-20 15:08:38.012868',1,'Circuits and Signal Processing',332,'',31,43),(46,'2023-04-20 15:08:38.014089','2023-04-20 15:08:38.016186',1,'Experimental Systems',333,'',31,43),(47,'2023-04-20 15:08:38.017578','2023-04-20 15:08:38.020782',1,'Systems Prototyping and Fabrication',334,'',31,43),(48,'2023-04-20 15:08:38.022805','2023-04-20 15:08:38.025189',1,'Design, Tools, and Test',335,'',31,43),(49,'2023-04-20 15:08:38.026425','2023-04-20 15:08:38.028800',0,'Advanced Scientific Computing',340,'ASC',31,31),(50,'2023-04-20 15:08:38.029868','2023-04-20 15:08:38.033286',1,'Performance Evaluation and Benchmarking',341,'',31,49),(51,'2023-04-20 15:08:38.034954','2023-04-20 15:08:38.037484',1,'Algorithm Development',342,'',31,49),(52,'2023-04-20 15:08:38.038585','2023-04-20 15:08:38.041084',1,'Visualization, Graphics, and Image Processing',343,'',31,49),(53,'2023-04-20 15:08:38.042133','2023-04-20 15:08:38.044920',1,'Software Development',344,'',31,49),(54,'2023-04-20 15:08:38.046190','2023-04-20 15:08:38.048242',1,'Distributed and Parallel Processing, Vectorization',345,'',31,49),(55,'2023-04-20 15:08:38.049717','2023-04-20 15:08:38.052767',1,'Networking and Communications Research',350,'NCR',31,31),(56,'2023-04-20 15:08:38.054266','2023-04-20 15:08:38.056825',0,'Cross-Disciplinary Activities',360,'CDA',31,31),(57,'2023-04-20 15:08:38.058572','2023-04-20 15:08:38.060681',1,'Research Instrumentation',361,'',31,56),(58,'2023-04-20 15:08:38.062937','2023-04-20 15:08:38.065531',1,'Institutional Infrastructure',362,'',31,56),(59,'2023-04-20 15:08:38.066642','2023-04-20 15:08:38.069746',1,'Educational Infrastructure',363,'',31,56),(60,'2023-04-20 15:08:38.071774','2023-04-20 15:08:38.074552',1,'Cross-Directorate Activities',364,'',31,56),(61,'2023-04-20 15:08:38.075708','2023-04-20 15:08:38.078755',1,'Special Projects',365,'',31,56),(62,'2023-04-20 15:08:38.080000','2023-04-20 15:08:38.080082',0,'Biological Sciences',401,'BIO',62,NULL),(63,'2023-04-20 15:08:38.082689','2023-04-20 15:08:38.082763',0,'Social, Behavioral, and Economic Sciences',402,'SBE',63,NULL),(64,'2023-04-20 15:08:38.085338','2023-04-20 15:08:38.087938',0,'Molecular Biosciences',410,'MCB',62,62),(65,'2023-04-20 15:08:38.089215','2023-04-20 15:08:38.092653',1,'Biochemistry and Molecular Structure and Function',411,'',62,64),(66,'2023-04-20 15:08:38.093954','2023-04-20 15:08:38.096618',1,'Biophysics',412,'',62,64),(67,'2023-04-20 15:08:38.098018','2023-04-20 15:08:38.100427',1,'Genetics and Nucleic Acids',413,'',62,64),(68,'2023-04-20 15:08:38.102305','2023-04-20 15:08:38.104925',1,'Cell Biology',414,'',62,64),(69,'2023-04-20 15:08:38.106007','2023-04-20 15:08:38.108584',0,'Environmental Biology',430,'DEB',62,62),(70,'2023-04-20 15:08:38.110371','2023-04-20 15:08:38.113151',1,'Ecological Studies',431,'',62,69),(71,'2023-04-20 15:08:38.114333','2023-04-20 15:08:38.116897',1,'Systematic and Population Biology',433,'',62,69),(72,'2023-04-20 15:08:38.117903','2023-04-20 15:08:38.120452',0,'Behavioral and Neural Sciences',440,'BNS',63,63),(73,'2023-04-20 15:08:38.122318','2023-04-20 15:08:38.125343',1,'Anthropology',441,'',63,72),(74,'2023-04-20 15:08:38.126639','2023-04-20 15:08:38.128687',1,'Language, Cognition, and Social Behavior',442,'',63,72),(75,'2023-04-20 15:08:38.129944','2023-04-20 15:08:38.133058',0,'Social and Economic Science',450,'SES',63,63),(76,'2023-04-20 15:08:38.134473','2023-04-20 15:08:38.137620',1,'Economics',451,'',63,75),(77,'2023-04-20 15:08:38.138679','2023-04-20 15:08:38.140760',1,'Geography and Regional Science',452,'',63,75),(78,'2023-04-20 15:08:38.141942','2023-04-20 15:08:38.144397',1,'Sociology',453,'',63,75),(79,'2023-04-20 15:08:38.145562','2023-04-20 15:08:38.148658',1,'Methodology, Measurement, and Statistics',454,'',63,75),(80,'2023-04-20 15:08:38.149960','2023-04-20 15:08:38.153176',1,'Political Science',455,'',63,75),(81,'2023-04-20 15:08:38.154472','2023-04-20 15:08:38.156769',1,'Law and Social Sciences',456,'',63,75),(82,'2023-04-20 15:08:38.157880','2023-04-20 15:08:38.160067',1,'Decision, Risk, and Management Science',457,'',63,75),(83,'2023-04-20 15:08:38.161832','2023-04-20 15:08:38.164480',1,'Biological Instrumentation and Resources',460,'BIR',62,62),(84,'2023-04-20 15:08:38.165471','2023-04-20 15:08:38.167735',0,'Integrative Biology and Neuroscience',470,'IBN',62,62),(85,'2023-04-20 15:08:38.168773','2023-04-20 15:08:38.170899',1,'Developmental Biology',471,'',62,84),(86,'2023-04-20 15:08:38.172608','2023-04-20 15:08:38.174743',1,'Neuroscience Biology',472,'',62,84),(87,'2023-04-20 15:08:38.175987','2023-04-20 15:08:38.177944',1,'Physiology and Behavior',473,'',62,84),(88,'2023-04-20 15:08:38.179167','2023-04-20 15:08:38.182238',1,'Science Resources Studies',480,'SRS',63,63),(89,'2023-04-20 15:08:38.183618','2023-04-20 15:08:38.186000',1,'International Programs',490,'INT',63,63),(90,'2023-04-20 15:08:38.187791','2023-04-20 15:08:38.187863',0,'Geosciences',500,'GEO',90,NULL),(91,'2023-04-20 15:08:38.189491','2023-04-20 15:08:38.192551',0,'Atmospheric Sciences',510,'ATM',90,90),(92,'2023-04-20 15:08:38.193945','2023-04-20 15:08:38.196216',1,'Meteorology',511,'',90,91),(93,'2023-04-20 15:08:38.198245','2023-04-20 15:08:38.200591',1,'Atmospheric Chemistry',512,'',90,91),(94,'2023-04-20 15:08:38.202441','2023-04-20 15:08:38.204549',1,'Climate Dynamics',514,'',90,91),(95,'2023-04-20 15:08:38.205841','2023-04-20 15:08:38.208478',1,'Global Atmospheric Research',515,'',90,91),(96,'2023-04-20 15:08:38.209637','2023-04-20 15:08:38.213389',1,'Aeronomy',516,'',90,91),(97,'2023-04-20 15:08:38.214737','2023-04-20 15:08:38.217080',1,'Magnetospheric Physics',517,'',90,91),(98,'2023-04-20 15:08:38.218284','2023-04-20 15:08:38.220874',1,'Solar Terrestrial Research',518,'',90,91),(99,'2023-04-20 15:08:38.222086','2023-04-20 15:08:38.225106',0,'Earth Sciences',520,'EAR',90,90),(100,'2023-04-20 15:08:38.226246','2023-04-20 15:08:38.228631',1,'Geology and Paleontology',521,'',90,99),(101,'2023-04-20 15:08:38.230190','2023-04-20 15:08:38.232521',1,'Surficial Processes',522,'',90,99),(102,'2023-04-20 15:08:38.233523','2023-04-20 15:08:38.236797',1,'Tectonics',523,'',90,99),(103,'2023-04-20 15:08:38.238085','2023-04-20 15:08:38.240470',1,'Seismology',524,'',90,99),(104,'2023-04-20 15:08:38.242249','2023-04-20 15:08:38.244827',1,'Geophysics',525,'',90,99),(105,'2023-04-20 15:08:38.246166','2023-04-20 15:08:38.248458',1,'Petrogenesis and Mineral Resources',526,'',90,99),(106,'2023-04-20 15:08:38.249697','2023-04-20 15:08:38.252561',1,'Volcanology and Mantle Geochemistry',527,'',90,99),(107,'2023-04-20 15:08:38.253828','2023-04-20 15:08:38.255998',1,'Experimental and Theoretical Geochemistry',528,'',90,99),(108,'2023-04-20 15:08:38.257618','2023-04-20 15:08:38.260319',0,'Ocean Sciences',530,'OCE',90,90),(109,'2023-04-20 15:08:38.262460','2023-04-20 15:08:38.265060',1,'Biological Oceanography',531,'',90,108),(110,'2023-04-20 15:08:38.266109','2023-04-20 15:08:38.268389',1,'Chemical Oceanography',532,'',90,108),(111,'2023-04-20 15:08:38.269700','2023-04-20 15:08:38.272706',1,'Physical Oceanography',533,'',90,108),(112,'2023-04-20 15:08:38.273885','2023-04-20 15:08:38.276195',1,'Marine Geology and Geophysics',534,'',90,108),(113,'2023-04-20 15:08:38.277472','2023-04-20 15:08:38.279946',0,'Polar Programs',540,'DPP',90,90),(114,'2023-04-20 15:08:38.281772','2023-04-20 15:08:38.283843',1,'Polar Glaciology',541,'',90,113),(115,'2023-04-20 15:08:38.285298','2023-04-20 15:08:38.288306',1,'Polar Aeronomy and Astrophysics',542,'',90,113),(116,'2023-04-20 15:08:38.289821','2023-04-20 15:08:38.292594',1,'Polar Biology and Medicine',543,'',90,113),(117,'2023-04-20 15:08:38.294126','2023-04-20 15:08:38.296706',1,'Polar Earth Sciences',544,'',90,113),(118,'2023-04-20 15:08:38.297927','2023-04-20 15:08:38.301187',1,'Polar Meteorology',545,'',90,113),(119,'2023-04-20 15:08:38.302270','2023-04-20 15:08:38.304467',1,'Polar Ocean and Climate Systems',546,'',90,113),(120,'2023-04-20 15:08:38.305832','2023-04-20 15:08:38.305903',0,'Engineering',600,'ENG',120,NULL),(121,'2023-04-20 15:08:38.307870','2023-04-20 15:08:38.310602',0,'Chemical, Thermal Systems',610,'CTS',120,120),(122,'2023-04-20 15:08:38.312426','2023-04-20 15:08:38.315797',1,'Chemical and Reaction Processes',611,'',120,121),(123,'2023-04-20 15:08:38.316963','2023-04-20 15:08:38.319198',1,'Interfacial, Transport, and Separations Processes',612,'',120,121),(124,'2023-04-20 15:08:38.320233','2023-04-20 15:08:38.322838',1,'Thermal Systems',613,'',120,121),(125,'2023-04-20 15:08:38.324176','2023-04-20 15:08:38.326863',1,'Fluid, Particulate, and Hydraulic Systems',614,'',120,121),(126,'2023-04-20 15:08:38.328184','2023-04-20 15:08:38.330399',0,'Mechanical and Structural Systems',620,'MSS',120,120),(127,'2023-04-20 15:08:38.332401','2023-04-20 15:08:38.334420',1,'Dynamic Systems and Control',621,'',120,126),(128,'2023-04-20 15:08:38.335848','2023-04-20 15:08:38.338261',1,'Structures and Building Systems',622,'',120,126),(129,'2023-04-20 15:08:38.340149','2023-04-20 15:08:38.342550',1,'Mechanics and Materials',623,'',120,126),(130,'2023-04-20 15:08:38.344097','2023-04-20 15:08:38.346450',1,'Surface Engineering and Tribology',625,'',120,126),(131,'2023-04-20 15:08:38.348230','2023-04-20 15:08:38.352835',0,'Electrical and Communication Systems',630,'ECS',120,120),(132,'2023-04-20 15:08:38.355381','2023-04-20 15:08:38.358861',1,'Quantum Electronics, Waves, and Beams',631,'',120,131),(133,'2023-04-20 15:08:38.360003','2023-04-20 15:08:38.363607',1,'Solid-State and Microstructures',632,'',120,131),(134,'2023-04-20 15:08:38.364727','2023-04-20 15:08:38.367018',1,'Communications and Computational Systems',633,'',120,131),(135,'2023-04-20 15:08:38.368177','2023-04-20 15:08:38.370701',1,'Engineering Systems',634,'',120,131),(136,'2023-04-20 15:08:38.372555','2023-04-20 15:08:38.375519',1,'Emerging Technologies Initiation',635,'',120,131),(137,'2023-04-20 15:08:38.377370','2023-04-20 15:08:38.380066',0,'Design and Manufacturing Systems',640,'DDM',120,120),(138,'2023-04-20 15:08:38.382148','2023-04-20 15:08:38.385023',1,'Operations Research and Production Systems',641,'',120,137),(139,'2023-04-20 15:08:38.386848','2023-04-20 15:08:38.389661',1,'Design and Computer-Integrated Engineering',642,'',120,137),(140,'2023-04-20 15:08:38.391793','2023-04-20 15:08:38.394465',1,'Manufacturing Processes and Equipment',643,'',120,137),(141,'2023-04-20 15:08:38.395850','2023-04-20 15:08:38.402929',0,'Biological and Critical Systems',650,'BCS',120,120),(142,'2023-04-20 15:08:38.404468','2023-04-20 15:08:38.407303',1,'Bioengineering Aiding the Disabled',651,'',120,141),(143,'2023-04-20 15:08:38.408525','2023-04-20 15:08:38.410641',1,'Environmental and Ocean Systems',652,'',120,141),(144,'2023-04-20 15:08:38.412563','2023-04-20 15:08:38.415018',1,'Earthquake Hazard Mitigation',653,'',120,141),(145,'2023-04-20 15:08:38.417244','2023-04-20 15:08:38.419700',1,'Natural and Man-Made Hazard Mitigation',654,'',120,141),(146,'2023-04-20 15:08:38.421565','2023-04-20 15:08:38.424428',1,'Engineering Centers',660,'ECD',120,120),(147,'2023-04-20 15:08:38.425654','2023-04-20 15:08:38.429396',1,'Engineering Infrastructure Development',670,'EID',120,120),(148,'2023-04-20 15:08:38.430716','2023-04-20 15:08:38.433747',1,'Industrial Science and Technological Innovation',680,'ISI',120,120),(149,'2023-04-20 15:08:38.434977','2023-04-20 15:08:38.435049',1,'Other',900,'',149,NULL),(150,'2023-04-20 15:08:38.436548','2023-04-20 15:08:38.439493',1,'Science and Engineering Education',910,'SEE',149,149),(151,'2023-04-20 15:08:38.440840','2023-04-20 15:08:38.444082',1,'Small Business Innovation Research',920,'SBR',149,149),(152,'2023-04-20 15:08:38.445423','2023-04-20 15:08:38.447869',1,'Industrial Partners Research',930,'IND',149,149),(153,'2023-04-20 15:08:38.449453','2023-04-20 15:08:38.453036',1,'Center Systems Staff',940,'STA',149,149),(154,'2023-04-20 15:08:38.454110','2023-04-20 15:08:38.457003',1,'Training',950,'TRA',149,149),(155,'2023-04-20 15:08:38.458615','2023-04-20 15:08:38.462362',1,'Block Grants',960,'',149,149),(156,'2023-04-20 15:08:38.463549','2023-04-20 15:08:38.463622',0,'Humanities/Arts',700,'HUA',156,NULL),(157,'2023-04-20 15:08:38.465311','2023-04-20 15:08:38.468087',1,'Humanities',710,'HUM',156,156),(158,'2023-04-20 15:08:38.469232','2023-04-20 15:08:38.472989',1,'Arts',720,'ART',156,156);
/*!40000 ALTER TABLE `field_of_science_fieldofscience` ENABLE KEYS */;
UNLOCK TABLES;

--
-- Table structure for table `grant_grant`
--

DROP TABLE IF EXISTS `grant_grant`;
/*!40101 SET @saved_cs_client     = @@character_set_client */;
/*!40101 SET character_set_client = utf8 */;
CREATE TABLE `grant_grant` (
  `id` int(11) NOT NULL AUTO_INCREMENT,
  `created` datetime(6) NOT NULL,
  `modified` datetime(6) NOT NULL,
  `title` varchar(255) NOT NULL,
  `grant_number` varchar(255) NOT NULL,
  `role` varchar(10) NOT NULL,
  `grant_pi_full_name` varchar(255) NOT NULL,
  `other_funding_agency` varchar(255) NOT NULL,
  `other_award_number` varchar(255) NOT NULL,
  `grant_start` date NOT NULL,
  `grant_end` date NOT NULL,
  `percent_credit` double NOT NULL,
  `direct_funding` double NOT NULL,
  `total_amount_awarded` double NOT NULL,
  `funding_agency_id` int(11) NOT NULL,
  `project_id` int(11) NOT NULL,
  `status_id` int(11) NOT NULL,
  PRIMARY KEY (`id`),
  KEY `grant_grant_funding_agency_id_1a97c398_fk_grant_gra` (`funding_agency_id`),
  KEY `grant_grant_project_id_0253a10c_fk_project_project_id` (`project_id`),
  KEY `grant_grant_status_id_0f6d02ab_fk_grant_grantstatuschoice_id` (`status_id`),
  CONSTRAINT `grant_grant_funding_agency_id_1a97c398_fk_grant_gra` FOREIGN KEY (`funding_agency_id`) REFERENCES `grant_grantfundingagency` (`id`),
  CONSTRAINT `grant_grant_project_id_0253a10c_fk_project_project_id` FOREIGN KEY (`project_id`) REFERENCES `project_project` (`id`),
  CONSTRAINT `grant_grant_status_id_0f6d02ab_fk_grant_grantstatuschoice_id` FOREIGN KEY (`status_id`) REFERENCES `grant_grantstatuschoice` (`id`)
) ENGINE=InnoDB DEFAULT CHARSET=latin1 COLLATE=latin1_swedish_ci;
/*!40101 SET character_set_client = @saved_cs_client */;

--
-- Dumping data for table `grant_grant`
--

LOCK TABLES `grant_grant` WRITE;
/*!40000 ALTER TABLE `grant_grant` DISABLE KEYS */;
/*!40000 ALTER TABLE `grant_grant` ENABLE KEYS */;
UNLOCK TABLES;

--
-- Table structure for table `grant_grantfundingagency`
--

DROP TABLE IF EXISTS `grant_grantfundingagency`;
/*!40101 SET @saved_cs_client     = @@character_set_client */;
/*!40101 SET character_set_client = utf8 */;
CREATE TABLE `grant_grantfundingagency` (
  `id` int(11) NOT NULL AUTO_INCREMENT,
  `created` datetime(6) NOT NULL,
  `modified` datetime(6) NOT NULL,
  `name` varchar(255) NOT NULL,
  PRIMARY KEY (`id`)
) ENGINE=InnoDB AUTO_INCREMENT=12 DEFAULT CHARSET=latin1 COLLATE=latin1_swedish_ci;
/*!40101 SET character_set_client = @saved_cs_client */;

--
-- Dumping data for table `grant_grantfundingagency`
--

LOCK TABLES `grant_grantfundingagency` WRITE;
/*!40000 ALTER TABLE `grant_grantfundingagency` DISABLE KEYS */;
INSERT INTO `grant_grantfundingagency` VALUES (1,'2023-04-20 15:08:38.476829','2023-04-20 15:08:38.476829','Department of Defense (DoD)'),(2,'2023-04-20 15:08:38.479150','2023-04-20 15:08:38.479150','Department of Energy (DOE)'),(3,'2023-04-20 15:08:38.480956','2023-04-20 15:08:38.480956','Environmental Protection Agency (EPA)'),(4,'2023-04-20 15:08:38.483332','2023-04-20 15:08:38.483332','National Aeronautics and Space Administration (NASA)'),(5,'2023-04-20 15:08:38.485640','2023-04-20 15:08:38.485640','National Institutes of Health (NIH)'),(6,'2023-04-20 15:08:38.488421','2023-04-20 15:08:38.488421','National Science Foundation (NSF)'),(7,'2023-04-20 15:08:38.490618','2023-04-20 15:08:38.490618','New York State Department of Health (DOH)'),(8,'2023-04-20 15:08:38.493947','2023-04-20 15:08:38.493947','New York State (NYS)'),(9,'2023-04-20 15:08:38.496215','2023-04-20 15:08:38.496215','Empire State Development (ESD)'),(10,'2023-04-20 15:08:38.498358','2023-04-20 15:08:38.498358','Empire State Development\'s Division of Science, Technology and Innovation (NYSTAR)'),(11,'2023-04-20 15:08:38.500852','2023-04-20 15:08:38.500852','Other');
/*!40000 ALTER TABLE `grant_grantfundingagency` ENABLE KEYS */;
UNLOCK TABLES;

--
-- Table structure for table `grant_grantstatuschoice`
--

DROP TABLE IF EXISTS `grant_grantstatuschoice`;
/*!40101 SET @saved_cs_client     = @@character_set_client */;
/*!40101 SET character_set_client = utf8 */;
CREATE TABLE `grant_grantstatuschoice` (
  `id` int(11) NOT NULL AUTO_INCREMENT,
  `created` datetime(6) NOT NULL,
  `modified` datetime(6) NOT NULL,
  `name` varchar(64) NOT NULL,
  PRIMARY KEY (`id`)
) ENGINE=InnoDB AUTO_INCREMENT=4 DEFAULT CHARSET=latin1 COLLATE=latin1_swedish_ci;
/*!40101 SET character_set_client = @saved_cs_client */;

--
-- Dumping data for table `grant_grantstatuschoice`
--

LOCK TABLES `grant_grantstatuschoice` WRITE;
/*!40000 ALTER TABLE `grant_grantstatuschoice` DISABLE KEYS */;
INSERT INTO `grant_grantstatuschoice` VALUES (1,'2023-04-20 15:08:38.504597','2023-04-20 15:08:38.504597','Active'),(2,'2023-04-20 15:08:38.506631','2023-04-20 15:08:38.506631','Archived'),(3,'2023-04-20 15:08:38.508730','2023-04-20 15:08:38.508730','Pending');
/*!40000 ALTER TABLE `grant_grantstatuschoice` ENABLE KEYS */;
UNLOCK TABLES;

--
-- Table structure for table `grant_historicalgrant`
--

DROP TABLE IF EXISTS `grant_historicalgrant`;
/*!40101 SET @saved_cs_client     = @@character_set_client */;
/*!40101 SET character_set_client = utf8 */;
CREATE TABLE `grant_historicalgrant` (
  `id` int(11) NOT NULL,
  `created` datetime(6) NOT NULL,
  `modified` datetime(6) NOT NULL,
  `title` varchar(255) NOT NULL,
  `grant_number` varchar(255) NOT NULL,
  `role` varchar(10) NOT NULL,
  `grant_pi_full_name` varchar(255) NOT NULL,
  `other_funding_agency` varchar(255) NOT NULL,
  `other_award_number` varchar(255) NOT NULL,
  `grant_start` date NOT NULL,
  `grant_end` date NOT NULL,
  `percent_credit` double NOT NULL,
  `direct_funding` double NOT NULL,
  `total_amount_awarded` double NOT NULL,
  `history_id` int(11) NOT NULL AUTO_INCREMENT,
  `history_date` datetime(6) NOT NULL,
  `history_change_reason` varchar(100) DEFAULT NULL,
  `history_type` varchar(1) NOT NULL,
  `funding_agency_id` int(11) DEFAULT NULL,
  `history_user_id` int(11) DEFAULT NULL,
  `project_id` int(11) DEFAULT NULL,
  `status_id` int(11) DEFAULT NULL,
  PRIMARY KEY (`history_id`),
  KEY `grant_historicalgrant_history_user_id_718df969_fk_auth_user_id` (`history_user_id`),
  KEY `grant_historicalgrant_id_c0d06f7f` (`id`),
  KEY `grant_historicalgrant_funding_agency_id_1d122682` (`funding_agency_id`),
  KEY `grant_historicalgrant_project_id_4390dc4a` (`project_id`),
  KEY `grant_historicalgrant_status_id_78e12bed` (`status_id`),
  CONSTRAINT `grant_historicalgrant_history_user_id_718df969_fk_auth_user_id` FOREIGN KEY (`history_user_id`) REFERENCES `auth_user` (`id`)
) ENGINE=InnoDB DEFAULT CHARSET=latin1 COLLATE=latin1_swedish_ci;
/*!40101 SET character_set_client = @saved_cs_client */;

--
-- Dumping data for table `grant_historicalgrant`
--

LOCK TABLES `grant_historicalgrant` WRITE;
/*!40000 ALTER TABLE `grant_historicalgrant` DISABLE KEYS */;
/*!40000 ALTER TABLE `grant_historicalgrant` ENABLE KEYS */;
UNLOCK TABLES;

--
-- Table structure for table `project_attributetype`
--

DROP TABLE IF EXISTS `project_attributetype`;
/*!40101 SET @saved_cs_client     = @@character_set_client */;
/*!40101 SET character_set_client = utf8 */;
CREATE TABLE `project_attributetype` (
  `id` int(11) NOT NULL AUTO_INCREMENT,
  `created` datetime(6) NOT NULL,
  `modified` datetime(6) NOT NULL,
  `name` varchar(64) NOT NULL,
  PRIMARY KEY (`id`)
) ENGINE=InnoDB AUTO_INCREMENT=6 DEFAULT CHARSET=latin1 COLLATE=latin1_swedish_ci;
/*!40101 SET character_set_client = @saved_cs_client */;

--
-- Dumping data for table `project_attributetype`
--

LOCK TABLES `project_attributetype` WRITE;
/*!40000 ALTER TABLE `project_attributetype` DISABLE KEYS */;
INSERT INTO `project_attributetype` VALUES (1,'2023-04-20 15:08:38.543265','2023-04-20 15:08:38.543265','Date'),(2,'2023-04-20 15:08:38.545029','2023-04-20 15:08:38.545029','Float'),(3,'2023-04-20 15:08:38.547258','2023-04-20 15:08:38.547258','Int'),(4,'2023-04-20 15:08:38.549330','2023-04-20 15:08:38.549330','Text'),(5,'2023-04-20 15:08:38.552647','2023-04-20 15:08:38.552647','Yes/No');
/*!40000 ALTER TABLE `project_attributetype` ENABLE KEYS */;
UNLOCK TABLES;

--
-- Table structure for table `project_historicalproject`
--

DROP TABLE IF EXISTS `project_historicalproject`;
/*!40101 SET @saved_cs_client     = @@character_set_client */;
/*!40101 SET character_set_client = utf8 */;
CREATE TABLE `project_historicalproject` (
  `id` int(11) NOT NULL,
  `created` datetime(6) NOT NULL,
  `modified` datetime(6) NOT NULL,
  `title` varchar(255) NOT NULL,
  `description` longtext NOT NULL,
  `force_review` tinyint(1) NOT NULL,
  `requires_review` tinyint(1) NOT NULL,
  `history_id` int(11) NOT NULL AUTO_INCREMENT,
  `history_date` datetime(6) NOT NULL,
  `history_change_reason` varchar(100) DEFAULT NULL,
  `history_type` varchar(1) NOT NULL,
  `field_of_science_id` int(11) DEFAULT NULL,
  `history_user_id` int(11) DEFAULT NULL,
  `pi_id` int(11) DEFAULT NULL,
  `status_id` int(11) DEFAULT NULL,
  PRIMARY KEY (`history_id`),
  KEY `project_historicalpr_history_user_id_e17300cc_fk_auth_user` (`history_user_id`),
  KEY `project_historicalproject_id_60dca169` (`id`),
  KEY `project_historicalproject_field_of_science_id_d081d0e2` (`field_of_science_id`),
  KEY `project_historicalproject_pi_id_eeac0a31` (`pi_id`),
  KEY `project_historicalproject_status_id_568bbfc1` (`status_id`),
  CONSTRAINT `project_historicalpr_history_user_id_e17300cc_fk_auth_user` FOREIGN KEY (`history_user_id`) REFERENCES `auth_user` (`id`)
) ENGINE=InnoDB AUTO_INCREMENT=4 DEFAULT CHARSET=latin1 COLLATE=latin1_swedish_ci;
/*!40101 SET character_set_client = @saved_cs_client */;

--
-- Dumping data for table `project_historicalproject`
--

LOCK TABLES `project_historicalproject` WRITE;
/*!40000 ALTER TABLE `project_historicalproject` DISABLE KEYS */;
INSERT INTO `project_historicalproject` VALUES (1,'2023-04-20 20:16:30.556559','2023-04-20 20:16:30.556559','My research group','This is the work my research group does',0,1,1,'2023-04-20 20:16:30.564452',NULL,'+',143,3,3,1),(1,'2023-04-20 20:16:30.556559','2023-04-20 20:16:30.578520','My research group','This is the work my research group does',0,1,2,'2023-04-20 20:16:30.580318',NULL,'~',143,3,3,1),(1,'2023-04-20 20:16:30.556559','2023-04-20 20:19:50.165040','My research group','This is the work my research group does',1,1,3,'2023-04-20 20:19:50.165650',NULL,'~',143,2,3,1);
/*!40000 ALTER TABLE `project_historicalproject` ENABLE KEYS */;
UNLOCK TABLES;

--
-- Table structure for table `project_historicalprojectattribute`
--

DROP TABLE IF EXISTS `project_historicalprojectattribute`;
/*!40101 SET @saved_cs_client     = @@character_set_client */;
/*!40101 SET character_set_client = utf8 */;
CREATE TABLE `project_historicalprojectattribute` (
  `id` int(11) NOT NULL,
  `created` datetime(6) NOT NULL,
  `modified` datetime(6) NOT NULL,
  `value` varchar(128) NOT NULL,
  `history_id` int(11) NOT NULL AUTO_INCREMENT,
  `history_date` datetime(6) NOT NULL,
  `history_change_reason` varchar(100) DEFAULT NULL,
  `history_type` varchar(1) NOT NULL,
  `history_user_id` int(11) DEFAULT NULL,
  `proj_attr_type_id` int(11) DEFAULT NULL,
  `project_id` int(11) DEFAULT NULL,
  PRIMARY KEY (`history_id`),
  KEY `project_historicalpr_history_user_id_1f7b76c6_fk_auth_user` (`history_user_id`),
  KEY `project_historicalprojectattribute_id_b4b16ed4` (`id`),
  KEY `project_historicalprojectattribute_proj_attr_type_id_90fe90b9` (`proj_attr_type_id`),
  KEY `project_historicalprojectattribute_project_id_4590fab6` (`project_id`),
  CONSTRAINT `project_historicalpr_history_user_id_1f7b76c6_fk_auth_user` FOREIGN KEY (`history_user_id`) REFERENCES `auth_user` (`id`)
) ENGINE=InnoDB DEFAULT CHARSET=latin1 COLLATE=latin1_swedish_ci;
/*!40101 SET character_set_client = @saved_cs_client */;

--
-- Dumping data for table `project_historicalprojectattribute`
--

LOCK TABLES `project_historicalprojectattribute` WRITE;
/*!40000 ALTER TABLE `project_historicalprojectattribute` DISABLE KEYS */;
/*!40000 ALTER TABLE `project_historicalprojectattribute` ENABLE KEYS */;
UNLOCK TABLES;

--
-- Table structure for table `project_historicalprojectattributetype`
--

DROP TABLE IF EXISTS `project_historicalprojectattributetype`;
/*!40101 SET @saved_cs_client     = @@character_set_client */;
/*!40101 SET character_set_client = utf8 */;
CREATE TABLE `project_historicalprojectattributetype` (
  `id` int(11) NOT NULL,
  `created` datetime(6) NOT NULL,
  `modified` datetime(6) NOT NULL,
  `name` varchar(50) NOT NULL,
  `has_usage` tinyint(1) NOT NULL,
  `is_required` tinyint(1) NOT NULL,
  `is_unique` tinyint(1) NOT NULL,
  `is_private` tinyint(1) NOT NULL,
  `is_changeable` tinyint(1) NOT NULL,
  `history_id` int(11) NOT NULL AUTO_INCREMENT,
  `history_date` datetime(6) NOT NULL,
  `history_change_reason` varchar(100) DEFAULT NULL,
  `history_type` varchar(1) NOT NULL,
  `attribute_type_id` int(11) DEFAULT NULL,
  `history_user_id` int(11) DEFAULT NULL,
  PRIMARY KEY (`history_id`),
  KEY `project_historicalpr_history_user_id_5efdbf40_fk_auth_user` (`history_user_id`),
  KEY `project_historicalprojectattributetype_id_b53f7104` (`id`),
  KEY `project_historicalprojectat_attribute_type_id_8c087f2f` (`attribute_type_id`),
  CONSTRAINT `project_historicalpr_history_user_id_5efdbf40_fk_auth_user` FOREIGN KEY (`history_user_id`) REFERENCES `auth_user` (`id`)
) ENGINE=InnoDB AUTO_INCREMENT=3 DEFAULT CHARSET=latin1 COLLATE=latin1_swedish_ci;
/*!40101 SET character_set_client = @saved_cs_client */;

--
-- Dumping data for table `project_historicalprojectattributetype`
--

LOCK TABLES `project_historicalprojectattributetype` WRITE;
/*!40000 ALTER TABLE `project_historicalprojectattributetype` DISABLE KEYS */;
INSERT INTO `project_historicalprojectattributetype` VALUES (1,'2023-04-20 15:08:38.556602','2023-04-20 15:08:38.556602','Project ID',0,0,0,0,0,1,'2023-04-20 15:08:38.557134',NULL,'+',4,NULL),(2,'2023-04-20 15:08:38.560659','2023-04-20 15:08:38.560659','Account Number',0,0,0,1,0,2,'2023-04-20 15:08:38.561107',NULL,'+',3,NULL);
/*!40000 ALTER TABLE `project_historicalprojectattributetype` ENABLE KEYS */;
UNLOCK TABLES;

--
-- Table structure for table `project_historicalprojectattributeusage`
--

DROP TABLE IF EXISTS `project_historicalprojectattributeusage`;
/*!40101 SET @saved_cs_client     = @@character_set_client */;
/*!40101 SET character_set_client = utf8 */;
CREATE TABLE `project_historicalprojectattributeusage` (
  `created` datetime(6) NOT NULL,
  `modified` datetime(6) NOT NULL,
  `value` double NOT NULL,
  `history_id` int(11) NOT NULL AUTO_INCREMENT,
  `history_date` datetime(6) NOT NULL,
  `history_change_reason` varchar(100) DEFAULT NULL,
  `history_type` varchar(1) NOT NULL,
  `history_user_id` int(11) DEFAULT NULL,
  `project_attribute_id` int(11) DEFAULT NULL,
  PRIMARY KEY (`history_id`),
  KEY `project_historicalpr_history_user_id_1d8d617d_fk_auth_user` (`history_user_id`),
  KEY `project_historicalprojectat_project_attribute_id_e817e9f1` (`project_attribute_id`),
  CONSTRAINT `project_historicalpr_history_user_id_1d8d617d_fk_auth_user` FOREIGN KEY (`history_user_id`) REFERENCES `auth_user` (`id`)
) ENGINE=InnoDB DEFAULT CHARSET=latin1 COLLATE=latin1_swedish_ci;
/*!40101 SET character_set_client = @saved_cs_client */;

--
-- Dumping data for table `project_historicalprojectattributeusage`
--

LOCK TABLES `project_historicalprojectattributeusage` WRITE;
/*!40000 ALTER TABLE `project_historicalprojectattributeusage` DISABLE KEYS */;
/*!40000 ALTER TABLE `project_historicalprojectattributeusage` ENABLE KEYS */;
UNLOCK TABLES;

--
-- Table structure for table `project_historicalprojectreview`
--

DROP TABLE IF EXISTS `project_historicalprojectreview`;
/*!40101 SET @saved_cs_client     = @@character_set_client */;
/*!40101 SET character_set_client = utf8 */;
CREATE TABLE `project_historicalprojectreview` (
  `id` int(11) NOT NULL,
  `created` datetime(6) NOT NULL,
  `modified` datetime(6) NOT NULL,
  `reason_for_not_updating_project` longtext DEFAULT NULL,
  `history_id` int(11) NOT NULL AUTO_INCREMENT,
  `history_date` datetime(6) NOT NULL,
  `history_change_reason` varchar(100) DEFAULT NULL,
  `history_type` varchar(1) NOT NULL,
  `history_user_id` int(11) DEFAULT NULL,
  `project_id` int(11) DEFAULT NULL,
  `status_id` int(11) DEFAULT NULL,
  PRIMARY KEY (`history_id`),
  KEY `project_historicalpr_history_user_id_2b716e58_fk_auth_user` (`history_user_id`),
  KEY `project_historicalprojectreview_id_1953d490` (`id`),
  KEY `project_historicalprojectreview_project_id_1692a058` (`project_id`),
  KEY `project_historicalprojectreview_status_id_d0b59bed` (`status_id`),
  CONSTRAINT `project_historicalpr_history_user_id_2b716e58_fk_auth_user` FOREIGN KEY (`history_user_id`) REFERENCES `auth_user` (`id`)
) ENGINE=InnoDB DEFAULT CHARSET=latin1 COLLATE=latin1_swedish_ci;
/*!40101 SET character_set_client = @saved_cs_client */;

--
-- Dumping data for table `project_historicalprojectreview`
--

LOCK TABLES `project_historicalprojectreview` WRITE;
/*!40000 ALTER TABLE `project_historicalprojectreview` DISABLE KEYS */;
/*!40000 ALTER TABLE `project_historicalprojectreview` ENABLE KEYS */;
UNLOCK TABLES;

--
-- Table structure for table `project_historicalprojectuser`
--

DROP TABLE IF EXISTS `project_historicalprojectuser`;
/*!40101 SET @saved_cs_client     = @@character_set_client */;
/*!40101 SET character_set_client = utf8 */;
CREATE TABLE `project_historicalprojectuser` (
  `id` int(11) NOT NULL,
  `created` datetime(6) NOT NULL,
  `modified` datetime(6) NOT NULL,
  `enable_notifications` tinyint(1) NOT NULL,
  `history_id` int(11) NOT NULL AUTO_INCREMENT,
  `history_date` datetime(6) NOT NULL,
  `history_change_reason` varchar(100) DEFAULT NULL,
  `history_type` varchar(1) NOT NULL,
  `history_user_id` int(11) DEFAULT NULL,
  `project_id` int(11) DEFAULT NULL,
  `role_id` int(11) DEFAULT NULL,
  `status_id` int(11) DEFAULT NULL,
  `user_id` int(11) DEFAULT NULL,
  PRIMARY KEY (`history_id`),
  KEY `project_historicalpr_history_user_id_fc0c52b2_fk_auth_user` (`history_user_id`),
  KEY `project_historicalprojectuser_id_0c642cb6` (`id`),
  KEY `project_historicalprojectuser_project_id_5a6bf8f6` (`project_id`),
  KEY `project_historicalprojectuser_role_id_65b74013` (`role_id`),
  KEY `project_historicalprojectuser_status_id_967d8a13` (`status_id`),
  KEY `project_historicalprojectuser_user_id_798e9dbb` (`user_id`),
  CONSTRAINT `project_historicalpr_history_user_id_fc0c52b2_fk_auth_user` FOREIGN KEY (`history_user_id`) REFERENCES `auth_user` (`id`)
) ENGINE=InnoDB AUTO_INCREMENT=2 DEFAULT CHARSET=latin1 COLLATE=latin1_swedish_ci;
/*!40101 SET character_set_client = @saved_cs_client */;

--
-- Dumping data for table `project_historicalprojectuser`
--

LOCK TABLES `project_historicalprojectuser` WRITE;
/*!40000 ALTER TABLE `project_historicalprojectuser` DISABLE KEYS */;
INSERT INTO `project_historicalprojectuser` VALUES (1,'2023-04-20 20:16:30.571779','2023-04-20 20:16:30.571779',1,1,'2023-04-20 20:16:30.575189',NULL,'+',3,1,2,1,3);
/*!40000 ALTER TABLE `project_historicalprojectuser` ENABLE KEYS */;
UNLOCK TABLES;

--
-- Table structure for table `project_project`
--

DROP TABLE IF EXISTS `project_project`;
/*!40101 SET @saved_cs_client     = @@character_set_client */;
/*!40101 SET character_set_client = utf8 */;
CREATE TABLE `project_project` (
  `id` int(11) NOT NULL AUTO_INCREMENT,
  `created` datetime(6) NOT NULL,
  `modified` datetime(6) NOT NULL,
  `title` varchar(255) NOT NULL,
  `description` longtext NOT NULL,
  `force_review` tinyint(1) NOT NULL,
  `requires_review` tinyint(1) NOT NULL,
  `field_of_science_id` int(11) NOT NULL,
  `pi_id` int(11) NOT NULL,
  `status_id` int(11) NOT NULL,
  PRIMARY KEY (`id`),
  KEY `project_project_status_id_78c6e3dd_fk_project_p` (`status_id`),
  KEY `project_project_field_of_science_id_08ebe013_fk_field_of_` (`field_of_science_id`),
  KEY `project_project_pi_id_d89a9e2f_fk_auth_user_id` (`pi_id`),
  CONSTRAINT `project_project_field_of_science_id_08ebe013_fk_field_of_` FOREIGN KEY (`field_of_science_id`) REFERENCES `field_of_science_fieldofscience` (`id`),
  CONSTRAINT `project_project_pi_id_d89a9e2f_fk_auth_user_id` FOREIGN KEY (`pi_id`) REFERENCES `auth_user` (`id`),
  CONSTRAINT `project_project_status_id_78c6e3dd_fk_project_p` FOREIGN KEY (`status_id`) REFERENCES `project_projectstatuschoice` (`id`)
) ENGINE=InnoDB AUTO_INCREMENT=2 DEFAULT CHARSET=latin1 COLLATE=latin1_swedish_ci;
/*!40101 SET character_set_client = @saved_cs_client */;

--
-- Dumping data for table `project_project`
--

LOCK TABLES `project_project` WRITE;
/*!40000 ALTER TABLE `project_project` DISABLE KEYS */;
INSERT INTO `project_project` VALUES (1,'2023-04-20 20:16:30.556559','2023-04-20 20:19:50.165040','My research group','This is the work my research group does',1,1,143,3,1);
/*!40000 ALTER TABLE `project_project` ENABLE KEYS */;
UNLOCK TABLES;

--
-- Table structure for table `project_projectadmincomment`
--

DROP TABLE IF EXISTS `project_projectadmincomment`;
/*!40101 SET @saved_cs_client     = @@character_set_client */;
/*!40101 SET character_set_client = utf8 */;
CREATE TABLE `project_projectadmincomment` (
  `id` int(11) NOT NULL AUTO_INCREMENT,
  `created` datetime(6) NOT NULL,
  `modified` datetime(6) NOT NULL,
  `comment` longtext NOT NULL,
  `author_id` int(11) NOT NULL,
  `project_id` int(11) NOT NULL,
  PRIMARY KEY (`id`),
  KEY `project_projectadmincomment_author_id_e2b30f43_fk_auth_user_id` (`author_id`),
  KEY `project_projectadmin_project_id_3784c2f7_fk_project_p` (`project_id`),
  CONSTRAINT `project_projectadmin_project_id_3784c2f7_fk_project_p` FOREIGN KEY (`project_id`) REFERENCES `project_project` (`id`),
  CONSTRAINT `project_projectadmincomment_author_id_e2b30f43_fk_auth_user_id` FOREIGN KEY (`author_id`) REFERENCES `auth_user` (`id`)
) ENGINE=InnoDB DEFAULT CHARSET=latin1 COLLATE=latin1_swedish_ci;
/*!40101 SET character_set_client = @saved_cs_client */;

--
-- Dumping data for table `project_projectadmincomment`
--

LOCK TABLES `project_projectadmincomment` WRITE;
/*!40000 ALTER TABLE `project_projectadmincomment` DISABLE KEYS */;
/*!40000 ALTER TABLE `project_projectadmincomment` ENABLE KEYS */;
UNLOCK TABLES;

--
-- Table structure for table `project_projectattribute`
--

DROP TABLE IF EXISTS `project_projectattribute`;
/*!40101 SET @saved_cs_client     = @@character_set_client */;
/*!40101 SET character_set_client = utf8 */;
CREATE TABLE `project_projectattribute` (
  `id` int(11) NOT NULL AUTO_INCREMENT,
  `created` datetime(6) NOT NULL,
  `modified` datetime(6) NOT NULL,
  `value` varchar(128) NOT NULL,
  `proj_attr_type_id` int(11) NOT NULL,
  `project_id` int(11) NOT NULL,
  PRIMARY KEY (`id`),
  KEY `project_projectattri_proj_attr_type_id_6c39aa56_fk_project_p` (`proj_attr_type_id`),
  KEY `project_projectattri_project_id_8462900b_fk_project_p` (`project_id`),
  CONSTRAINT `project_projectattri_proj_attr_type_id_6c39aa56_fk_project_p` FOREIGN KEY (`proj_attr_type_id`) REFERENCES `project_projectattributetype` (`id`),
  CONSTRAINT `project_projectattri_project_id_8462900b_fk_project_p` FOREIGN KEY (`project_id`) REFERENCES `project_project` (`id`)
) ENGINE=InnoDB DEFAULT CHARSET=latin1 COLLATE=latin1_swedish_ci;
/*!40101 SET character_set_client = @saved_cs_client */;

--
-- Dumping data for table `project_projectattribute`
--

LOCK TABLES `project_projectattribute` WRITE;
/*!40000 ALTER TABLE `project_projectattribute` DISABLE KEYS */;
/*!40000 ALTER TABLE `project_projectattribute` ENABLE KEYS */;
UNLOCK TABLES;

--
-- Table structure for table `project_projectattributetype`
--

DROP TABLE IF EXISTS `project_projectattributetype`;
/*!40101 SET @saved_cs_client     = @@character_set_client */;
/*!40101 SET character_set_client = utf8 */;
CREATE TABLE `project_projectattributetype` (
  `id` int(11) NOT NULL AUTO_INCREMENT,
  `created` datetime(6) NOT NULL,
  `modified` datetime(6) NOT NULL,
  `name` varchar(50) NOT NULL,
  `has_usage` tinyint(1) NOT NULL,
  `is_required` tinyint(1) NOT NULL,
  `is_unique` tinyint(1) NOT NULL,
  `is_private` tinyint(1) NOT NULL,
  `is_changeable` tinyint(1) NOT NULL,
  `attribute_type_id` int(11) NOT NULL,
  PRIMARY KEY (`id`),
  KEY `project_projectattri_attribute_type_id_e7a260c5_fk_project_a` (`attribute_type_id`),
  CONSTRAINT `project_projectattri_attribute_type_id_e7a260c5_fk_project_a` FOREIGN KEY (`attribute_type_id`) REFERENCES `project_attributetype` (`id`)
) ENGINE=InnoDB AUTO_INCREMENT=3 DEFAULT CHARSET=latin1 COLLATE=latin1_swedish_ci;
/*!40101 SET character_set_client = @saved_cs_client */;

--
-- Dumping data for table `project_projectattributetype`
--

LOCK TABLES `project_projectattributetype` WRITE;
/*!40000 ALTER TABLE `project_projectattributetype` DISABLE KEYS */;
INSERT INTO `project_projectattributetype` VALUES (1,'2023-04-20 15:08:38.556602','2023-04-20 15:08:38.556602','Project ID',0,0,0,0,0,4),(2,'2023-04-20 15:08:38.560659','2023-04-20 15:08:38.560659','Account Number',0,0,0,1,0,3);
/*!40000 ALTER TABLE `project_projectattributetype` ENABLE KEYS */;
UNLOCK TABLES;

--
-- Table structure for table `project_projectattributeusage`
--

DROP TABLE IF EXISTS `project_projectattributeusage`;
/*!40101 SET @saved_cs_client     = @@character_set_client */;
/*!40101 SET character_set_client = utf8 */;
CREATE TABLE `project_projectattributeusage` (
  `created` datetime(6) NOT NULL,
  `modified` datetime(6) NOT NULL,
  `project_attribute_id` int(11) NOT NULL,
  `value` double NOT NULL,
  PRIMARY KEY (`project_attribute_id`),
  CONSTRAINT `project_projectattri_project_attribute_id_ae6948c2_fk_project_p` FOREIGN KEY (`project_attribute_id`) REFERENCES `project_projectattribute` (`id`)
) ENGINE=InnoDB DEFAULT CHARSET=latin1 COLLATE=latin1_swedish_ci;
/*!40101 SET character_set_client = @saved_cs_client */;

--
-- Dumping data for table `project_projectattributeusage`
--

LOCK TABLES `project_projectattributeusage` WRITE;
/*!40000 ALTER TABLE `project_projectattributeusage` DISABLE KEYS */;
/*!40000 ALTER TABLE `project_projectattributeusage` ENABLE KEYS */;
UNLOCK TABLES;

--
-- Table structure for table `project_projectreview`
--

DROP TABLE IF EXISTS `project_projectreview`;
/*!40101 SET @saved_cs_client     = @@character_set_client */;
/*!40101 SET character_set_client = utf8 */;
CREATE TABLE `project_projectreview` (
  `id` int(11) NOT NULL AUTO_INCREMENT,
  `created` datetime(6) NOT NULL,
  `modified` datetime(6) NOT NULL,
  `reason_for_not_updating_project` longtext DEFAULT NULL,
  `project_id` int(11) NOT NULL,
  `status_id` int(11) NOT NULL,
  PRIMARY KEY (`id`),
  KEY `project_projectreview_project_id_ce613a53_fk_project_project_id` (`project_id`),
  KEY `project_projectrevie_status_id_02648ea3_fk_project_p` (`status_id`),
  CONSTRAINT `project_projectrevie_status_id_02648ea3_fk_project_p` FOREIGN KEY (`status_id`) REFERENCES `project_projectreviewstatuschoice` (`id`),
  CONSTRAINT `project_projectreview_project_id_ce613a53_fk_project_project_id` FOREIGN KEY (`project_id`) REFERENCES `project_project` (`id`)
) ENGINE=InnoDB DEFAULT CHARSET=latin1 COLLATE=latin1_swedish_ci;
/*!40101 SET character_set_client = @saved_cs_client */;

--
-- Dumping data for table `project_projectreview`
--

LOCK TABLES `project_projectreview` WRITE;
/*!40000 ALTER TABLE `project_projectreview` DISABLE KEYS */;
/*!40000 ALTER TABLE `project_projectreview` ENABLE KEYS */;
UNLOCK TABLES;

--
-- Table structure for table `project_projectreviewstatuschoice`
--

DROP TABLE IF EXISTS `project_projectreviewstatuschoice`;
/*!40101 SET @saved_cs_client     = @@character_set_client */;
/*!40101 SET character_set_client = utf8 */;
CREATE TABLE `project_projectreviewstatuschoice` (
  `id` int(11) NOT NULL AUTO_INCREMENT,
  `created` datetime(6) NOT NULL,
  `modified` datetime(6) NOT NULL,
  `name` varchar(64) NOT NULL,
  PRIMARY KEY (`id`)
) ENGINE=InnoDB AUTO_INCREMENT=3 DEFAULT CHARSET=latin1 COLLATE=latin1_swedish_ci;
/*!40101 SET character_set_client = @saved_cs_client */;

--
-- Dumping data for table `project_projectreviewstatuschoice`
--

LOCK TABLES `project_projectreviewstatuschoice` WRITE;
/*!40000 ALTER TABLE `project_projectreviewstatuschoice` DISABLE KEYS */;
INSERT INTO `project_projectreviewstatuschoice` VALUES (1,'2023-04-20 15:08:38.520866','2023-04-20 15:08:38.520866','Completed'),(2,'2023-04-20 15:08:38.523649','2023-04-20 15:08:38.523649','Pending');
/*!40000 ALTER TABLE `project_projectreviewstatuschoice` ENABLE KEYS */;
UNLOCK TABLES;

--
-- Table structure for table `project_projectstatuschoice`
--

DROP TABLE IF EXISTS `project_projectstatuschoice`;
/*!40101 SET @saved_cs_client     = @@character_set_client */;
/*!40101 SET character_set_client = utf8 */;
CREATE TABLE `project_projectstatuschoice` (
  `id` int(11) NOT NULL AUTO_INCREMENT,
  `created` datetime(6) NOT NULL,
  `modified` datetime(6) NOT NULL,
  `name` varchar(64) NOT NULL,
  PRIMARY KEY (`id`)
) ENGINE=InnoDB AUTO_INCREMENT=4 DEFAULT CHARSET=latin1 COLLATE=latin1_swedish_ci;
/*!40101 SET character_set_client = @saved_cs_client */;

--
-- Dumping data for table `project_projectstatuschoice`
--

LOCK TABLES `project_projectstatuschoice` WRITE;
/*!40000 ALTER TABLE `project_projectstatuschoice` DISABLE KEYS */;
INSERT INTO `project_projectstatuschoice` VALUES (1,'2023-04-20 15:08:38.512034','2023-04-20 15:08:38.512034','New'),(2,'2023-04-20 15:08:38.515099','2023-04-20 15:08:38.515099','Active'),(3,'2023-04-20 15:08:38.518677','2023-04-20 15:08:38.518677','Archived');
/*!40000 ALTER TABLE `project_projectstatuschoice` ENABLE KEYS */;
UNLOCK TABLES;

--
-- Table structure for table `project_projectuser`
--

DROP TABLE IF EXISTS `project_projectuser`;
/*!40101 SET @saved_cs_client     = @@character_set_client */;
/*!40101 SET character_set_client = utf8 */;
CREATE TABLE `project_projectuser` (
  `id` int(11) NOT NULL AUTO_INCREMENT,
  `created` datetime(6) NOT NULL,
  `modified` datetime(6) NOT NULL,
  `enable_notifications` tinyint(1) NOT NULL,
  `project_id` int(11) NOT NULL,
  `role_id` int(11) NOT NULL,
  `status_id` int(11) NOT NULL,
  `user_id` int(11) NOT NULL,
  PRIMARY KEY (`id`),
  UNIQUE KEY `project_projectuser_user_id_project_id_fd102ced_uniq` (`user_id`,`project_id`),
  KEY `project_projectuser_project_id_6e972543_fk_project_project_id` (`project_id`),
  KEY `project_projectuser_role_id_70d4c1e5_fk_project_p` (`role_id`),
  KEY `project_projectuser_status_id_2b85da74_fk_project_p` (`status_id`),
  CONSTRAINT `project_projectuser_project_id_6e972543_fk_project_project_id` FOREIGN KEY (`project_id`) REFERENCES `project_project` (`id`),
  CONSTRAINT `project_projectuser_role_id_70d4c1e5_fk_project_p` FOREIGN KEY (`role_id`) REFERENCES `project_projectuserrolechoice` (`id`),
  CONSTRAINT `project_projectuser_status_id_2b85da74_fk_project_p` FOREIGN KEY (`status_id`) REFERENCES `project_projectuserstatuschoice` (`id`),
  CONSTRAINT `project_projectuser_user_id_b5f249d9_fk_auth_user_id` FOREIGN KEY (`user_id`) REFERENCES `auth_user` (`id`)
) ENGINE=InnoDB AUTO_INCREMENT=2 DEFAULT CHARSET=latin1 COLLATE=latin1_swedish_ci;
/*!40101 SET character_set_client = @saved_cs_client */;

--
-- Dumping data for table `project_projectuser`
--

LOCK TABLES `project_projectuser` WRITE;
/*!40000 ALTER TABLE `project_projectuser` DISABLE KEYS */;
INSERT INTO `project_projectuser` VALUES (1,'2023-04-20 20:16:30.571779','2023-04-20 20:16:30.571779',1,1,2,1,3);
/*!40000 ALTER TABLE `project_projectuser` ENABLE KEYS */;
UNLOCK TABLES;

--
-- Table structure for table `project_projectusermessage`
--

DROP TABLE IF EXISTS `project_projectusermessage`;
/*!40101 SET @saved_cs_client     = @@character_set_client */;
/*!40101 SET character_set_client = utf8 */;
CREATE TABLE `project_projectusermessage` (
  `id` int(11) NOT NULL AUTO_INCREMENT,
  `created` datetime(6) NOT NULL,
  `modified` datetime(6) NOT NULL,
  `message` longtext NOT NULL,
  `author_id` int(11) NOT NULL,
  `project_id` int(11) NOT NULL,
  `is_private` tinyint(1) NOT NULL,
  PRIMARY KEY (`id`),
  KEY `project_projectusermessage_author_id_013403d2_fk_auth_user_id` (`author_id`),
  KEY `project_projectuserm_project_id_f126dfcc_fk_project_p` (`project_id`),
  CONSTRAINT `project_projectuserm_project_id_f126dfcc_fk_project_p` FOREIGN KEY (`project_id`) REFERENCES `project_project` (`id`),
  CONSTRAINT `project_projectusermessage_author_id_013403d2_fk_auth_user_id` FOREIGN KEY (`author_id`) REFERENCES `auth_user` (`id`)
) ENGINE=InnoDB DEFAULT CHARSET=latin1 COLLATE=latin1_swedish_ci;
/*!40101 SET character_set_client = @saved_cs_client */;

--
-- Dumping data for table `project_projectusermessage`
--

LOCK TABLES `project_projectusermessage` WRITE;
/*!40000 ALTER TABLE `project_projectusermessage` DISABLE KEYS */;
/*!40000 ALTER TABLE `project_projectusermessage` ENABLE KEYS */;
UNLOCK TABLES;

--
-- Table structure for table `project_projectuserrolechoice`
--

DROP TABLE IF EXISTS `project_projectuserrolechoice`;
/*!40101 SET @saved_cs_client     = @@character_set_client */;
/*!40101 SET character_set_client = utf8 */;
CREATE TABLE `project_projectuserrolechoice` (
  `id` int(11) NOT NULL AUTO_INCREMENT,
  `created` datetime(6) NOT NULL,
  `modified` datetime(6) NOT NULL,
  `name` varchar(64) NOT NULL,
  PRIMARY KEY (`id`)
) ENGINE=InnoDB AUTO_INCREMENT=3 DEFAULT CHARSET=latin1 COLLATE=latin1_swedish_ci;
/*!40101 SET character_set_client = @saved_cs_client */;

--
-- Dumping data for table `project_projectuserrolechoice`
--

LOCK TABLES `project_projectuserrolechoice` WRITE;
/*!40000 ALTER TABLE `project_projectuserrolechoice` DISABLE KEYS */;
INSERT INTO `project_projectuserrolechoice` VALUES (1,'2023-04-20 15:08:38.525771','2023-04-20 15:08:38.525771','User'),(2,'2023-04-20 15:08:38.528064','2023-04-20 15:08:38.528064','Manager');
/*!40000 ALTER TABLE `project_projectuserrolechoice` ENABLE KEYS */;
UNLOCK TABLES;

--
-- Table structure for table `project_projectuserstatuschoice`
--

DROP TABLE IF EXISTS `project_projectuserstatuschoice`;
/*!40101 SET @saved_cs_client     = @@character_set_client */;
/*!40101 SET character_set_client = utf8 */;
CREATE TABLE `project_projectuserstatuschoice` (
  `id` int(11) NOT NULL AUTO_INCREMENT,
  `created` datetime(6) NOT NULL,
  `modified` datetime(6) NOT NULL,
  `name` varchar(64) NOT NULL,
  PRIMARY KEY (`id`)
) ENGINE=InnoDB AUTO_INCREMENT=6 DEFAULT CHARSET=latin1 COLLATE=latin1_swedish_ci;
/*!40101 SET character_set_client = @saved_cs_client */;

--
-- Dumping data for table `project_projectuserstatuschoice`
--

LOCK TABLES `project_projectuserstatuschoice` WRITE;
/*!40000 ALTER TABLE `project_projectuserstatuschoice` DISABLE KEYS */;
INSERT INTO `project_projectuserstatuschoice` VALUES (1,'2023-04-20 15:08:38.533245','2023-04-20 15:08:38.533245','Active'),(2,'2023-04-20 15:08:38.535448','2023-04-20 15:08:38.535448','Pending - Add'),(3,'2023-04-20 15:08:38.537318','2023-04-20 15:08:38.537318','Pending - Remove'),(4,'2023-04-20 15:08:38.539484','2023-04-20 15:08:38.539484','Denied'),(5,'2023-04-20 15:08:38.541341','2023-04-20 15:08:38.541341','Removed');
/*!40000 ALTER TABLE `project_projectuserstatuschoice` ENABLE KEYS */;
UNLOCK TABLES;

--
-- Table structure for table `publication_historicalpublication`
--

DROP TABLE IF EXISTS `publication_historicalpublication`;
/*!40101 SET @saved_cs_client     = @@character_set_client */;
/*!40101 SET character_set_client = utf8 */;
CREATE TABLE `publication_historicalpublication` (
  `id` int(11) NOT NULL,
  `created` datetime(6) NOT NULL,
  `modified` datetime(6) NOT NULL,
  `title` varchar(1024) NOT NULL,
  `author` varchar(1024) NOT NULL,
  `year` int(10) unsigned NOT NULL CHECK (`year` >= 0),
  `unique_id` varchar(255) DEFAULT NULL,
  `status` varchar(16) NOT NULL,
  `history_id` int(11) NOT NULL AUTO_INCREMENT,
  `history_date` datetime(6) NOT NULL,
  `history_change_reason` varchar(100) DEFAULT NULL,
  `history_type` varchar(1) NOT NULL,
  `history_user_id` int(11) DEFAULT NULL,
  `project_id` int(11) DEFAULT NULL,
  `source_id` int(11) DEFAULT NULL,
  `journal` varchar(1024) NOT NULL,
  PRIMARY KEY (`history_id`),
  KEY `publication_historic_history_user_id_5716ab54_fk_auth_user` (`history_user_id`),
  KEY `publication_historicalpublication_id_7753bbd1` (`id`),
  KEY `publication_historicalpublication_project_id_48647b90` (`project_id`),
  KEY `publication_historicalpublication_source_id_01f799d3` (`source_id`),
  CONSTRAINT `publication_historic_history_user_id_5716ab54_fk_auth_user` FOREIGN KEY (`history_user_id`) REFERENCES `auth_user` (`id`)
) ENGINE=InnoDB DEFAULT CHARSET=latin1 COLLATE=latin1_swedish_ci;
/*!40101 SET character_set_client = @saved_cs_client */;

--
-- Dumping data for table `publication_historicalpublication`
--

LOCK TABLES `publication_historicalpublication` WRITE;
/*!40000 ALTER TABLE `publication_historicalpublication` DISABLE KEYS */;
/*!40000 ALTER TABLE `publication_historicalpublication` ENABLE KEYS */;
UNLOCK TABLES;

--
-- Table structure for table `publication_publication`
--

DROP TABLE IF EXISTS `publication_publication`;
/*!40101 SET @saved_cs_client     = @@character_set_client */;
/*!40101 SET character_set_client = utf8 */;
CREATE TABLE `publication_publication` (
  `id` int(11) NOT NULL AUTO_INCREMENT,
  `created` datetime(6) NOT NULL,
  `modified` datetime(6) NOT NULL,
  `title` varchar(1024) NOT NULL,
  `author` varchar(1024) NOT NULL,
  `year` int(10) unsigned NOT NULL CHECK (`year` >= 0),
  `unique_id` varchar(255) DEFAULT NULL,
  `status` varchar(16) NOT NULL,
  `project_id` int(11) NOT NULL,
  `source_id` int(11) NOT NULL,
  `journal` varchar(1024) NOT NULL,
  PRIMARY KEY (`id`),
  UNIQUE KEY `publication_publication_project_id_unique_id_3cca3e2b_uniq` (`project_id`,`unique_id`),
  KEY `publication_publicat_source_id_bad513c4_fk_publicati` (`source_id`),
  CONSTRAINT `publication_publicat_project_id_71866df3_fk_project_p` FOREIGN KEY (`project_id`) REFERENCES `project_project` (`id`),
  CONSTRAINT `publication_publicat_source_id_bad513c4_fk_publicati` FOREIGN KEY (`source_id`) REFERENCES `publication_publicationsource` (`id`)
) ENGINE=InnoDB DEFAULT CHARSET=latin1 COLLATE=latin1_swedish_ci;
/*!40101 SET character_set_client = @saved_cs_client */;

--
-- Dumping data for table `publication_publication`
--

LOCK TABLES `publication_publication` WRITE;
/*!40000 ALTER TABLE `publication_publication` DISABLE KEYS */;
/*!40000 ALTER TABLE `publication_publication` ENABLE KEYS */;
UNLOCK TABLES;

--
-- Table structure for table `publication_publicationsource`
--

DROP TABLE IF EXISTS `publication_publicationsource`;
/*!40101 SET @saved_cs_client     = @@character_set_client */;
/*!40101 SET character_set_client = utf8 */;
CREATE TABLE `publication_publicationsource` (
  `id` int(11) NOT NULL AUTO_INCREMENT,
  `created` datetime(6) NOT NULL,
  `modified` datetime(6) NOT NULL,
  `name` varchar(255) NOT NULL,
  `url` varchar(200) DEFAULT NULL,
  PRIMARY KEY (`id`),
  UNIQUE KEY `publication_publicationsource_name_da811deb_uniq` (`name`)
) ENGINE=InnoDB AUTO_INCREMENT=4 DEFAULT CHARSET=latin1 COLLATE=latin1_swedish_ci;
/*!40101 SET character_set_client = @saved_cs_client */;

--
-- Dumping data for table `publication_publicationsource`
--

LOCK TABLES `publication_publicationsource` WRITE;
/*!40000 ALTER TABLE `publication_publicationsource` DISABLE KEYS */;
INSERT INTO `publication_publicationsource` VALUES (2,'2023-04-20 15:08:38.846872','2023-04-20 15:08:38.846872','doi','https://doi.org/'),(3,'2023-04-20 15:08:38.849126','2023-04-20 15:08:38.849126','manual',NULL);
/*!40000 ALTER TABLE `publication_publicationsource` ENABLE KEYS */;
UNLOCK TABLES;

--
-- Table structure for table `research_output_historicalresearchoutput`
--

DROP TABLE IF EXISTS `research_output_historicalresearchoutput`;
/*!40101 SET @saved_cs_client     = @@character_set_client */;
/*!40101 SET character_set_client = utf8 */;
CREATE TABLE `research_output_historicalresearchoutput` (
  `id` int(11) NOT NULL,
  `modified` datetime(6) NOT NULL,
  `title` varchar(128) NOT NULL,
  `description` longtext NOT NULL,
  `created` datetime(6) NOT NULL,
  `history_id` int(11) NOT NULL AUTO_INCREMENT,
  `history_date` datetime(6) NOT NULL,
  `history_change_reason` varchar(100) DEFAULT NULL,
  `history_type` varchar(1) NOT NULL,
  `created_by_id` int(11) DEFAULT NULL,
  `history_user_id` int(11) DEFAULT NULL,
  `project_id` int(11) DEFAULT NULL,
  PRIMARY KEY (`history_id`),
  KEY `research_output_hist_history_user_id_adadad72_fk_auth_user` (`history_user_id`),
  KEY `research_output_historicalresearchoutput_id_6d5f498c` (`id`),
  KEY `research_output_historicalresearchoutput_created_by_id_d22f2e09` (`created_by_id`),
  KEY `research_output_historicalresearchoutput_project_id_54c8fa3d` (`project_id`),
  CONSTRAINT `research_output_hist_history_user_id_adadad72_fk_auth_user` FOREIGN KEY (`history_user_id`) REFERENCES `auth_user` (`id`)
) ENGINE=InnoDB DEFAULT CHARSET=latin1 COLLATE=latin1_swedish_ci;
/*!40101 SET character_set_client = @saved_cs_client */;

--
-- Dumping data for table `research_output_historicalresearchoutput`
--

LOCK TABLES `research_output_historicalresearchoutput` WRITE;
/*!40000 ALTER TABLE `research_output_historicalresearchoutput` DISABLE KEYS */;
/*!40000 ALTER TABLE `research_output_historicalresearchoutput` ENABLE KEYS */;
UNLOCK TABLES;

--
-- Table structure for table `research_output_researchoutput`
--

DROP TABLE IF EXISTS `research_output_researchoutput`;
/*!40101 SET @saved_cs_client     = @@character_set_client */;
/*!40101 SET character_set_client = utf8 */;
CREATE TABLE `research_output_researchoutput` (
  `id` int(11) NOT NULL AUTO_INCREMENT,
  `modified` datetime(6) NOT NULL,
  `title` varchar(128) NOT NULL,
  `description` longtext NOT NULL,
  `created` datetime(6) NOT NULL,
  `created_by_id` int(11) DEFAULT NULL,
  `project_id` int(11) NOT NULL,
  PRIMARY KEY (`id`),
  KEY `research_output_rese_created_by_id_7104bdb3_fk_auth_user` (`created_by_id`),
  KEY `research_output_rese_project_id_9515e307_fk_project_p` (`project_id`),
  CONSTRAINT `research_output_rese_created_by_id_7104bdb3_fk_auth_user` FOREIGN KEY (`created_by_id`) REFERENCES `auth_user` (`id`),
  CONSTRAINT `research_output_rese_project_id_9515e307_fk_project_p` FOREIGN KEY (`project_id`) REFERENCES `project_project` (`id`)
) ENGINE=InnoDB DEFAULT CHARSET=latin1 COLLATE=latin1_swedish_ci;
/*!40101 SET character_set_client = @saved_cs_client */;

--
-- Dumping data for table `research_output_researchoutput`
--

LOCK TABLES `research_output_researchoutput` WRITE;
/*!40000 ALTER TABLE `research_output_researchoutput` DISABLE KEYS */;
/*!40000 ALTER TABLE `research_output_researchoutput` ENABLE KEYS */;
UNLOCK TABLES;

--
-- Table structure for table `resource_attributetype`
--

DROP TABLE IF EXISTS `resource_attributetype`;
/*!40101 SET @saved_cs_client     = @@character_set_client */;
/*!40101 SET character_set_client = utf8 */;
CREATE TABLE `resource_attributetype` (
  `id` int(11) NOT NULL AUTO_INCREMENT,
  `created` datetime(6) NOT NULL,
  `modified` datetime(6) NOT NULL,
  `name` varchar(128) NOT NULL,
  PRIMARY KEY (`id`),
  UNIQUE KEY `name` (`name`)
) ENGINE=InnoDB AUTO_INCREMENT=8 DEFAULT CHARSET=latin1 COLLATE=latin1_swedish_ci;
/*!40101 SET character_set_client = @saved_cs_client */;

--
-- Dumping data for table `resource_attributetype`
--

LOCK TABLES `resource_attributetype` WRITE;
/*!40000 ALTER TABLE `resource_attributetype` DISABLE KEYS */;
INSERT INTO `resource_attributetype` VALUES (1,'2023-04-20 15:08:38.565600','2023-04-20 15:08:38.565600','Active/Inactive'),(2,'2023-04-20 15:08:38.568263','2023-04-20 15:08:38.568263','Date'),(3,'2023-04-20 15:08:38.572109','2023-04-20 15:08:38.572109','Int'),(4,'2023-04-20 15:08:38.574998','2023-04-20 15:08:38.574998','Public/Private'),(5,'2023-04-20 15:08:38.577124','2023-04-20 15:08:38.577124','Text'),(6,'2023-04-20 15:08:38.579112','2023-04-20 15:08:38.579112','Yes/No'),(7,'2023-04-20 15:08:38.581456','2023-04-20 15:08:38.581456','Attribute Expanded Text');
/*!40000 ALTER TABLE `resource_attributetype` ENABLE KEYS */;
UNLOCK TABLES;

--
-- Table structure for table `resource_historicalresource`
--

DROP TABLE IF EXISTS `resource_historicalresource`;
/*!40101 SET @saved_cs_client     = @@character_set_client */;
/*!40101 SET character_set_client = utf8 */;
CREATE TABLE `resource_historicalresource` (
  `id` int(11) NOT NULL,
  `created` datetime(6) NOT NULL,
  `modified` datetime(6) NOT NULL,
  `name` varchar(128) NOT NULL,
  `description` longtext NOT NULL,
  `is_available` tinyint(1) NOT NULL,
  `is_public` tinyint(1) NOT NULL,
  `is_allocatable` tinyint(1) NOT NULL,
  `requires_payment` tinyint(1) NOT NULL,
  `history_id` int(11) NOT NULL AUTO_INCREMENT,
  `history_date` datetime(6) NOT NULL,
  `history_change_reason` varchar(100) DEFAULT NULL,
  `history_type` varchar(1) NOT NULL,
  `history_user_id` int(11) DEFAULT NULL,
  `parent_resource_id` int(11) DEFAULT NULL,
  `resource_type_id` int(11) DEFAULT NULL,
  PRIMARY KEY (`history_id`),
  KEY `resource_historicalr_history_user_id_f6f03577_fk_auth_user` (`history_user_id`),
  KEY `resource_historicalresource_id_594146c4` (`id`),
  KEY `resource_historicalresource_name_f0a813a3` (`name`),
  KEY `resource_historicalresource_parent_resource_id_9ad85a19` (`parent_resource_id`),
  KEY `resource_historicalresource_resource_type_id_dbde5e8a` (`resource_type_id`),
  CONSTRAINT `resource_historicalr_history_user_id_f6f03577_fk_auth_user` FOREIGN KEY (`history_user_id`) REFERENCES `auth_user` (`id`)
) ENGINE=InnoDB AUTO_INCREMENT=4 DEFAULT CHARSET=latin1 COLLATE=latin1_swedish_ci;
/*!40101 SET character_set_client = @saved_cs_client */;

--
-- Dumping data for table `resource_historicalresource`
--

LOCK TABLES `resource_historicalresource` WRITE;
/*!40000 ALTER TABLE `resource_historicalresource` DISABLE KEYS */;
INSERT INTO `resource_historicalresource` VALUES (1,'2023-04-20 20:10:29.602181','2023-04-20 20:10:29.602181','hpc','our hpc cluster',1,1,1,0,1,'2023-04-20 20:10:29.614476',NULL,'+',1,NULL,2),(2,'2023-04-20 20:12:11.338481','2023-04-20 20:12:11.338481','project storage','our project storage',1,1,1,0,2,'2023-04-20 20:12:11.349026',NULL,'+',1,NULL,7),(3,'2023-04-20 20:12:46.122273','2023-04-20 20:12:46.122273','on-prem cloud','Our on-prem cloud',1,1,1,0,3,'2023-04-20 20:12:46.126962',NULL,'+',1,NULL,1);
/*!40000 ALTER TABLE `resource_historicalresource` ENABLE KEYS */;
UNLOCK TABLES;

--
-- Table structure for table `resource_historicalresourceattribute`
--

DROP TABLE IF EXISTS `resource_historicalresourceattribute`;
/*!40101 SET @saved_cs_client     = @@character_set_client */;
/*!40101 SET character_set_client = utf8 */;
CREATE TABLE `resource_historicalresourceattribute` (
  `id` int(11) NOT NULL,
  `created` datetime(6) NOT NULL,
  `modified` datetime(6) NOT NULL,
  `value` longtext NOT NULL,
  `history_id` int(11) NOT NULL AUTO_INCREMENT,
  `history_date` datetime(6) NOT NULL,
  `history_change_reason` varchar(100) DEFAULT NULL,
  `history_type` varchar(1) NOT NULL,
  `history_user_id` int(11) DEFAULT NULL,
  `resource_id` int(11) DEFAULT NULL,
  `resource_attribute_type_id` int(11) DEFAULT NULL,
  PRIMARY KEY (`history_id`),
  KEY `resource_historicalr_history_user_id_784c62a3_fk_auth_user` (`history_user_id`),
  KEY `resource_historicalresourceattribute_id_62d5ab14` (`id`),
  KEY `resource_historicalresourceattribute_resource_id_ce29c043` (`resource_id`),
  KEY `resource_historicalresource_resource_attribute_type_id_7489af5c` (`resource_attribute_type_id`),
  CONSTRAINT `resource_historicalr_history_user_id_784c62a3_fk_auth_user` FOREIGN KEY (`history_user_id`) REFERENCES `auth_user` (`id`)
) ENGINE=InnoDB AUTO_INCREMENT=6 DEFAULT CHARSET=latin1 COLLATE=latin1_swedish_ci;
/*!40101 SET character_set_client = @saved_cs_client */;

--
-- Dumping data for table `resource_historicalresourceattribute`
--

LOCK TABLES `resource_historicalresourceattribute` WRITE;
/*!40000 ALTER TABLE `resource_historicalresourceattribute` DISABLE KEYS */;
INSERT INTO `resource_historicalresourceattribute` VALUES (1,'2023-04-20 20:10:29.606619','2023-04-20 20:10:29.606619','hpc',1,'2023-04-20 20:10:29.624787',NULL,'+',1,1,12),(2,'2023-04-20 20:10:29.606878','2023-04-20 20:10:29.606878','Yes',2,'2023-04-20 20:10:29.627146',NULL,'+',1,1,9),(3,'2023-04-20 20:12:11.342153','2023-04-20 20:12:11.342153','Enter storage in 1TB increments',3,'2023-04-20 20:12:11.361618',NULL,'+',1,2,7),(4,'2023-04-20 20:12:11.342383','2023-04-20 20:12:11.342383','1',4,'2023-04-20 20:12:11.362775',NULL,'+',1,2,6),(5,'2023-04-20 20:12:11.342560','2023-04-20 20:12:11.342560','Yes',5,'2023-04-20 20:12:11.371317',NULL,'+',1,2,9);
/*!40000 ALTER TABLE `resource_historicalresourceattribute` ENABLE KEYS */;
UNLOCK TABLES;

--
-- Table structure for table `resource_historicalresourceattributetype`
--

DROP TABLE IF EXISTS `resource_historicalresourceattributetype`;
/*!40101 SET @saved_cs_client     = @@character_set_client */;
/*!40101 SET character_set_client = utf8 */;
CREATE TABLE `resource_historicalresourceattributetype` (
  `id` int(11) NOT NULL,
  `created` datetime(6) NOT NULL,
  `modified` datetime(6) NOT NULL,
  `name` varchar(128) NOT NULL,
  `is_required` tinyint(1) NOT NULL,
  `is_unique_per_resource` tinyint(1) NOT NULL,
  `is_value_unique` tinyint(1) NOT NULL,
  `history_id` int(11) NOT NULL AUTO_INCREMENT,
  `history_date` datetime(6) NOT NULL,
  `history_change_reason` varchar(100) DEFAULT NULL,
  `history_type` varchar(1) NOT NULL,
  `attribute_type_id` int(11) DEFAULT NULL,
  `history_user_id` int(11) DEFAULT NULL,
  PRIMARY KEY (`history_id`),
  KEY `resource_historicalr_history_user_id_af1569e7_fk_auth_user` (`history_user_id`),
  KEY `resource_historicalresourceattributetype_id_41558353` (`id`),
  KEY `resource_historicalresource_attribute_type_id_5a5294dd` (`attribute_type_id`),
  CONSTRAINT `resource_historicalr_history_user_id_af1569e7_fk_auth_user` FOREIGN KEY (`history_user_id`) REFERENCES `auth_user` (`id`)
) ENGINE=InnoDB AUTO_INCREMENT=22 DEFAULT CHARSET=latin1 COLLATE=latin1_swedish_ci;
/*!40101 SET character_set_client = @saved_cs_client */;

--
-- Dumping data for table `resource_historicalresourceattributetype`
--

LOCK TABLES `resource_historicalresourceattributetype` WRITE;
/*!40000 ALTER TABLE `resource_historicalresourceattributetype` DISABLE KEYS */;
INSERT INTO `resource_historicalresourceattributetype` VALUES (1,'2023-04-20 15:08:38.585372','2023-04-20 15:08:38.585372','Core Count',0,0,0,1,'2023-04-20 15:08:38.585961',NULL,'+',3,NULL),(2,'2023-04-20 15:08:38.589206','2023-04-20 15:08:38.589206','expiry_time',0,0,0,2,'2023-04-20 15:08:38.589677',NULL,'+',3,NULL),(3,'2023-04-20 15:08:38.594625','2023-04-20 15:08:38.594625','fee_applies',0,0,0,3,'2023-04-20 15:08:38.595078',NULL,'+',6,NULL),(4,'2023-04-20 15:08:38.598558','2023-04-20 15:08:38.598558','Node Count',0,0,0,4,'2023-04-20 15:08:38.599057',NULL,'+',3,NULL),(5,'2023-04-20 15:08:38.601789','2023-04-20 15:08:38.601789','Owner',0,0,0,5,'2023-04-20 15:08:38.602190',NULL,'+',5,NULL),(6,'2023-04-20 15:08:38.606155','2023-04-20 15:08:38.606155','quantity_default_value',0,0,0,6,'2023-04-20 15:08:38.606677',NULL,'+',3,NULL),(7,'2023-04-20 15:08:38.610160','2023-04-20 15:08:38.610160','quantity_label',0,0,0,7,'2023-04-20 15:08:38.610764',NULL,'+',5,NULL),(8,'2023-04-20 15:08:38.614695','2023-04-20 15:08:38.614695','eula',0,0,0,8,'2023-04-20 15:08:38.615170',NULL,'+',5,NULL),(9,'2023-04-20 15:08:38.618843','2023-04-20 15:08:38.618843','OnDemand',0,0,0,9,'2023-04-20 15:08:38.619272',NULL,'+',6,NULL),(10,'2023-04-20 15:08:38.625563','2023-04-20 15:08:38.625563','ServiceEnd',0,0,0,10,'2023-04-20 15:08:38.626023',NULL,'+',2,NULL),(11,'2023-04-20 15:08:38.629153','2023-04-20 15:08:38.629153','ServiceStart',0,0,0,11,'2023-04-20 15:08:38.629574',NULL,'+',2,NULL),(12,'2023-04-20 15:08:38.633841','2023-04-20 15:08:38.633841','slurm_cluster',0,0,0,12,'2023-04-20 15:08:38.634269',NULL,'+',5,NULL),(13,'2023-04-20 15:08:38.637556','2023-04-20 15:08:38.637556','slurm_specs',0,0,0,13,'2023-04-20 15:08:38.637976',NULL,'+',7,NULL),(14,'2023-04-20 15:08:38.641140','2023-04-20 15:08:38.641140','slurm_specs_attriblist',0,0,0,14,'2023-04-20 15:08:38.641572',NULL,'+',5,NULL),(15,'2023-04-20 15:08:38.645516','2023-04-20 15:08:38.645516','Status',0,0,0,15,'2023-04-20 15:08:38.645966',NULL,'+',4,NULL),(16,'2023-04-20 15:08:38.648982','2023-04-20 15:08:38.648982','Vendor',0,0,0,16,'2023-04-20 15:08:38.649401',NULL,'+',5,NULL),(17,'2023-04-20 15:08:38.653582','2023-04-20 15:08:38.653582','Model',0,0,0,17,'2023-04-20 15:08:38.653959',NULL,'+',5,NULL),(18,'2023-04-20 15:08:38.657316','2023-04-20 15:08:38.657316','SerialNumber',0,0,0,18,'2023-04-20 15:08:38.657703',NULL,'+',5,NULL),(19,'2023-04-20 15:08:38.661032','2023-04-20 15:08:38.661032','RackUnits',0,0,0,19,'2023-04-20 15:08:38.661435',NULL,'+',3,NULL),(20,'2023-04-20 15:08:38.664514','2023-04-20 15:08:38.664514','InstallDate',0,0,0,20,'2023-04-20 15:08:38.664962',NULL,'+',2,NULL),(21,'2023-04-20 15:08:38.668530','2023-04-20 15:08:38.668530','WarrantyExpirationDate',0,0,0,21,'2023-04-20 15:08:38.668923',NULL,'+',2,NULL);
/*!40000 ALTER TABLE `resource_historicalresourceattributetype` ENABLE KEYS */;
UNLOCK TABLES;

--
-- Table structure for table `resource_historicalresourcetype`
--

DROP TABLE IF EXISTS `resource_historicalresourcetype`;
/*!40101 SET @saved_cs_client     = @@character_set_client */;
/*!40101 SET character_set_client = utf8 */;
CREATE TABLE `resource_historicalresourcetype` (
  `id` int(11) NOT NULL,
  `created` datetime(6) NOT NULL,
  `modified` datetime(6) NOT NULL,
  `name` varchar(128) NOT NULL,
  `description` varchar(255) NOT NULL,
  `history_id` int(11) NOT NULL AUTO_INCREMENT,
  `history_date` datetime(6) NOT NULL,
  `history_change_reason` varchar(100) DEFAULT NULL,
  `history_type` varchar(1) NOT NULL,
  `history_user_id` int(11) DEFAULT NULL,
  PRIMARY KEY (`history_id`),
  KEY `resource_historicalr_history_user_id_ac78b9c2_fk_auth_user` (`history_user_id`),
  KEY `resource_historicalresourcetype_id_131a4f33` (`id`),
  KEY `resource_historicalresourcetype_name_602659fc` (`name`),
  CONSTRAINT `resource_historicalr_history_user_id_ac78b9c2_fk_auth_user` FOREIGN KEY (`history_user_id`) REFERENCES `auth_user` (`id`)
) ENGINE=InnoDB AUTO_INCREMENT=8 DEFAULT CHARSET=latin1 COLLATE=latin1_swedish_ci;
/*!40101 SET character_set_client = @saved_cs_client */;

--
-- Dumping data for table `resource_historicalresourcetype`
--

LOCK TABLES `resource_historicalresourcetype` WRITE;
/*!40000 ALTER TABLE `resource_historicalresourcetype` DISABLE KEYS */;
INSERT INTO `resource_historicalresourcetype` VALUES (1,'2023-04-20 15:08:38.672085','2023-04-20 15:08:38.672085','Cloud','Cloud Computing',1,'2023-04-20 15:08:38.672522',NULL,'+',NULL),(2,'2023-04-20 15:08:38.675348','2023-04-20 15:08:38.675348','Cluster','Cluster servers',2,'2023-04-20 15:08:38.675724',NULL,'+',NULL),(3,'2023-04-20 15:08:38.678939','2023-04-20 15:08:38.678939','Cluster Partition','Cluster Partition ',3,'2023-04-20 15:08:38.679344',NULL,'+',NULL),(4,'2023-04-20 15:08:38.681645','2023-04-20 15:08:38.681645','Compute Node','Compute Node',4,'2023-04-20 15:08:38.682000',NULL,'+',NULL),(5,'2023-04-20 15:08:38.684374','2023-04-20 15:08:38.684374','Server','Extra servers providing various services',5,'2023-04-20 15:08:38.684717',NULL,'+',NULL),(6,'2023-04-20 15:08:38.688140','2023-04-20 15:08:38.688140','Software License','Software license purchased by users',6,'2023-04-20 15:08:38.688512',NULL,'+',NULL),(7,'2023-04-20 15:08:38.691098','2023-04-20 15:08:38.691098','Storage','NAS storage',7,'2023-04-20 15:08:38.691495',NULL,'+',NULL);
/*!40000 ALTER TABLE `resource_historicalresourcetype` ENABLE KEYS */;
UNLOCK TABLES;

--
-- Table structure for table `resource_resource`
--

DROP TABLE IF EXISTS `resource_resource`;
/*!40101 SET @saved_cs_client     = @@character_set_client */;
/*!40101 SET character_set_client = utf8 */;
CREATE TABLE `resource_resource` (
  `id` int(11) NOT NULL AUTO_INCREMENT,
  `created` datetime(6) NOT NULL,
  `modified` datetime(6) NOT NULL,
  `name` varchar(128) NOT NULL,
  `description` longtext NOT NULL,
  `is_available` tinyint(1) NOT NULL,
  `is_public` tinyint(1) NOT NULL,
  `is_allocatable` tinyint(1) NOT NULL,
  `requires_payment` tinyint(1) NOT NULL,
  `parent_resource_id` int(11) DEFAULT NULL,
  `resource_type_id` int(11) NOT NULL,
  PRIMARY KEY (`id`),
  UNIQUE KEY `name` (`name`),
  KEY `resource_resource_parent_resource_id_4da996fe_fk_resource_` (`parent_resource_id`),
  KEY `resource_resource_resource_type_id_f6e3f0b8_fk_resource_` (`resource_type_id`),
  CONSTRAINT `resource_resource_parent_resource_id_4da996fe_fk_resource_` FOREIGN KEY (`parent_resource_id`) REFERENCES `resource_resource` (`id`),
  CONSTRAINT `resource_resource_resource_type_id_f6e3f0b8_fk_resource_` FOREIGN KEY (`resource_type_id`) REFERENCES `resource_resourcetype` (`id`)
) ENGINE=InnoDB AUTO_INCREMENT=4 DEFAULT CHARSET=latin1 COLLATE=latin1_swedish_ci;
/*!40101 SET character_set_client = @saved_cs_client */;

--
-- Dumping data for table `resource_resource`
--

LOCK TABLES `resource_resource` WRITE;
/*!40000 ALTER TABLE `resource_resource` DISABLE KEYS */;
INSERT INTO `resource_resource` VALUES (1,'2023-04-20 20:10:29.602181','2023-04-20 20:10:29.602181','hpc','our hpc cluster',1,1,1,0,NULL,2),(2,'2023-04-20 20:12:11.338481','2023-04-20 20:12:11.338481','project storage','our project storage',1,1,1,0,NULL,7),(3,'2023-04-20 20:12:46.122273','2023-04-20 20:12:46.122273','on-prem cloud','Our on-prem cloud',1,1,1,0,NULL,1);
/*!40000 ALTER TABLE `resource_resource` ENABLE KEYS */;
UNLOCK TABLES;

--
-- Table structure for table `resource_resource_allowed_groups`
--

DROP TABLE IF EXISTS `resource_resource_allowed_groups`;
/*!40101 SET @saved_cs_client     = @@character_set_client */;
/*!40101 SET character_set_client = utf8 */;
CREATE TABLE `resource_resource_allowed_groups` (
  `id` int(11) NOT NULL AUTO_INCREMENT,
  `resource_id` int(11) NOT NULL,
  `group_id` int(11) NOT NULL,
  PRIMARY KEY (`id`),
  UNIQUE KEY `resource_resource_allowe_resource_id_group_id_7e58382e_uniq` (`resource_id`,`group_id`),
  KEY `resource_resource_al_group_id_8b9ff1e8_fk_auth_grou` (`group_id`),
  CONSTRAINT `resource_resource_al_group_id_8b9ff1e8_fk_auth_grou` FOREIGN KEY (`group_id`) REFERENCES `auth_group` (`id`),
  CONSTRAINT `resource_resource_al_resource_id_d58f1ca5_fk_resource_` FOREIGN KEY (`resource_id`) REFERENCES `resource_resource` (`id`)
) ENGINE=InnoDB DEFAULT CHARSET=latin1 COLLATE=latin1_swedish_ci;
/*!40101 SET character_set_client = @saved_cs_client */;

--
-- Dumping data for table `resource_resource_allowed_groups`
--

LOCK TABLES `resource_resource_allowed_groups` WRITE;
/*!40000 ALTER TABLE `resource_resource_allowed_groups` DISABLE KEYS */;
/*!40000 ALTER TABLE `resource_resource_allowed_groups` ENABLE KEYS */;
UNLOCK TABLES;

--
-- Table structure for table `resource_resource_allowed_users`
--

DROP TABLE IF EXISTS `resource_resource_allowed_users`;
/*!40101 SET @saved_cs_client     = @@character_set_client */;
/*!40101 SET character_set_client = utf8 */;
CREATE TABLE `resource_resource_allowed_users` (
  `id` int(11) NOT NULL AUTO_INCREMENT,
  `resource_id` int(11) NOT NULL,
  `user_id` int(11) NOT NULL,
  PRIMARY KEY (`id`),
  UNIQUE KEY `resource_resource_allowe_resource_id_user_id_50070a52_uniq` (`resource_id`,`user_id`),
  KEY `resource_resource_allowed_users_user_id_abdf284c_fk_auth_user_id` (`user_id`),
  CONSTRAINT `resource_resource_al_resource_id_8b6b9078_fk_resource_` FOREIGN KEY (`resource_id`) REFERENCES `resource_resource` (`id`),
  CONSTRAINT `resource_resource_allowed_users_user_id_abdf284c_fk_auth_user_id` FOREIGN KEY (`user_id`) REFERENCES `auth_user` (`id`)
) ENGINE=InnoDB DEFAULT CHARSET=latin1 COLLATE=latin1_swedish_ci;
/*!40101 SET character_set_client = @saved_cs_client */;

--
-- Dumping data for table `resource_resource_allowed_users`
--

LOCK TABLES `resource_resource_allowed_users` WRITE;
/*!40000 ALTER TABLE `resource_resource_allowed_users` DISABLE KEYS */;
/*!40000 ALTER TABLE `resource_resource_allowed_users` ENABLE KEYS */;
UNLOCK TABLES;

--
-- Table structure for table `resource_resource_linked_resources`
--

DROP TABLE IF EXISTS `resource_resource_linked_resources`;
/*!40101 SET @saved_cs_client     = @@character_set_client */;
/*!40101 SET character_set_client = utf8 */;
CREATE TABLE `resource_resource_linked_resources` (
  `id` int(11) NOT NULL AUTO_INCREMENT,
  `from_resource_id` int(11) NOT NULL,
  `to_resource_id` int(11) NOT NULL,
  PRIMARY KEY (`id`),
  UNIQUE KEY `resource_resource_linked_from_resource_id_to_reso_bf0716f9_uniq` (`from_resource_id`,`to_resource_id`),
  KEY `resource_resource_li_to_resource_id_7d66ce92_fk_resource_` (`to_resource_id`),
  CONSTRAINT `resource_resource_li_from_resource_id_5293faea_fk_resource_` FOREIGN KEY (`from_resource_id`) REFERENCES `resource_resource` (`id`),
  CONSTRAINT `resource_resource_li_to_resource_id_7d66ce92_fk_resource_` FOREIGN KEY (`to_resource_id`) REFERENCES `resource_resource` (`id`)
) ENGINE=InnoDB DEFAULT CHARSET=latin1 COLLATE=latin1_swedish_ci;
/*!40101 SET character_set_client = @saved_cs_client */;

--
-- Dumping data for table `resource_resource_linked_resources`
--

LOCK TABLES `resource_resource_linked_resources` WRITE;
/*!40000 ALTER TABLE `resource_resource_linked_resources` DISABLE KEYS */;
/*!40000 ALTER TABLE `resource_resource_linked_resources` ENABLE KEYS */;
UNLOCK TABLES;

--
-- Table structure for table `resource_resourceattribute`
--

DROP TABLE IF EXISTS `resource_resourceattribute`;
/*!40101 SET @saved_cs_client     = @@character_set_client */;
/*!40101 SET character_set_client = utf8 */;
CREATE TABLE `resource_resourceattribute` (
  `id` int(11) NOT NULL AUTO_INCREMENT,
  `created` datetime(6) NOT NULL,
  `modified` datetime(6) NOT NULL,
  `value` longtext NOT NULL,
  `resource_id` int(11) NOT NULL,
  `resource_attribute_type_id` int(11) NOT NULL,
  PRIMARY KEY (`id`),
  UNIQUE KEY `resource_resourceattribu_resource_attribute_type__96aa4a91_uniq` (`resource_attribute_type_id`,`resource_id`),
  KEY `resource_resourceatt_resource_id_b14a0540_fk_resource_` (`resource_id`),
  CONSTRAINT `resource_resourceatt_resource_attribute_t_fef6d610_fk_resource_` FOREIGN KEY (`resource_attribute_type_id`) REFERENCES `resource_resourceattributetype` (`id`),
  CONSTRAINT `resource_resourceatt_resource_id_b14a0540_fk_resource_` FOREIGN KEY (`resource_id`) REFERENCES `resource_resource` (`id`)
) ENGINE=InnoDB AUTO_INCREMENT=6 DEFAULT CHARSET=latin1 COLLATE=latin1_swedish_ci;
/*!40101 SET character_set_client = @saved_cs_client */;

--
-- Dumping data for table `resource_resourceattribute`
--

LOCK TABLES `resource_resourceattribute` WRITE;
/*!40000 ALTER TABLE `resource_resourceattribute` DISABLE KEYS */;
INSERT INTO `resource_resourceattribute` VALUES (1,'2023-04-20 20:10:29.606619','2023-04-20 20:10:29.606619','hpc',1,12),(2,'2023-04-20 20:10:29.606878','2023-04-20 20:10:29.606878','Yes',1,9),(3,'2023-04-20 20:12:11.342153','2023-04-20 20:12:11.342153','Enter storage in 1TB increments',2,7),(4,'2023-04-20 20:12:11.342383','2023-04-20 20:12:11.342383','1',2,6),(5,'2023-04-20 20:12:11.342560','2023-04-20 20:12:11.342560','Yes',2,9);
/*!40000 ALTER TABLE `resource_resourceattribute` ENABLE KEYS */;
UNLOCK TABLES;

--
-- Table structure for table `resource_resourceattributetype`
--

DROP TABLE IF EXISTS `resource_resourceattributetype`;
/*!40101 SET @saved_cs_client     = @@character_set_client */;
/*!40101 SET character_set_client = utf8 */;
CREATE TABLE `resource_resourceattributetype` (
  `id` int(11) NOT NULL AUTO_INCREMENT,
  `created` datetime(6) NOT NULL,
  `modified` datetime(6) NOT NULL,
  `name` varchar(128) NOT NULL,
  `is_required` tinyint(1) NOT NULL,
  `is_unique_per_resource` tinyint(1) NOT NULL,
  `is_value_unique` tinyint(1) NOT NULL,
  `attribute_type_id` int(11) NOT NULL,
  PRIMARY KEY (`id`),
  KEY `resource_resourceatt_attribute_type_id_7116f06a_fk_resource_` (`attribute_type_id`),
  CONSTRAINT `resource_resourceatt_attribute_type_id_7116f06a_fk_resource_` FOREIGN KEY (`attribute_type_id`) REFERENCES `resource_attributetype` (`id`)
) ENGINE=InnoDB AUTO_INCREMENT=22 DEFAULT CHARSET=latin1 COLLATE=latin1_swedish_ci;
/*!40101 SET character_set_client = @saved_cs_client */;

--
-- Dumping data for table `resource_resourceattributetype`
--

LOCK TABLES `resource_resourceattributetype` WRITE;
/*!40000 ALTER TABLE `resource_resourceattributetype` DISABLE KEYS */;
INSERT INTO `resource_resourceattributetype` VALUES (1,'2023-04-20 15:08:38.585372','2023-04-20 15:08:38.585372','Core Count',0,0,0,3),(2,'2023-04-20 15:08:38.589206','2023-04-20 15:08:38.589206','expiry_time',0,0,0,3),(3,'2023-04-20 15:08:38.594625','2023-04-20 15:08:38.594625','fee_applies',0,0,0,6),(4,'2023-04-20 15:08:38.598558','2023-04-20 15:08:38.598558','Node Count',0,0,0,3),(5,'2023-04-20 15:08:38.601789','2023-04-20 15:08:38.601789','Owner',0,0,0,5),(6,'2023-04-20 15:08:38.606155','2023-04-20 15:08:38.606155','quantity_default_value',0,0,0,3),(7,'2023-04-20 15:08:38.610160','2023-04-20 15:08:38.610160','quantity_label',0,0,0,5),(8,'2023-04-20 15:08:38.614695','2023-04-20 15:08:38.614695','eula',0,0,0,5),(9,'2023-04-20 15:08:38.618843','2023-04-20 15:08:38.618843','OnDemand',0,0,0,6),(10,'2023-04-20 15:08:38.625563','2023-04-20 15:08:38.625563','ServiceEnd',0,0,0,2),(11,'2023-04-20 15:08:38.629153','2023-04-20 15:08:38.629153','ServiceStart',0,0,0,2),(12,'2023-04-20 15:08:38.633841','2023-04-20 15:08:38.633841','slurm_cluster',0,0,0,5),(13,'2023-04-20 15:08:38.637556','2023-04-20 15:08:38.637556','slurm_specs',0,0,0,7),(14,'2023-04-20 15:08:38.641140','2023-04-20 15:08:38.641140','slurm_specs_attriblist',0,0,0,5),(15,'2023-04-20 15:08:38.645516','2023-04-20 15:08:38.645516','Status',0,0,0,4),(16,'2023-04-20 15:08:38.648982','2023-04-20 15:08:38.648982','Vendor',0,0,0,5),(17,'2023-04-20 15:08:38.653582','2023-04-20 15:08:38.653582','Model',0,0,0,5),(18,'2023-04-20 15:08:38.657316','2023-04-20 15:08:38.657316','SerialNumber',0,0,0,5),(19,'2023-04-20 15:08:38.661032','2023-04-20 15:08:38.661032','RackUnits',0,0,0,3),(20,'2023-04-20 15:08:38.664514','2023-04-20 15:08:38.664514','InstallDate',0,0,0,2),(21,'2023-04-20 15:08:38.668530','2023-04-20 15:08:38.668530','WarrantyExpirationDate',0,0,0,2);
/*!40000 ALTER TABLE `resource_resourceattributetype` ENABLE KEYS */;
UNLOCK TABLES;

--
-- Table structure for table `resource_resourcetype`
--

DROP TABLE IF EXISTS `resource_resourcetype`;
/*!40101 SET @saved_cs_client     = @@character_set_client */;
/*!40101 SET character_set_client = utf8 */;
CREATE TABLE `resource_resourcetype` (
  `id` int(11) NOT NULL AUTO_INCREMENT,
  `created` datetime(6) NOT NULL,
  `modified` datetime(6) NOT NULL,
  `name` varchar(128) NOT NULL,
  `description` varchar(255) NOT NULL,
  PRIMARY KEY (`id`),
  UNIQUE KEY `name` (`name`)
) ENGINE=InnoDB AUTO_INCREMENT=8 DEFAULT CHARSET=latin1 COLLATE=latin1_swedish_ci;
/*!40101 SET character_set_client = @saved_cs_client */;

--
-- Dumping data for table `resource_resourcetype`
--

LOCK TABLES `resource_resourcetype` WRITE;
/*!40000 ALTER TABLE `resource_resourcetype` DISABLE KEYS */;
INSERT INTO `resource_resourcetype` VALUES (1,'2023-04-20 15:08:38.672085','2023-04-20 15:08:38.672085','Cloud','Cloud Computing'),(2,'2023-04-20 15:08:38.675348','2023-04-20 15:08:38.675348','Cluster','Cluster servers'),(3,'2023-04-20 15:08:38.678939','2023-04-20 15:08:38.678939','Cluster Partition','Cluster Partition '),(4,'2023-04-20 15:08:38.681645','2023-04-20 15:08:38.681645','Compute Node','Compute Node'),(5,'2023-04-20 15:08:38.684374','2023-04-20 15:08:38.684374','Server','Extra servers providing various services'),(6,'2023-04-20 15:08:38.688140','2023-04-20 15:08:38.688140','Software License','Software license purchased by users'),(7,'2023-04-20 15:08:38.691098','2023-04-20 15:08:38.691098','Storage','NAS storage');
/*!40000 ALTER TABLE `resource_resourcetype` ENABLE KEYS */;
UNLOCK TABLES;

--
-- Table structure for table `user_userprofile`
--

DROP TABLE IF EXISTS `user_userprofile`;
/*!40101 SET @saved_cs_client     = @@character_set_client */;
/*!40101 SET character_set_client = utf8 */;
CREATE TABLE `user_userprofile` (
  `id` int(11) NOT NULL AUTO_INCREMENT,
  `is_pi` tinyint(1) NOT NULL,
  `user_id` int(11) NOT NULL,
  PRIMARY KEY (`id`),
  UNIQUE KEY `user_id` (`user_id`),
  CONSTRAINT `user_userprofile_user_id_2474538d_fk_auth_user_id` FOREIGN KEY (`user_id`) REFERENCES `auth_user` (`id`)
) ENGINE=InnoDB AUTO_INCREMENT=7 DEFAULT CHARSET=latin1 COLLATE=latin1_swedish_ci;
/*!40101 SET character_set_client = @saved_cs_client */;

--
-- Dumping data for table `user_userprofile`
--

LOCK TABLES `user_userprofile` WRITE;
/*!40000 ALTER TABLE `user_userprofile` DISABLE KEYS */;
INSERT INTO `user_userprofile` VALUES (1,0,1),(2,0,2),(3,1,3),(4,0,4),(5,0,5),(6,0,6);
/*!40000 ALTER TABLE `user_userprofile` ENABLE KEYS */;
UNLOCK TABLES;
/*!40103 SET TIME_ZONE=@OLD_TIME_ZONE */;

/*!40101 SET SQL_MODE=@OLD_SQL_MODE */;
/*!40014 SET FOREIGN_KEY_CHECKS=@OLD_FOREIGN_KEY_CHECKS */;
/*!40014 SET UNIQUE_CHECKS=@OLD_UNIQUE_CHECKS */;
/*!40101 SET CHARACTER_SET_CLIENT=@OLD_CHARACTER_SET_CLIENT */;
/*!40101 SET CHARACTER_SET_RESULTS=@OLD_CHARACTER_SET_RESULTS */;
/*!40101 SET COLLATION_CONNECTION=@OLD_COLLATION_CONNECTION */;
/*!40111 SET SQL_NOTES=@OLD_SQL_NOTES */;

-- Dump completed on 2023-07-07 15:36:44
